x_m,y_m,object_yaw_deg,success,failed_stage,pregrasp_m,grasp_m,grasp_yaw_deg,tilt_deg,planning_time_s
-0.700000,-0.700000,0.000000,0,PLAN_TOP_OBSERVE,nan,nan,nan,nan,0.000000
-0.700000,-0.700000,10.000000,0,PLAN_TOP_OBSERVE,nan,nan,nan,nan,0.000000
-0.700000,-0.700000,20.000000,0,PLAN_TOP_OBSERVE,nan,nan,nan,nan,0.000000
-0.700000,-0.700000,30.000000,0,PLAN_TOP_OBSERVE,nan,nan,nan,nan,0.000000
-0.700000,-0.700000,40.000000,0,PLAN_TOP_OBSERVE,nan,nan,nan,nan,0.000000
-0.700000,-0.700000,50.000000,0,PLAN_TOP_OBSERVE,nan,nan,nan,nan,0.000000
-0.700000,-0.700000,60.000000,0,PLAN_TOP_OBSERVE,nan,nan,nan,nan,0.000000
-0.700000,-0.700000,70.000000,0,PLAN_TOP_OBSERVE,nan,nan,nan,nan,0.000000
-0.700000,-0.700000,80.000000,0,PLAN_TOP_OBSERVE,nan,nan,nan,nan,0.000000
-0.650000,-0.700000,0.000000,0,PLAN_TOP_OBSERVE,nan,nan,nan,nan,0.000000
-0.650000,-0.700000,10.000000,0,PLAN_TOP_OBSERVE,nan,nan,nan,nan,0.000000
-0.650000,-0.700000,20.000000,0,PLAN_TOP_OBSERVE,nan,nan,nan,nan,0.000000
-0.650000,-0.700000,30.000000,0,PLAN_TOP_OBSERVE,nan,nan,nan,nan,0.000000
-0.650000,-0.700000,40.000000,0,PLAN_TOP_OBSERVE,nan,nan,nan,nan,0.000000
-0.650000,-0.700000,50.000000,0,PLAN_TOP_OBSERVE,nan,nan,nan,nan,0.000000
-0.650000,-0.700000,60.000000,0,PLAN_TOP_OBSERVE,nan,nan,nan,nan,0.000000
-0.650000,-0.700000,70.000000,0,PLAN_TOP_OBSERVE,nan,nan,nan,nan,0.000000
-0.650000,-0.700000,80.000000,0,PLAN_TOP_OBSERVE,nan,nan,nan,nan,0.000000
-0.600000,-0.700000,0.000000,0,PLAN_TOP_OBSERVE,nan,nan,nan,nan,0.000000
-0.600000,-0.700000,10.000000,0,PLAN_TOP_OBSERVE,nan,nan,nan,nan,0.000000
-0.600000,-0.700000,20.000000,0,PLAN_TOP_OBSERVE,nan,nan,nan,nan,0.000000
-0.600000,-0.700000,30.000000,0,PLAN_TOP_OBSERVE,nan,nan,nan,nan,0.000000
-0.600000,-0.700000,40.000000,0,PLAN_TOP_OBSERVE,nan,nan,nan,nan,0.000000
-0.600000,-0.700000,50.000000,0,PLAN_TOP_OBSERVE,nan,nan,nan,nan,0.000000
-0.600000,-0.700000,60.000000,0,PLAN_TOP_OBSERVE,nan,nan,nan,nan,0.000000
-0.600000,-0.700000,70.000000,0,PLAN_TOP_OBSERVE,nan,nan,nan,nan,0.000000
-0.600000,-0.700000,80.000000,0,PLAN_TOP_OBSERVE,nan,nan,nan,nan,0.000000
-0.550000,-0.700000,0.000000,0,PLAN_TOP_OBSERVE,nan,nan,nan,nan,0.000000
-0.550000,-0.700000,10.000000,0,PLAN_TOP_OBSERVE,nan,nan,nan,nan,0.000000
-0.550000,-0.700000,20.000000,0,PLAN_TOP_OBSERVE,nan,nan,nan,nan,0.000000
-0.550000,-0.700000,30.000000,0,PLAN_TOP_OBSERVE,nan,nan,nan,nan,0.000000
-0.550000,-0.700000,40.000000,0,PLAN_TOP_OBSERVE,nan,nan,nan,nan,0.000000
-0.550000,-0.700000,50.000000,0,PLAN_TOP_OBSERVE,nan,nan,nan,nan,0.000000
-0.550000,-0.700000,60.000000,0,PLAN_TOP_OBSERVE,nan,nan,nan,nan,0.000000
-0.550000,-0.700000,70.000000,0,PLAN_TOP_OBSERVE,nan,nan,nan,nan,0.000000
-0.550000,-0.700000,80.000000,0,PLAN_TOP_OBSERVE,nan,nan,nan,nan,0.000000
-0.500000,-0.700000,0.000000,0,PLAN_TOP_OBSERVE,nan,nan,nan,nan,0.000000
-0.500000,-0.700000,10.000000,0,PLAN_TOP_OBSERVE,nan,nan,nan,nan,0.000000
-0.500000,-0.700000,20.000000,0,PLAN_TOP_OBSERVE,nan,nan,nan,nan,0.000000
-0.500000,-0.700000,30.000000,0,PLAN_TOP_OBSERVE,nan,nan,nan,nan,0.000000
-0.500000,-0.700000,40.000000,0,PLAN_TOP_OBSERVE,nan,nan,nan,nan,0.000000
-0.500000,-0.700000,50.000000,0,PLAN_TOP_OBSERVE,nan,nan,nan,nan,0.000000
-0.500000,-0.700000,60.000000,0,PLAN_TOP_OBSERVE,nan,nan,nan,nan,0.000000
-0.500000,-0.700000,70.000000,0,PLAN_TOP_OBSERVE,nan,nan,nan,nan,0.000000
-0.500000,-0.700000,80.000000,0,PLAN_TOP_OBSERVE,nan,nan,nan,nan,0.000000
-0.450000,-0.700000,0.000000,0,PLAN_TOP_OBSERVE,nan,nan,nan,nan,0.000000
-0.450000,-0.700000,10.000000,0,PLAN_TOP_OBSERVE,nan,nan,nan,nan,0.000000
-0.450000,-0.700000,20.000000,0,PLAN_TOP_OBSERVE,nan,nan,nan,nan,0.000000
-0.450000,-0.700000,30.000000,0,PLAN_TOP_OBSERVE,nan,nan,nan,nan,0.000000
-0.450000,-0.700000,40.000000,0,PLAN_TOP_OBSERVE,nan,nan,nan,nan,0.000000
-0.450000,-0.700000,50.000000,0,PLAN_TOP_OBSERVE,nan,nan,nan,nan,0.000000
-0.450000,-0.700000,60.000000,0,PLAN_TOP_OBSERVE,nan,nan,nan,nan,0.000000
-0.450000,-0.700000,70.000000,0,PLAN_TOP_OBSERVE,nan,nan,nan,nan,0.000000
-0.450000,-0.700000,80.000000,0,PLAN_TOP_OBSERVE,nan,nan,nan,nan,0.000000
-0.400000,-0.700000,0.000000,0,PLAN_TOP_OBSERVE,nan,nan,nan,nan,0.000000
-0.400000,-0.700000,10.000000,0,PLAN_TOP_OBSERVE,nan,nan,nan,nan,0.000000
-0.400000,-0.700000,20.000000,0,PLAN_TOP_OBSERVE,nan,nan,nan,nan,0.000000
-0.400000,-0.700000,30.000000,0,PLAN_TOP_OBSERVE,nan,nan,nan,nan,0.000000
-0.400000,-0.700000,40.000000,0,PLAN_TOP_OBSERVE,nan,nan,nan,nan,0.000000
-0.400000,-0.700000,50.000000,0,PLAN_TOP_OBSERVE,nan,nan,nan,nan,0.000000
-0.400000,-0.700000,60.000000,0,PLAN_TOP_OBSERVE,nan,nan,nan,nan,0.000000
-0.400000,-0.700000,70.000000,0,PLAN_TOP_OBSERVE,nan,nan,nan,nan,0.000000
-0.400000,-0.700000,80.000000,0,PLAN_TOP_OBSERVE,nan,nan,nan,nan,0.000000
-0.350000,-0.700000,0.000000,0,PLAN_TOP_OBSERVE,nan,nan,nan,nan,0.000000
-0.350000,-0.700000,10.000000,0,PLAN_TOP_OBSERVE,nan,nan,nan,nan,0.000000
-0.350000,-0.700000,20.000000,0,PLAN_TOP_OBSERVE,nan,nan,nan,nan,0.000000
-0.350000,-0.700000,30.000000,0,PLAN_TOP_OBSERVE,nan,nan,nan,nan,0.000000
-0.350000,-0.700000,40.000000,0,PLAN_TOP_OBSERVE,nan,nan,nan,nan,0.000000
-0.350000,-0.700000,50.000000,0,PLAN_TOP_OBSERVE,nan,nan,nan,nan,0.000000
-0.350000,-0.700000,60.000000,0,PLAN_TOP_OBSERVE,nan,nan,nan,nan,0.000000
-0.350000,-0.700000,70.000000,0,PLAN_TOP_OBSERVE,nan,nan,nan,nan,0.000000
-0.350000,-0.700000,80.000000,0,PLAN_TOP_OBSERVE,nan,nan,nan,nan,0.000000
-0.300000,-0.700000,0.000000,0,PLAN_TOP_OBSERVE,nan,nan,nan,nan,0.000000
-0.300000,-0.700000,10.000000,0,PLAN_TOP_OBSERVE,nan,nan,nan,nan,0.000000
-0.300000,-0.700000,20.000000,0,PLAN_TOP_OBSERVE,nan,nan,nan,nan,0.000000
-0.300000,-0.700000,30.000000,0,PLAN_TOP_OBSERVE,nan,nan,nan,nan,0.000000
-0.300000,-0.700000,40.000000,0,PLAN_TOP_OBSERVE,nan,nan,nan,nan,0.000000
-0.300000,-0.700000,50.000000,0,PLAN_TOP_OBSERVE,nan,nan,nan,nan,0.000000
-0.300000,-0.700000,60.000000,0,PLAN_TOP_OBSERVE,nan,nan,nan,nan,0.000000
-0.300000,-0.700000,70.000000,0,PLAN_TOP_OBSERVE,nan,nan,nan,nan,0.000000
-0.300000,-0.700000,80.000000,0,PLAN_TOP_OBSERVE,nan,nan,nan,nan,0.000000
-0.250000,-0.700000,0.000000,0,PLAN_TOP_OBSERVE,nan,nan,nan,nan,0.000000
-0.250000,-0.700000,10.000000,0,PLAN_TOP_OBSERVE,nan,nan,nan,nan,0.000000
-0.250000,-0.700000,20.000000,0,PLAN_TOP_OBSERVE,nan,nan,nan,nan,0.000000
-0.250000,-0.700000,30.000000,0,PLAN_TOP_OBSERVE,nan,nan,nan,nan,0.000000
-0.250000,-0.700000,40.000000,0,PLAN_TOP_OBSERVE,nan,nan,nan,nan,0.000000
-0.250000,-0.700000,50.000000,0,PLAN_TOP_OBSERVE,nan,nan,nan,nan,0.000000
-0.250000,-0.700000,60.000000,0,PLAN_TOP_OBSERVE,nan,nan,nan,nan,0.000000
-0.250000,-0.700000,70.000000,0,PLAN_TOP_OBSERVE,nan,nan,nan,nan,0.000000
-0.250000,-0.700000,80.000000,0,PLAN_TOP_OBSERVE,nan,nan,nan,nan,0.000000
-0.200000,-0.700000,0.000000,0,PLAN_TOP_OBSERVE,nan,nan,nan,nan,0.000000
-0.200000,-0.700000,10.000000,0,PLAN_TOP_OBSERVE,nan,nan,nan,nan,0.000000
-0.200000,-0.700000,20.000000,0,PLAN_TOP_OBSERVE,nan,nan,nan,nan,0.000000
-0.200000,-0.700000,30.000000,0,PLAN_TOP_OBSERVE,nan,nan,nan,nan,0.000000
-0.200000,-0.700000,40.000000,0,PLAN_TOP_OBSERVE,nan,nan,nan,nan,0.000000
-0.200000,-0.700000,50.000000,0,PLAN_TOP_OBSERVE,nan,nan,nan,nan,0.000000
-0.200000,-0.700000,60.000000,0,PLAN_TOP_OBSERVE,nan,nan,nan,nan,0.000000
-0.200000,-0.700000,70.000000,0,PLAN_TOP_OBSERVE,nan,nan,nan,nan,0.000000
-0.200000,-0.700000,80.000000,0,PLAN_TOP_OBSERVE,nan,nan,nan,nan,0.000000
-0.150000,-0.700000,0.000000,0,PLAN_TOP_OBSERVE,nan,nan,nan,nan,0.000000
-0.150000,-0.700000,10.000000,0,PLAN_TOP_OBSERVE,nan,nan,nan,nan,0.000000
-0.150000,-0.700000,20.000000,0,PLAN_TOP_OBSERVE,nan,nan,nan,nan,0.000000
-0.150000,-0.700000,30.000000,0,PLAN_TOP_OBSERVE,nan,nan,nan,nan,0.000000
-0.150000,-0.700000,40.000000,0,PLAN_TOP_OBSERVE,nan,nan,nan,nan,0.000000
-0.150000,-0.700000,50.000000,0,PLAN_TOP_OBSERVE,nan,nan,nan,nan,0.000000
-0.150000,-0.700000,60.000000,0,PLAN_TOP_OBSERVE,nan,nan,nan,nan,0.000000
-0.150000,-0.700000,70.000000,0,PLAN_TOP_OBSERVE,nan,nan,nan,nan,0.000000
-0.150000,-0.700000,80.000000,0,PLAN_TOP_OBSERVE,nan,nan,nan,nan,0.000000
-0.100000,-0.700000,0.000000,0,PLAN_TOP_OBSERVE,nan,nan,nan,nan,0.000000
-0.100000,-0.700000,10.000000,0,PLAN_TOP_OBSERVE,nan,nan,nan,nan,0.000000
-0.100000,-0.700000,20.000000,0,PLAN_TOP_OBSERVE,nan,nan,nan,nan,0.000000
-0.100000,-0.700000,30.000000,0,PLAN_TOP_OBSERVE,nan,nan,nan,nan,0.000000
-0.100000,-0.700000,40.000000,0,PLAN_TOP_OBSERVE,nan,nan,nan,nan,0.000000
-0.100000,-0.700000,50.000000,0,PLAN_TOP_OBSERVE,nan,nan,nan,nan,0.000000
-0.100000,-0.700000,60.000000,0,PLAN_TOP_OBSERVE,nan,nan,nan,nan,0.000000
-0.100000,-0.700000,70.000000,0,PLAN_TOP_OBSERVE,nan,nan,nan,nan,0.000000
-0.100000,-0.700000,80.000000,0,PLAN_TOP_OBSERVE,nan,nan,nan,nan,0.000000
-0.050000,-0.700000,0.000000,0,PLAN_TOP_OBSERVE,nan,nan,nan,nan,0.000000
-0.050000,-0.700000,10.000000,0,PLAN_TOP_OBSERVE,nan,nan,nan,nan,0.000000
-0.050000,-0.700000,20.000000,0,PLAN_TOP_OBSERVE,nan,nan,nan,nan,0.000000
-0.050000,-0.700000,30.000000,0,PLAN_TOP_OBSERVE,nan,nan,nan,nan,0.000000
-0.050000,-0.700000,40.000000,0,PLAN_TOP_OBSERVE,nan,nan,nan,nan,0.000000
-0.050000,-0.700000,50.000000,0,PLAN_TOP_OBSERVE,nan,nan,nan,nan,0.000000
-0.050000,-0.700000,60.000000,0,PLAN_TOP_OBSERVE,nan,nan,nan,nan,0.000000
-0.050000,-0.700000,70.000000,0,PLAN_TOP_OBSERVE,nan,nan,nan,nan,0.000000
-0.050000,-0.700000,80.000000,0,PLAN_TOP_OBSERVE,nan,nan,nan,nan,0.000000
0.000000,-0.700000,0.000000,0,PLAN_TOP_OBSERVE,nan,nan,nan,nan,0.000000
0.000000,-0.700000,10.000000,0,PLAN_TOP_OBSERVE,nan,nan,nan,nan,0.000000
0.000000,-0.700000,20.000000,0,PLAN_TOP_OBSERVE,nan,nan,nan,nan,0.000000
0.000000,-0.700000,30.000000,0,PLAN_TOP_OBSERVE,nan,nan,nan,nan,0.000000
0.000000,-0.700000,40.000000,0,PLAN_TOP_OBSERVE,nan,nan,nan,nan,0.000000
0.000000,-0.700000,50.000000,0,PLAN_TOP_OBSERVE,nan,nan,nan,nan,0.000000
0.000000,-0.700000,60.000000,0,PLAN_TOP_OBSERVE,nan,nan,nan,nan,0.000000
0.000000,-0.700000,70.000000,0,PLAN_TOP_OBSERVE,nan,nan,nan,nan,0.000000
0.000000,-0.700000,80.000000,0,PLAN_TOP_OBSERVE,nan,nan,nan,nan,0.000000
0.050000,-0.700000,0.000000,0,PLAN_TOP_OBSERVE,nan,nan,nan,nan,0.000000
0.050000,-0.700000,10.000000,0,PLAN_TOP_OBSERVE,nan,nan,nan,nan,0.000000
0.050000,-0.700000,20.000000,0,PLAN_TOP_OBSERVE,nan,nan,nan,nan,0.000000
0.050000,-0.700000,30.000000,0,PLAN_TOP_OBSERVE,nan,nan,nan,nan,0.000000
0.050000,-0.700000,40.000000,0,PLAN_TOP_OBSERVE,nan,nan,nan,nan,0.000000
0.050000,-0.700000,50.000000,0,PLAN_TOP_OBSERVE,nan,nan,nan,nan,0.000000
0.050000,-0.700000,60.000000,0,PLAN_TOP_OBSERVE,nan,nan,nan,nan,0.000000
0.050000,-0.700000,70.000000,0,PLAN_TOP_OBSERVE,nan,nan,nan,nan,0.000000
0.050000,-0.700000,80.000000,0,PLAN_TOP_OBSERVE,nan,nan,nan,nan,0.000000
0.100000,-0.700000,0.000000,0,PLAN_TOP_OBSERVE,nan,nan,nan,nan,0.000000
0.100000,-0.700000,10.000000,0,PLAN_TOP_OBSERVE,nan,nan,nan,nan,0.000000
0.100000,-0.700000,20.000000,0,PLAN_TOP_OBSERVE,nan,nan,nan,nan,0.000000
0.100000,-0.700000,30.000000,0,PLAN_TOP_OBSERVE,nan,nan,nan,nan,0.000000
0.100000,-0.700000,40.000000,0,PLAN_TOP_OBSERVE,nan,nan,nan,nan,0.000000
0.100000,-0.700000,50.000000,0,PLAN_TOP_OBSERVE,nan,nan,nan,nan,0.000000
0.100000,-0.700000,60.000000,0,PLAN_TOP_OBSERVE,nan,nan,nan,nan,0.000000
0.100000,-0.700000,70.000000,0,PLAN_TOP_OBSERVE,nan,nan,nan,nan,0.000000
0.100000,-0.700000,80.000000,0,PLAN_TOP_OBSERVE,nan,nan,nan,nan,0.000000
0.150000,-0.700000,0.000000,0,PLAN_TOP_OBSERVE,nan,nan,nan,nan,0.000000
0.150000,-0.700000,10.000000,0,PLAN_TOP_OBSERVE,nan,nan,nan,nan,0.000000
0.150000,-0.700000,20.000000,0,PLAN_TOP_OBSERVE,nan,nan,nan,nan,0.000000
0.150000,-0.700000,30.000000,0,PLAN_TOP_OBSERVE,nan,nan,nan,nan,0.000000
0.150000,-0.700000,40.000000,0,PLAN_TOP_OBSERVE,nan,nan,nan,nan,0.000000
0.150000,-0.700000,50.000000,0,PLAN_TOP_OBSERVE,nan,nan,nan,nan,0.000000
0.150000,-0.700000,60.000000,0,PLAN_TOP_OBSERVE,nan,nan,nan,nan,0.000000
0.150000,-0.700000,70.000000,0,PLAN_TOP_OBSERVE,nan,nan,nan,nan,0.000000
0.150000,-0.700000,80.000000,0,PLAN_TOP_OBSERVE,nan,nan,nan,nan,0.000000
0.200000,-0.700000,0.000000,0,PLAN_TOP_OBSERVE,nan,nan,nan,nan,0.000000
0.200000,-0.700000,10.000000,0,PLAN_TOP_OBSERVE,nan,nan,nan,nan,0.000000
0.200000,-0.700000,20.000000,0,PLAN_TOP_OBSERVE,nan,nan,nan,nan,0.000000
0.200000,-0.700000,30.000000,0,PLAN_TOP_OBSERVE,nan,nan,nan,nan,0.000000
0.200000,-0.700000,40.000000,0,PLAN_TOP_OBSERVE,nan,nan,nan,nan,0.000000
0.200000,-0.700000,50.000000,0,PLAN_TOP_OBSERVE,nan,nan,nan,nan,0.000000
0.200000,-0.700000,60.000000,0,PLAN_TOP_OBSERVE,nan,nan,nan,nan,0.000000
0.200000,-0.700000,70.000000,0,PLAN_TOP_OBSERVE,nan,nan,nan,nan,0.000000
0.200000,-0.700000,80.000000,0,PLAN_TOP_OBSERVE,nan,nan,nan,nan,0.000000
0.250000,-0.700000,0.000000,0,PLAN_TOP_OBSERVE,nan,nan,nan,nan,0.000000
0.250000,-0.700000,10.000000,0,PLAN_TOP_OBSERVE,nan,nan,nan,nan,0.000000
0.250000,-0.700000,20.000000,0,PLAN_TOP_OBSERVE,nan,nan,nan,nan,0.000000
0.250000,-0.700000,30.000000,0,PLAN_TOP_OBSERVE,nan,nan,nan,nan,0.000000
0.250000,-0.700000,40.000000,0,PLAN_TOP_OBSERVE,nan,nan,nan,nan,0.000000
0.250000,-0.700000,50.000000,0,PLAN_TOP_OBSERVE,nan,nan,nan,nan,0.000000
0.250000,-0.700000,60.000000,0,PLAN_TOP_OBSERVE,nan,nan,nan,nan,0.000000
0.250000,-0.700000,70.000000,0,PLAN_TOP_OBSERVE,nan,nan,nan,nan,0.000000
0.250000,-0.700000,80.000000,0,PLAN_TOP_OBSERVE,nan,nan,nan,nan,0.000000
0.300000,-0.700000,0.000000,0,PLAN_TOP_OBSERVE,nan,nan,nan,nan,0.000000
0.300000,-0.700000,10.000000,0,PLAN_TOP_OBSERVE,nan,nan,nan,nan,0.000000
0.300000,-0.700000,20.000000,0,PLAN_TOP_OBSERVE,nan,nan,nan,nan,0.000000
0.300000,-0.700000,30.000000,0,PLAN_TOP_OBSERVE,nan,nan,nan,nan,0.000000
0.300000,-0.700000,40.000000,0,PLAN_TOP_OBSERVE,nan,nan,nan,nan,0.000000
0.300000,-0.700000,50.000000,0,PLAN_TOP_OBSERVE,nan,nan,nan,nan,0.000000
0.300000,-0.700000,60.000000,0,PLAN_TOP_OBSERVE,nan,nan,nan,nan,0.000000
0.300000,-0.700000,70.000000,0,PLAN_TOP_OBSERVE,nan,nan,nan,nan,0.000000
0.300000,-0.700000,80.000000,0,PLAN_TOP_OBSERVE,nan,nan,nan,nan,0.000000
0.350000,-0.700000,0.000000,0,PLAN_TOP_OBSERVE,nan,nan,nan,nan,0.000000
0.350000,-0.700000,10.000000,0,PLAN_TOP_OBSERVE,nan,nan,nan,nan,0.000000
0.350000,-0.700000,20.000000,0,PLAN_TOP_OBSERVE,nan,nan,nan,nan,0.000000
0.350000,-0.700000,30.000000,0,PLAN_TOP_OBSERVE,nan,nan,nan,nan,0.000000
0.350000,-0.700000,40.000000,0,PLAN_TOP_OBSERVE,nan,nan,nan,nan,0.000000
0.350000,-0.700000,50.000000,0,PLAN_TOP_OBSERVE,nan,nan,nan,nan,0.000000
0.350000,-0.700000,60.000000,0,PLAN_TOP_OBSERVE,nan,nan,nan,nan,0.000000
0.350000,-0.700000,70.000000,0,PLAN_TOP_OBSERVE,nan,nan,nan,nan,0.000000
0.350000,-0.700000,80.000000,0,PLAN_TOP_OBSERVE,nan,nan,nan,nan,0.000000
0.400000,-0.700000,0.000000,0,PLAN_TOP_OBSERVE,nan,nan,nan,nan,0.000000
0.400000,-0.700000,10.000000,0,PLAN_TOP_OBSERVE,nan,nan,nan,nan,0.000000
0.400000,-0.700000,20.000000,0,PLAN_TOP_OBSERVE,nan,nan,nan,nan,0.000000
0.400000,-0.700000,30.000000,0,PLAN_TOP_OBSERVE,nan,nan,nan,nan,0.000000
0.400000,-0.700000,40.000000,0,PLAN_TOP_OBSERVE,nan,nan,nan,nan,0.000000
0.400000,-0.700000,50.000000,0,PLAN_TOP_OBSERVE,nan,nan,nan,nan,0.000000
0.400000,-0.700000,60.000000,0,PLAN_TOP_OBSERVE,nan,nan,nan,nan,0.000000
0.400000,-0.700000,70.000000,0,PLAN_TOP_OBSERVE,nan,nan,nan,nan,0.000000
0.400000,-0.700000,80.000000,0,PLAN_TOP_OBSERVE,nan,nan,nan,nan,0.000000
0.450000,-0.700000,0.000000,0,PLAN_TOP_OBSERVE,nan,nan,nan,nan,0.000000
0.450000,-0.700000,10.000000,0,PLAN_TOP_OBSERVE,nan,nan,nan,nan,0.000000
0.450000,-0.700000,20.000000,0,PLAN_TOP_OBSERVE,nan,nan,nan,nan,0.000000
0.450000,-0.700000,30.000000,0,PLAN_TOP_OBSERVE,nan,nan,nan,nan,0.000000
0.450000,-0.700000,40.000000,0,PLAN_TOP_OBSERVE,nan,nan,nan,nan,0.000000
0.450000,-0.700000,50.000000,0,PLAN_TOP_OBSERVE,nan,nan,nan,nan,0.000000
0.450000,-0.700000,60.000000,0,PLAN_TOP_OBSERVE,nan,nan,nan,nan,0.000000
0.450000,-0.700000,70.000000,0,PLAN_TOP_OBSERVE,nan,nan,nan,nan,0.000000
0.450000,-0.700000,80.000000,0,PLAN_TOP_OBSERVE,nan,nan,nan,nan,0.000000
0.500000,-0.700000,0.000000,0,PLAN_TOP_OBSERVE,nan,nan,nan,nan,0.000000
0.500000,-0.700000,10.000000,0,PLAN_TOP_OBSERVE,nan,nan,nan,nan,0.000000
0.500000,-0.700000,20.000000,0,PLAN_TOP_OBSERVE,nan,nan,nan,nan,0.000000
0.500000,-0.700000,30.000000,0,PLAN_TOP_OBSERVE,nan,nan,nan,nan,0.000000
0.500000,-0.700000,40.000000,0,PLAN_TOP_OBSERVE,nan,nan,nan,nan,0.000000
0.500000,-0.700000,50.000000,0,PLAN_TOP_OBSERVE,nan,nan,nan,nan,0.000000
0.500000,-0.700000,60.000000,0,PLAN_TOP_OBSERVE,nan,nan,nan,nan,0.000000
0.500000,-0.700000,70.000000,0,PLAN_TOP_OBSERVE,nan,nan,nan,nan,0.000000
0.500000,-0.700000,80.000000,0,PLAN_TOP_OBSERVE,nan,nan,nan,nan,0.000000
0.550000,-0.700000,0.000000,0,PLAN_TOP_OBSERVE,nan,nan,nan,nan,0.000000
0.550000,-0.700000,10.000000,0,PLAN_TOP_OBSERVE,nan,nan,nan,nan,0.000000
0.550000,-0.700000,20.000000,0,PLAN_TOP_OBSERVE,nan,nan,nan,nan,0.000000
0.550000,-0.700000,30.000000,0,PLAN_TOP_OBSERVE,nan,nan,nan,nan,0.000000
0.550000,-0.700000,40.000000,0,PLAN_TOP_OBSERVE,nan,nan,nan,nan,0.000000
0.550000,-0.700000,50.000000,0,PLAN_TOP_OBSERVE,nan,nan,nan,nan,0.000000
0.550000,-0.700000,60.000000,0,PLAN_TOP_OBSERVE,nan,nan,nan,nan,0.000000
0.550000,-0.700000,70.000000,0,PLAN_TOP_OBSERVE,nan,nan,nan,nan,0.000000
0.550000,-0.700000,80.000000,0,PLAN_TOP_OBSERVE,nan,nan,nan,nan,0.000000
0.600000,-0.700000,0.000000,0,PLAN_TOP_OBSERVE,nan,nan,nan,nan,0.000000
0.600000,-0.700000,10.000000,0,PLAN_TOP_OBSERVE,nan,nan,nan,nan,0.000000
0.600000,-0.700000,20.000000,0,PLAN_TOP_OBSERVE,nan,nan,nan,nan,0.000000
0.600000,-0.700000,30.000000,0,PLAN_TOP_OBSERVE,nan,nan,nan,nan,0.000000
0.600000,-0.700000,40.000000,0,PLAN_TOP_OBSERVE,nan,nan,nan,nan,0.000000
0.600000,-0.700000,50.000000,0,PLAN_TOP_OBSERVE,nan,nan,nan,nan,0.000000
0.600000,-0.700000,60.000000,0,PLAN_TOP_OBSERVE,nan,nan,nan,nan,0.000000
0.600000,-0.700000,70.000000,0,PLAN_TOP_OBSERVE,nan,nan,nan,nan,0.000000
0.600000,-0.700000,80.000000,0,PLAN_TOP_OBSERVE,nan,nan,nan,nan,0.000000
0.650000,-0.700000,0.000000,0,PLAN_TOP_OBSERVE,nan,nan,nan,nan,0.000000
0.650000,-0.700000,10.000000,0,PLAN_TOP_OBSERVE,nan,nan,nan,nan,0.000000
0.650000,-0.700000,20.000000,0,PLAN_TOP_OBSERVE,nan,nan,nan,nan,0.000000
0.650000,-0.700000,30.000000,0,PLAN_TOP_OBSERVE,nan,nan,nan,nan,0.000000
0.650000,-0.700000,40.000000,0,PLAN_TOP_OBSERVE,nan,nan,nan,nan,0.000000
0.650000,-0.700000,50.000000,0,PLAN_TOP_OBSERVE,nan,nan,nan,nan,0.000000
0.650000,-0.700000,60.000000,0,PLAN_TOP_OBSERVE,nan,nan,nan,nan,0.000000
0.650000,-0.700000,70.000000,0,PLAN_TOP_OBSERVE,nan,nan,nan,nan,0.000000
0.650000,-0.700000,80.000000,0,PLAN_TOP_OBSERVE,nan,nan,nan,nan,0.000000
0.700000,-0.700000,0.000000,0,PLAN_TOP_OBSERVE,nan,nan,nan,nan,0.000000
0.700000,-0.700000,10.000000,0,PLAN_TOP_OBSERVE,nan,nan,nan,nan,0.000000
0.700000,-0.700000,20.000000,0,PLAN_TOP_OBSERVE,nan,nan,nan,nan,0.000000
0.700000,-0.700000,30.000000,0,PLAN_TOP_OBSERVE,nan,nan,nan,nan,0.000000
0.700000,-0.700000,40.000000,0,PLAN_TOP_OBSERVE,nan,nan,nan,nan,0.000000
0.700000,-0.700000,50.000000,0,PLAN_TOP_OBSERVE,nan,nan,nan,nan,0.000000
0.700000,-0.700000,60.000000,0,PLAN_TOP_OBSERVE,nan,nan,nan,nan,0.000000
0.700000,-0.700000,70.000000,0,PLAN_TOP_OBSERVE,nan,nan,nan,nan,0.000000
0.700000,-0.700000,80.000000,0,PLAN_TOP_OBSERVE,nan,nan,nan,nan,0.000000
-0.700000,-0.650000,0.000000,0,PLAN_TOP_OBSERVE,nan,nan,nan,nan,0.000000
-0.700000,-0.650000,10.000000,0,PLAN_TOP_OBSERVE,nan,nan,nan,nan,0.000000
-0.700000,-0.650000,20.000000,0,PLAN_TOP_OBSERVE,nan,nan,nan,nan,0.000000
-0.700000,-0.650000,30.000000,0,PLAN_TOP_OBSERVE,nan,nan,nan,nan,0.000000
-0.700000,-0.650000,40.000000,0,PLAN_TOP_OBSERVE,nan,nan,nan,nan,0.000000
-0.700000,-0.650000,50.000000,0,PLAN_TOP_OBSERVE,nan,nan,nan,nan,0.000000
-0.700000,-0.650000,60.000000,0,PLAN_TOP_OBSERVE,nan,nan,nan,nan,0.000000
-0.700000,-0.650000,70.000000,0,PLAN_TOP_OBSERVE,nan,nan,nan,nan,0.000000
-0.700000,-0.650000,80.000000,0,PLAN_TOP_OBSERVE,nan,nan,nan,nan,0.000000
-0.650000,-0.650000,0.000000,0,PLAN_TOP_OBSERVE,nan,nan,nan,nan,0.000000
-0.650000,-0.650000,10.000000,0,PLAN_TOP_OBSERVE,nan,nan,nan,nan,0.000000
-0.650000,-0.650000,20.000000,0,PLAN_TOP_OBSERVE,nan,nan,nan,nan,0.000000
-0.650000,-0.650000,30.000000,0,PLAN_TOP_OBSERVE,nan,nan,nan,nan,0.000000
-0.650000,-0.650000,40.000000,0,PLAN_TOP_OBSERVE,nan,nan,nan,nan,0.000000
-0.650000,-0.650000,50.000000,0,PLAN_TOP_OBSERVE,nan,nan,nan,nan,0.000000
-0.650000,-0.650000,60.000000,0,PLAN_TOP_OBSERVE,nan,nan,nan,nan,0.000000
-0.650000,-0.650000,70.000000,0,PLAN_TOP_OBSERVE,nan,nan,nan,nan,0.000000
-0.650000,-0.650000,80.000000,0,PLAN_TOP_OBSERVE,nan,nan,nan,nan,0.000000
-0.600000,-0.650000,0.000000,0,PLAN_TOP_OBSERVE,nan,nan,nan,nan,0.000000
-0.600000,-0.650000,10.000000,0,PLAN_TOP_OBSERVE,nan,nan,nan,nan,0.000000
-0.600000,-0.650000,20.000000,0,PLAN_TOP_OBSERVE,nan,nan,nan,nan,0.000000
-0.600000,-0.650000,30.000000,0,PLAN_TOP_OBSERVE,nan,nan,nan,nan,0.000000
-0.600000,-0.650000,40.000000,0,PLAN_TOP_OBSERVE,nan,nan,nan,nan,0.000000
-0.600000,-0.650000,50.000000,0,PLAN_TOP_OBSERVE,nan,nan,nan,nan,0.000000
-0.600000,-0.650000,60.000000,0,PLAN_TOP_OBSERVE,nan,nan,nan,nan,0.000000
-0.600000,-0.650000,70.000000,0,PLAN_TOP_OBSERVE,nan,nan,nan,nan,0.000000
-0.600000,-0.650000,80.000000,0,PLAN_TOP_OBSERVE,nan,nan,nan,nan,0.000000
-0.550000,-0.650000,0.000000,0,PLAN_TOP_OBSERVE,nan,nan,nan,nan,0.000000
-0.550000,-0.650000,10.000000,0,PLAN_TOP_OBSERVE,nan,nan,nan,nan,0.000000
-0.550000,-0.650000,20.000000,0,PLAN_TOP_OBSERVE,nan,nan,nan,nan,0.000000
-0.550000,-0.650000,30.000000,0,PLAN_TOP_OBSERVE,nan,nan,nan,nan,0.000000
-0.550000,-0.650000,40.000000,0,PLAN_TOP_OBSERVE,nan,nan,nan,nan,0.000000
-0.550000,-0.650000,50.000000,0,PLAN_TOP_OBSERVE,nan,nan,nan,nan,0.000000
-0.550000,-0.650000,60.000000,0,PLAN_TOP_OBSERVE,nan,nan,nan,nan,0.000000
-0.550000,-0.650000,70.000000,0,PLAN_TOP_OBSERVE,nan,nan,nan,nan,0.000000
-0.550000,-0.650000,80.000000,0,PLAN_TOP_OBSERVE,nan,nan,nan,nan,0.000000
-0.500000,-0.650000,0.000000,0,PLAN_TOP_OBSERVE,nan,nan,nan,nan,0.000000
-0.500000,-0.650000,10.000000,0,PLAN_TOP_OBSERVE,nan,nan,nan,nan,0.000000
-0.500000,-0.650000,20.000000,0,PLAN_TOP_OBSERVE,nan,nan,nan,nan,0.000000
-0.500000,-0.650000,30.000000,0,PLAN_TOP_OBSERVE,nan,nan,nan,nan,0.000000
-0.500000,-0.650000,40.000000,0,PLAN_TOP_OBSERVE,nan,nan,nan,nan,0.000000
-0.500000,-0.650000,50.000000,0,PLAN_TOP_OBSERVE,nan,nan,nan,nan,0.000000
-0.500000,-0.650000,60.000000,0,PLAN_TOP_OBSERVE,nan,nan,nan,nan,0.000000
-0.500000,-0.650000,70.000000,0,PLAN_TOP_OBSERVE,nan,nan,nan,nan,0.000000
-0.500000,-0.650000,80.000000,0,PLAN_TOP_OBSERVE,nan,nan,nan,nan,0.000000
-0.450000,-0.650000,0.000000,0,PLAN_TOP_OBSERVE,nan,nan,nan,nan,0.000000
-0.450000,-0.650000,10.000000,0,PLAN_TOP_OBSERVE,nan,nan,nan,nan,0.000000
-0.450000,-0.650000,20.000000,0,PLAN_TOP_OBSERVE,nan,nan,nan,nan,0.000000
-0.450000,-0.650000,30.000000,0,PLAN_TOP_OBSERVE,nan,nan,nan,nan,0.000000
-0.450000,-0.650000,40.000000,0,PLAN_TOP_OBSERVE,nan,nan,nan,nan,0.000000
-0.450000,-0.650000,50.000000,0,PLAN_TOP_OBSERVE,nan,nan,nan,nan,0.000000
-0.450000,-0.650000,60.000000,0,PLAN_TOP_OBSERVE,nan,nan,nan,nan,0.000000
-0.450000,-0.650000,70.000000,0,PLAN_TOP_OBSERVE,nan,nan,nan,nan,0.000000
-0.450000,-0.650000,80.000000,0,PLAN_TOP_OBSERVE,nan,nan,nan,nan,0.000000
-0.400000,-0.650000,0.000000,0,PLAN_TOP_OBSERVE,nan,nan,nan,nan,0.000000
-0.400000,-0.650000,10.000000,0,PLAN_TOP_OBSERVE,nan,nan,nan,nan,0.000000
-0.400000,-0.650000,20.000000,0,PLAN_TOP_OBSERVE,nan,nan,nan,nan,0.000000
-0.400000,-0.650000,30.000000,0,PLAN_TOP_OBSERVE,nan,nan,nan,nan,0.000000
-0.400000,-0.650000,40.000000,0,PLAN_TOP_OBSERVE,nan,nan,nan,nan,0.000000
-0.400000,-0.650000,50.000000,0,PLAN_TOP_OBSERVE,nan,nan,nan,nan,0.000000
-0.400000,-0.650000,60.000000,0,PLAN_TOP_OBSERVE,nan,nan,nan,nan,0.000000
-0.400000,-0.650000,70.000000,0,PLAN_TOP_OBSERVE,nan,nan,nan,nan,0.000000
-0.400000,-0.650000,80.000000,0,PLAN_TOP_OBSERVE,nan,nan,nan,nan,0.000000
-0.350000,-0.650000,0.000000,0,PLAN_TOP_OBSERVE,nan,nan,nan,nan,0.000000
-0.350000,-0.650000,10.000000,0,PLAN_TOP_OBSERVE,nan,nan,nan,nan,0.000000
-0.350000,-0.650000,20.000000,0,PLAN_TOP_OBSERVE,nan,nan,nan,nan,0.000000
-0.350000,-0.650000,30.000000,0,PLAN_TOP_OBSERVE,nan,nan,nan,nan,0.000000
-0.350000,-0.650000,40.000000,0,PLAN_TOP_OBSERVE,nan,nan,nan,nan,0.000000
-0.350000,-0.650000,50.000000,0,PLAN_TOP_OBSERVE,nan,nan,nan,nan,0.000000
-0.350000,-0.650000,60.000000,0,PLAN_TOP_OBSERVE,nan,nan,nan,nan,0.000000
-0.350000,-0.650000,70.000000,0,PLAN_TOP_OBSERVE,nan,nan,nan,nan,0.000000
-0.350000,-0.650000,80.000000,0,PLAN_TOP_OBSERVE,nan,nan,nan,nan,0.000000
-0.300000,-0.650000,0.000000,0,PLAN_TOP_OBSERVE,nan,nan,nan,nan,0.000000
-0.300000,-0.650000,10.000000,0,PLAN_TOP_OBSERVE,nan,nan,nan,nan,0.000000
-0.300000,-0.650000,20.000000,0,PLAN_TOP_OBSERVE,nan,nan,nan,nan,0.000000
-0.300000,-0.650000,30.000000,0,PLAN_TOP_OBSERVE,nan,nan,nan,nan,0.000000
-0.300000,-0.650000,40.000000,0,PLAN_TOP_OBSERVE,nan,nan,nan,nan,0.000000
-0.300000,-0.650000,50.000000,0,PLAN_TOP_OBSERVE,nan,nan,nan,nan,0.000000
-0.300000,-0.650000,60.000000,0,PLAN_TOP_OBSERVE,nan,nan,nan,nan,0.000000
-0.300000,-0.650000,70.000000,0,PLAN_TOP_OBSERVE,nan,nan,nan,nan,0.000000
-0.300000,-0.650000,80.000000,0,PLAN_TOP_OBSERVE,nan,nan,nan,nan,0.000000
-0.250000,-0.650000,0.000000,0,PLAN_TOP_OBSERVE,nan,nan,nan,nan,0.000000
-0.250000,-0.650000,10.000000,0,PLAN_TOP_OBSERVE,nan,nan,nan,nan,0.000000
-0.250000,-0.650000,20.000000,0,PLAN_TOP_OBSERVE,nan,nan,nan,nan,0.000000
-0.250000,-0.650000,30.000000,0,PLAN_TOP_OBSERVE,nan,nan,nan,nan,0.000000
-0.250000,-0.650000,40.000000,0,PLAN_TOP_OBSERVE,nan,nan,nan,nan,0.000000
-0.250000,-0.650000,50.000000,0,PLAN_TOP_OBSERVE,nan,nan,nan,nan,0.000000
-0.250000,-0.650000,60.000000,0,PLAN_TOP_OBSERVE,nan,nan,nan,nan,0.000000
-0.250000,-0.650000,70.000000,0,PLAN_TOP_OBSERVE,nan,nan,nan,nan,0.000000
-0.250000,-0.650000,80.000000,0,PLAN_TOP_OBSERVE,nan,nan,nan,nan,0.000000
-0.200000,-0.650000,0.000000,0,PLAN_TOP_OBSERVE,nan,nan,nan,nan,0.000000
-0.200000,-0.650000,10.000000,0,PLAN_TOP_OBSERVE,nan,nan,nan,nan,0.000000
-0.200000,-0.650000,20.000000,0,PLAN_TOP_OBSERVE,nan,nan,nan,nan,0.000000
-0.200000,-0.650000,30.000000,0,PLAN_TOP_OBSERVE,nan,nan,nan,nan,0.000000
-0.200000,-0.650000,40.000000,0,PLAN_TOP_OBSERVE,nan,nan,nan,nan,0.000000
-0.200000,-0.650000,50.000000,0,PLAN_TOP_OBSERVE,nan,nan,nan,nan,0.000000
-0.200000,-0.650000,60.000000,0,PLAN_TOP_OBSERVE,nan,nan,nan,nan,0.000000
-0.200000,-0.650000,70.000000,0,PLAN_TOP_OBSERVE,nan,nan,nan,nan,0.000000
-0.200000,-0.650000,80.000000,0,PLAN_TOP_OBSERVE,nan,nan,nan,nan,0.000000
-0.150000,-0.650000,0.000000,0,PLAN_TOP_OBSERVE,nan,nan,nan,nan,0.000000
-0.150000,-0.650000,10.000000,0,PLAN_TOP_OBSERVE,nan,nan,nan,nan,0.000000
-0.150000,-0.650000,20.000000,0,PLAN_TOP_OBSERVE,nan,nan,nan,nan,0.000000
-0.150000,-0.650000,30.000000,0,PLAN_TOP_OBSERVE,nan,nan,nan,nan,0.000000
-0.150000,-0.650000,40.000000,0,PLAN_TOP_OBSERVE,nan,nan,nan,nan,0.000000
-0.150000,-0.650000,50.000000,0,PLAN_TOP_OBSERVE,nan,nan,nan,nan,0.000000
-0.150000,-0.650000,60.000000,0,PLAN_TOP_OBSERVE,nan,nan,nan,nan,0.000000
-0.150000,-0.650000,70.000000,0,PLAN_TOP_OBSERVE,nan,nan,nan,nan,0.000000
-0.150000,-0.650000,80.000000,0,PLAN_TOP_OBSERVE,nan,nan,nan,nan,0.000000
-0.100000,-0.650000,0.000000,0,PLAN_TOP_OBSERVE,nan,nan,nan,nan,0.000000
-0.100000,-0.650000,10.000000,0,PLAN_TOP_OBSERVE,nan,nan,nan,nan,0.000000
-0.100000,-0.650000,20.000000,0,PLAN_TOP_OBSERVE,nan,nan,nan,nan,0.000000
-0.100000,-0.650000,30.000000,0,PLAN_TOP_OBSERVE,nan,nan,nan,nan,0.000000
-0.100000,-0.650000,40.000000,0,PLAN_TOP_OBSERVE,nan,nan,nan,nan,0.000000
-0.100000,-0.650000,50.000000,0,PLAN_TOP_OBSERVE,nan,nan,nan,nan,0.000000
-0.100000,-0.650000,60.000000,0,PLAN_TOP_OBSERVE,nan,nan,nan,nan,0.000000
-0.100000,-0.650000,70.000000,0,PLAN_TOP_OBSERVE,nan,nan,nan,nan,0.000000
-0.100000,-0.650000,80.000000,0,PLAN_TOP_OBSERVE,nan,nan,nan,nan,0.000000
-0.050000,-0.650000,0.000000,0,PLAN_TOP_OBSERVE,nan,nan,nan,nan,0.000000
-0.050000,-0.650000,10.000000,0,PLAN_TOP_OBSERVE,nan,nan,nan,nan,0.000000
-0.050000,-0.650000,20.000000,0,PLAN_TOP_OBSERVE,nan,nan,nan,nan,0.000000
-0.050000,-0.650000,30.000000,0,PLAN_TOP_OBSERVE,nan,nan,nan,nan,0.000000
-0.050000,-0.650000,40.000000,0,PLAN_TOP_OBSERVE,nan,nan,nan,nan,0.000000
-0.050000,-0.650000,50.000000,0,PLAN_TOP_OBSERVE,nan,nan,nan,nan,0.000000
-0.050000,-0.650000,60.000000,0,PLAN_TOP_OBSERVE,nan,nan,nan,nan,0.000000
-0.050000,-0.650000,70.000000,0,PLAN_TOP_OBSERVE,nan,nan,nan,nan,0.000000
-0.050000,-0.650000,80.000000,0,PLAN_TOP_OBSERVE,nan,nan,nan,nan,0.000000
0.000000,-0.650000,0.000000,0,PLAN_TOP_OBSERVE,nan,nan,nan,nan,0.000000
0.000000,-0.650000,10.000000,0,PLAN_TOP_OBSERVE,nan,nan,nan,nan,0.000000
0.000000,-0.650000,20.000000,0,PLAN_TOP_OBSERVE,nan,nan,nan,nan,0.000000
0.000000,-0.650000,30.000000,0,PLAN_TOP_OBSERVE,nan,nan,nan,nan,0.000000
0.000000,-0.650000,40.000000,0,PLAN_TOP_OBSERVE,nan,nan,nan,nan,0.000000
0.000000,-0.650000,50.000000,0,PLAN_TOP_OBSERVE,nan,nan,nan,nan,0.000000
0.000000,-0.650000,60.000000,0,PLAN_TOP_OBSERVE,nan,nan,nan,nan,0.000000
0.000000,-0.650000,70.000000,0,PLAN_TOP_OBSERVE,nan,nan,nan,nan,0.000000
0.000000,-0.650000,80.000000,0,PLAN_TOP_OBSERVE,nan,nan,nan,nan,0.000000
0.050000,-0.650000,0.000000,0,PLAN_TOP_OBSERVE,nan,nan,nan,nan,0.000000
0.050000,-0.650000,10.000000,0,PLAN_TOP_OBSERVE,nan,nan,nan,nan,0.000000
0.050000,-0.650000,20.000000,0,PLAN_TOP_OBSERVE,nan,nan,nan,nan,0.000000
0.050000,-0.650000,30.000000,0,PLAN_TOP_OBSERVE,nan,nan,nan,nan,0.000000
0.050000,-0.650000,40.000000,0,PLAN_TOP_OBSERVE,nan,nan,nan,nan,0.000000
0.050000,-0.650000,50.000000,0,PLAN_TOP_OBSERVE,nan,nan,nan,nan,0.000000
0.050000,-0.650000,60.000000,0,PLAN_TOP_OBSERVE,nan,nan,nan,nan,0.000000
0.050000,-0.650000,70.000000,0,PLAN_TOP_OBSERVE,nan,nan,nan,nan,0.000000
0.050000,-0.650000,80.000000,0,PLAN_TOP_OBSERVE,nan,nan,nan,nan,0.000000
0.100000,-0.650000,0.000000,0,PLAN_TOP_OBSERVE,nan,nan,nan,nan,0.000000
0.100000,-0.650000,10.000000,0,PLAN_TOP_OBSERVE,nan,nan,nan,nan,0.000000
0.100000,-0.650000,20.000000,0,PLAN_TOP_OBSERVE,nan,nan,nan,nan,0.000000
0.100000,-0.650000,30.000000,0,PLAN_TOP_OBSERVE,nan,nan,nan,nan,0.000000
0.100000,-0.650000,40.000000,0,PLAN_TOP_OBSERVE,nan,nan,nan,nan,0.000000
0.100000,-0.650000,50.000000,0,PLAN_TOP_OBSERVE,nan,nan,nan,nan,0.000000
0.100000,-0.650000,60.000000,0,PLAN_TOP_OBSERVE,nan,nan,nan,nan,0.000000
0.100000,-0.650000,70.000000,0,PLAN_TOP_OBSERVE,nan,nan,nan,nan,0.000000
0.100000,-0.650000,80.000000,0,PLAN_TOP_OBSERVE,nan,nan,nan,nan,0.000000
0.150000,-0.650000,0.000000,0,PLAN_TOP_OBSERVE,nan,nan,nan,nan,0.000000
0.150000,-0.650000,10.000000,0,PLAN_TOP_OBSERVE,nan,nan,nan,nan,0.000000
0.150000,-0.650000,20.000000,0,PLAN_TOP_OBSERVE,nan,nan,nan,nan,0.000000
0.150000,-0.650000,30.000000,0,PLAN_TOP_OBSERVE,nan,nan,nan,nan,0.000000
0.150000,-0.650000,40.000000,0,PLAN_TOP_OBSERVE,nan,nan,nan,nan,0.000000
0.150000,-0.650000,50.000000,0,PLAN_TOP_OBSERVE,nan,nan,nan,nan,0.000000
0.150000,-0.650000,60.000000,0,PLAN_TOP_OBSERVE,nan,nan,nan,nan,0.000000
0.150000,-0.650000,70.000000,0,PLAN_TOP_OBSERVE,nan,nan,nan,nan,0.000000
0.150000,-0.650000,80.000000,0,PLAN_TOP_OBSERVE,nan,nan,nan,nan,0.000000
0.200000,-0.650000,0.000000,0,PLAN_TOP_OBSERVE,nan,nan,nan,nan,0.000000
0.200000,-0.650000,10.000000,0,PLAN_TOP_OBSERVE,nan,nan,nan,nan,0.000000
0.200000,-0.650000,20.000000,0,PLAN_TOP_OBSERVE,nan,nan,nan,nan,0.000000
0.200000,-0.650000,30.000000,0,PLAN_TOP_OBSERVE,nan,nan,nan,nan,0.000000
0.200000,-0.650000,40.000000,0,PLAN_TOP_OBSERVE,nan,nan,nan,nan,0.000000
0.200000,-0.650000,50.000000,0,PLAN_TOP_OBSERVE,nan,nan,nan,nan,0.000000
0.200000,-0.650000,60.000000,0,PLAN_TOP_OBSERVE,nan,nan,nan,nan,0.000000
0.200000,-0.650000,70.000000,0,PLAN_TOP_OBSERVE,nan,nan,nan,nan,0.000000
0.200000,-0.650000,80.000000,0,PLAN_TOP_OBSERVE,nan,nan,nan,nan,0.000000
0.250000,-0.650000,0.000000,0,PLAN_TOP_OBSERVE,nan,nan,nan,nan,0.000000
0.250000,-0.650000,10.000000,0,PLAN_TOP_OBSERVE,nan,nan,nan,nan,0.000000
0.250000,-0.650000,20.000000,0,PLAN_TOP_OBSERVE,nan,nan,nan,nan,0.000000
0.250000,-0.650000,30.000000,0,PLAN_TOP_OBSERVE,nan,nan,nan,nan,0.000000
0.250000,-0.650000,40.000000,0,PLAN_TOP_OBSERVE,nan,nan,nan,nan,0.000000
0.250000,-0.650000,50.000000,0,PLAN_TOP_OBSERVE,nan,nan,nan,nan,0.000000
0.250000,-0.650000,60.000000,0,PLAN_TOP_OBSERVE,nan,nan,nan,nan,0.000000
0.250000,-0.650000,70.000000,0,PLAN_TOP_OBSERVE,nan,nan,nan,nan,0.000000
0.250000,-0.650000,80.000000,0,PLAN_TOP_OBSERVE,nan,nan,nan,nan,0.000000
0.300000,-0.650000,0.000000,0,PLAN_TOP_OBSERVE,nan,nan,nan,nan,0.000000
0.300000,-0.650000,10.000000,0,PLAN_TOP_OBSERVE,nan,nan,nan,nan,0.000000
0.300000,-0.650000,20.000000,0,PLAN_TOP_OBSERVE,nan,nan,nan,nan,0.000000
0.300000,-0.650000,30.000000,0,PLAN_TOP_OBSERVE,nan,nan,nan,nan,0.000000
0.300000,-0.650000,40.000000,0,PLAN_TOP_OBSERVE,nan,nan,nan,nan,0.000000
0.300000,-0.650000,50.000000,0,PLAN_TOP_OBSERVE,nan,nan,nan,nan,0.000000
0.300000,-0.650000,60.000000,0,PLAN_TOP_OBSERVE,nan,nan,nan,nan,0.000000
0.300000,-0.650000,70.000000,0,PLAN_TOP_OBSERVE,nan,nan,nan,nan,0.000000
0.300000,-0.650000,80.000000,0,PLAN_TOP_OBSERVE,nan,nan,nan,nan,0.000000
0.350000,-0.650000,0.000000,0,PLAN_TOP_OBSERVE,nan,nan,nan,nan,0.000000
0.350000,-0.650000,10.000000,0,PLAN_TOP_OBSERVE,nan,nan,nan,nan,0.000000
0.350000,-0.650000,20.000000,0,PLAN_TOP_OBSERVE,nan,nan,nan,nan,0.000000
0.350000,-0.650000,30.000000,0,PLAN_TOP_OBSERVE,nan,nan,nan,nan,0.000000
0.350000,-0.650000,40.000000,0,PLAN_TOP_OBSERVE,nan,nan,nan,nan,0.000000
0.350000,-0.650000,50.000000,0,PLAN_TOP_OBSERVE,nan,nan,nan,nan,0.000000
0.350000,-0.650000,60.000000,0,PLAN_TOP_OBSERVE,nan,nan,nan,nan,0.000000
0.350000,-0.650000,70.000000,0,PLAN_TOP_OBSERVE,nan,nan,nan,nan,0.000000
0.350000,-0.650000,80.000000,0,PLAN_TOP_OBSERVE,nan,nan,nan,nan,0.000000
0.400000,-0.650000,0.000000,0,PLAN_TOP_OBSERVE,nan,nan,nan,nan,0.000000
0.400000,-0.650000,10.000000,0,PLAN_TOP_OBSERVE,nan,nan,nan,nan,0.000000
0.400000,-0.650000,20.000000,0,PLAN_TOP_OBSERVE,nan,nan,nan,nan,0.000000
0.400000,-0.650000,30.000000,0,PLAN_TOP_OBSERVE,nan,nan,nan,nan,0.000000
0.400000,-0.650000,40.000000,0,PLAN_TOP_OBSERVE,nan,nan,nan,nan,0.000000
0.400000,-0.650000,50.000000,0,PLAN_TOP_OBSERVE,nan,nan,nan,nan,0.000000
0.400000,-0.650000,60.000000,0,PLAN_TOP_OBSERVE,nan,nan,nan,nan,0.000000
0.400000,-0.650000,70.000000,0,PLAN_TOP_OBSERVE,nan,nan,nan,nan,0.000000
0.400000,-0.650000,80.000000,0,PLAN_TOP_OBSERVE,nan,nan,nan,nan,0.000000
0.450000,-0.650000,0.000000,0,PLAN_TOP_OBSERVE,nan,nan,nan,nan,0.000000
0.450000,-0.650000,10.000000,0,PLAN_TOP_OBSERVE,nan,nan,nan,nan,0.000000
0.450000,-0.650000,20.000000,0,PLAN_TOP_OBSERVE,nan,nan,nan,nan,0.000000
0.450000,-0.650000,30.000000,0,PLAN_TOP_OBSERVE,nan,nan,nan,nan,0.000000
0.450000,-0.650000,40.000000,0,PLAN_TOP_OBSERVE,nan,nan,nan,nan,0.000000
0.450000,-0.650000,50.000000,0,PLAN_TOP_OBSERVE,nan,nan,nan,nan,0.000000
0.450000,-0.650000,60.000000,0,PLAN_TOP_OBSERVE,nan,nan,nan,nan,0.000000
0.450000,-0.650000,70.000000,0,PLAN_TOP_OBSERVE,nan,nan,nan,nan,0.000000
0.450000,-0.650000,80.000000,0,PLAN_TOP_OBSERVE,nan,nan,nan,nan,0.000000
0.500000,-0.650000,0.000000,0,PLAN_TOP_OBSERVE,nan,nan,nan,nan,0.000000
0.500000,-0.650000,10.000000,0,PLAN_TOP_OBSERVE,nan,nan,nan,nan,0.000000
0.500000,-0.650000,20.000000,0,PLAN_TOP_OBSERVE,nan,nan,nan,nan,0.000000
0.500000,-0.650000,30.000000,0,PLAN_TOP_OBSERVE,nan,nan,nan,nan,0.000000
0.500000,-0.650000,40.000000,0,PLAN_TOP_OBSERVE,nan,nan,nan,nan,0.000000
0.500000,-0.650000,50.000000,0,PLAN_TOP_OBSERVE,nan,nan,nan,nan,0.000000
0.500000,-0.650000,60.000000,0,PLAN_TOP_OBSERVE,nan,nan,nan,nan,0.000000
0.500000,-0.650000,70.000000,0,PLAN_TOP_OBSERVE,nan,nan,nan,nan,0.000000
0.500000,-0.650000,80.000000,0,PLAN_TOP_OBSERVE,nan,nan,nan,nan,0.000000
0.550000,-0.650000,0.000000,0,PLAN_TOP_OBSERVE,nan,nan,nan,nan,0.000000
0.550000,-0.650000,10.000000,0,PLAN_TOP_OBSERVE,nan,nan,nan,nan,0.000000
0.550000,-0.650000,20.000000,0,PLAN_TOP_OBSERVE,nan,nan,nan,nan,0.000000
0.550000,-0.650000,30.000000,0,PLAN_TOP_OBSERVE,nan,nan,nan,nan,0.000000
0.550000,-0.650000,40.000000,0,PLAN_TOP_OBSERVE,nan,nan,nan,nan,0.000000
0.550000,-0.650000,50.000000,0,PLAN_TOP_OBSERVE,nan,nan,nan,nan,0.000000
0.550000,-0.650000,60.000000,0,PLAN_TOP_OBSERVE,nan,nan,nan,nan,0.000000
0.550000,-0.650000,70.000000,0,PLAN_TOP_OBSERVE,nan,nan,nan,nan,0.000000
0.550000,-0.650000,80.000000,0,PLAN_TOP_OBSERVE,nan,nan,nan,nan,0.000000
0.600000,-0.650000,0.000000,0,PLAN_TOP_OBSERVE,nan,nan,nan,nan,0.000000
0.600000,-0.650000,10.000000,0,PLAN_TOP_OBSERVE,nan,nan,nan,nan,0.000000
0.600000,-0.650000,20.000000,0,PLAN_TOP_OBSERVE,nan,nan,nan,nan,0.000000
0.600000,-0.650000,30.000000,0,PLAN_TOP_OBSERVE,nan,nan,nan,nan,0.000000
0.600000,-0.650000,40.000000,0,PLAN_TOP_OBSERVE,nan,nan,nan,nan,0.000000
0.600000,-0.650000,50.000000,0,PLAN_TOP_OBSERVE,nan,nan,nan,nan,0.000000
0.600000,-0.650000,60.000000,0,PLAN_TOP_OBSERVE,nan,nan,nan,nan,0.000000
0.600000,-0.650000,70.000000,0,PLAN_TOP_OBSERVE,nan,nan,nan,nan,0.000000
0.600000,-0.650000,80.000000,0,PLAN_TOP_OBSERVE,nan,nan,nan,nan,0.000000
0.650000,-0.650000,0.000000,0,PLAN_TOP_OBSERVE,nan,nan,nan,nan,0.000000
0.650000,-0.650000,10.000000,0,PLAN_TOP_OBSERVE,nan,nan,nan,nan,0.000000
0.650000,-0.650000,20.000000,0,PLAN_TOP_OBSERVE,nan,nan,nan,nan,0.000000
0.650000,-0.650000,30.000000,0,PLAN_TOP_OBSERVE,nan,nan,nan,nan,0.000000
0.650000,-0.650000,40.000000,0,PLAN_TOP_OBSERVE,nan,nan,nan,nan,0.000000
0.650000,-0.650000,50.000000,0,PLAN_TOP_OBSERVE,nan,nan,nan,nan,0.000000
0.650000,-0.650000,60.000000,0,PLAN_TOP_OBSERVE,nan,nan,nan,nan,0.000000
0.650000,-0.650000,70.000000,0,PLAN_TOP_OBSERVE,nan,nan,nan,nan,0.000000
0.650000,-0.650000,80.000000,0,PLAN_TOP_OBSERVE,nan,nan,nan,nan,0.000000
0.700000,-0.650000,0.000000,0,PLAN_TOP_OBSERVE,nan,nan,nan,nan,0.000000
0.700000,-0.650000,10.000000,0,PLAN_TOP_OBSERVE,nan,nan,nan,nan,0.000000
0.700000,-0.650000,20.000000,0,PLAN_TOP_OBSERVE,nan,nan,nan,nan,0.000000
0.700000,-0.650000,30.000000,0,PLAN_TOP_OBSERVE,nan,nan,nan,nan,0.000000
0.700000,-0.650000,40.000000,0,PLAN_TOP_OBSERVE,nan,nan,nan,nan,0.000000
0.700000,-0.650000,50.000000,0,PLAN_TOP_OBSERVE,nan,nan,nan,nan,0.000000
0.700000,-0.650000,60.000000,0,PLAN_TOP_OBSERVE,nan,nan,nan,nan,0.000000
0.700000,-0.650000,70.000000,0,PLAN_TOP_OBSERVE,nan,nan,nan,nan,0.000000
0.700000,-0.650000,80.000000,0,PLAN_TOP_OBSERVE,nan,nan,nan,nan,0.000000
-0.700000,-0.600000,0.000000,0,PLAN_TOP_OBSERVE,nan,nan,nan,nan,0.000000
-0.700000,-0.600000,10.000000,0,PLAN_TOP_OBSERVE,nan,nan,nan,nan,0.000000
-0.700000,-0.600000,20.000000,0,PLAN_TOP_OBSERVE,nan,nan,nan,nan,0.000000
-0.700000,-0.600000,30.000000,0,PLAN_TOP_OBSERVE,nan,nan,nan,nan,0.000000
-0.700000,-0.600000,40.000000,0,PLAN_TOP_OBSERVE,nan,nan,nan,nan,0.000000
-0.700000,-0.600000,50.000000,0,PLAN_TOP_OBSERVE,nan,nan,nan,nan,0.000000
-0.700000,-0.600000,60.000000,0,PLAN_TOP_OBSERVE,nan,nan,nan,nan,0.000000
-0.700000,-0.600000,70.000000,0,PLAN_TOP_OBSERVE,nan,nan,nan,nan,0.000000
-0.700000,-0.600000,80.000000,0,PLAN_TOP_OBSERVE,nan,nan,nan,nan,0.000000
-0.650000,-0.600000,0.000000,0,PLAN_TOP_OBSERVE,nan,nan,nan,nan,0.000000
-0.650000,-0.600000,10.000000,0,PLAN_TOP_OBSERVE,nan,nan,nan,nan,0.000000
-0.650000,-0.600000,20.000000,0,PLAN_TOP_OBSERVE,nan,nan,nan,nan,0.000000
-0.650000,-0.600000,30.000000,0,PLAN_TOP_OBSERVE,nan,nan,nan,nan,0.000000
-0.650000,-0.600000,40.000000,0,PLAN_TOP_OBSERVE,nan,nan,nan,nan,0.000000
-0.650000,-0.600000,50.000000,0,PLAN_TOP_OBSERVE,nan,nan,nan,nan,0.000000
-0.650000,-0.600000,60.000000,0,PLAN_TOP_OBSERVE,nan,nan,nan,nan,0.000000
-0.650000,-0.600000,70.000000,0,PLAN_TOP_OBSERVE,nan,nan,nan,nan,0.000000
-0.650000,-0.600000,80.000000,0,PLAN_TOP_OBSERVE,nan,nan,nan,nan,0.000000
-0.600000,-0.600000,0.000000,0,PLAN_TOP_OBSERVE,nan,nan,nan,nan,0.000000
-0.600000,-0.600000,10.000000,0,PLAN_TOP_OBSERVE,nan,nan,nan,nan,0.000000
-0.600000,-0.600000,20.000000,0,PLAN_TOP_OBSERVE,nan,nan,nan,nan,0.000000
-0.600000,-0.600000,30.000000,0,PLAN_TOP_OBSERVE,nan,nan,nan,nan,0.000000
-0.600000,-0.600000,40.000000,0,PLAN_TOP_OBSERVE,nan,nan,nan,nan,0.000000
-0.600000,-0.600000,50.000000,0,PLAN_TOP_OBSERVE,nan,nan,nan,nan,0.000000
-0.600000,-0.600000,60.000000,0,PLAN_TOP_OBSERVE,nan,nan,nan,nan,0.000000
-0.600000,-0.600000,70.000000,0,PLAN_TOP_OBSERVE,nan,nan,nan,nan,0.000000
-0.600000,-0.600000,80.000000,0,PLAN_TOP_OBSERVE,nan,nan,nan,nan,0.000000
-0.550000,-0.600000,0.000000,0,PLAN_TOP_OBSERVE,nan,nan,nan,nan,0.000000
-0.550000,-0.600000,10.000000,0,PLAN_TOP_OBSERVE,nan,nan,nan,nan,0.000000
-0.550000,-0.600000,20.000000,0,PLAN_TOP_OBSERVE,nan,nan,nan,nan,0.000000
-0.550000,-0.600000,30.000000,0,PLAN_TOP_OBSERVE,nan,nan,nan,nan,0.000000
-0.550000,-0.600000,40.000000,0,PLAN_TOP_OBSERVE,nan,nan,nan,nan,0.000000
-0.550000,-0.600000,50.000000,0,PLAN_TOP_OBSERVE,nan,nan,nan,nan,0.000000
-0.550000,-0.600000,60.000000,0,PLAN_TOP_OBSERVE,nan,nan,nan,nan,0.000000
-0.550000,-0.600000,70.000000,0,PLAN_TOP_OBSERVE,nan,nan,nan,nan,0.000000
-0.550000,-0.600000,80.000000,0,PLAN_TOP_OBSERVE,nan,nan,nan,nan,0.000000
-0.500000,-0.600000,0.000000,0,PLAN_TOP_OBSERVE,nan,nan,nan,nan,0.000000
-0.500000,-0.600000,10.000000,0,PLAN_TOP_OBSERVE,nan,nan,nan,nan,0.000000
-0.500000,-0.600000,20.000000,0,PLAN_TOP_OBSERVE,nan,nan,nan,nan,0.000000
-0.500000,-0.600000,30.000000,0,PLAN_TOP_OBSERVE,nan,nan,nan,nan,0.000000
-0.500000,-0.600000,40.000000,0,PLAN_TOP_OBSERVE,nan,nan,nan,nan,0.000000
-0.500000,-0.600000,50.000000,0,PLAN_TOP_OBSERVE,nan,nan,nan,nan,0.000000
-0.500000,-0.600000,60.000000,0,PLAN_TOP_OBSERVE,nan,nan,nan,nan,0.000000
-0.500000,-0.600000,70.000000,0,PLAN_TOP_OBSERVE,nan,nan,nan,nan,0.000000
-0.500000,-0.600000,80.000000,0,PLAN_TOP_OBSERVE,nan,nan,nan,nan,0.000000
-0.450000,-0.600000,0.000000,0,PLAN_TOP_OBSERVE,nan,nan,nan,nan,0.000000
-0.450000,-0.600000,10.000000,0,PLAN_TOP_OBSERVE,nan,nan,nan,nan,0.000000
-0.450000,-0.600000,20.000000,0,PLAN_TOP_OBSERVE,nan,nan,nan,nan,0.000000
-0.450000,-0.600000,30.000000,0,PLAN_TOP_OBSERVE,nan,nan,nan,nan,0.000000
-0.450000,-0.600000,40.000000,0,PLAN_TOP_OBSERVE,nan,nan,nan,nan,0.000000
-0.450000,-0.600000,50.000000,0,PLAN_TOP_OBSERVE,nan,nan,nan,nan,0.000000
-0.450000,-0.600000,60.000000,0,PLAN_TOP_OBSERVE,nan,nan,nan,nan,0.000000
-0.450000,-0.600000,70.000000,0,PLAN_TOP_OBSERVE,nan,nan,nan,nan,0.000000
-0.450000,-0.600000,80.000000,0,PLAN_TOP_OBSERVE,nan,nan,nan,nan,0.000000
-0.400000,-0.600000,0.000000,0,PLAN_TOP_OBSERVE,nan,nan,nan,nan,0.000000
-0.400000,-0.600000,10.000000,0,PLAN_TOP_OBSERVE,nan,nan,nan,nan,0.000000
-0.400000,-0.600000,20.000000,0,PLAN_TOP_OBSERVE,nan,nan,nan,nan,0.000000
-0.400000,-0.600000,30.000000,0,PLAN_TOP_OBSERVE,nan,nan,nan,nan,0.000000
-0.400000,-0.600000,40.000000,0,PLAN_TOP_OBSERVE,nan,nan,nan,nan,0.000000
-0.400000,-0.600000,50.000000,0,PLAN_TOP_OBSERVE,nan,nan,nan,nan,0.000000
-0.400000,-0.600000,60.000000,0,PLAN_TOP_OBSERVE,nan,nan,nan,nan,0.000000
-0.400000,-0.600000,70.000000,0,PLAN_TOP_OBSERVE,nan,nan,nan,nan,0.000000
-0.400000,-0.600000,80.000000,0,PLAN_TOP_OBSERVE,nan,nan,nan,nan,0.000000
-0.350000,-0.600000,0.000000,0,PLAN_TOP_OBSERVE,nan,nan,nan,nan,0.000000
-0.350000,-0.600000,10.000000,0,PLAN_TOP_OBSERVE,nan,nan,nan,nan,0.000000
-0.350000,-0.600000,20.000000,0,PLAN_TOP_OBSERVE,nan,nan,nan,nan,0.000000
-0.350000,-0.600000,30.000000,0,PLAN_TOP_OBSERVE,nan,nan,nan,nan,0.000000
-0.350000,-0.600000,40.000000,0,PLAN_TOP_OBSERVE,nan,nan,nan,nan,0.000000
-0.350000,-0.600000,50.000000,0,PLAN_TOP_OBSERVE,nan,nan,nan,nan,0.000000
-0.350000,-0.600000,60.000000,0,PLAN_TOP_OBSERVE,nan,nan,nan,nan,0.000000
-0.350000,-0.600000,70.000000,0,PLAN_TOP_OBSERVE,nan,nan,nan,nan,0.000000
-0.350000,-0.600000,80.000000,0,PLAN_TOP_OBSERVE,nan,nan,nan,nan,0.000000
-0.300000,-0.600000,0.000000,0,PLAN_TOP_OBSERVE,nan,nan,nan,nan,0.000000
-0.300000,-0.600000,10.000000,0,PLAN_TOP_OBSERVE,nan,nan,nan,nan,0.000000
-0.300000,-0.600000,20.000000,0,PLAN_TOP_OBSERVE,nan,nan,nan,nan,0.000000
-0.300000,-0.600000,30.000000,0,PLAN_TOP_OBSERVE,nan,nan,nan,nan,0.000000
-0.300000,-0.600000,40.000000,0,PLAN_TOP_OBSERVE,nan,nan,nan,nan,0.000000
-0.300000,-0.600000,50.000000,0,PLAN_TOP_OBSERVE,nan,nan,nan,nan,0.000000
-0.300000,-0.600000,60.000000,0,PLAN_TOP_OBSERVE,nan,nan,nan,nan,0.000000
-0.300000,-0.600000,70.000000,0,PLAN_TOP_OBSERVE,nan,nan,nan,nan,0.000000
-0.300000,-0.600000,80.000000,0,PLAN_TOP_OBSERVE,nan,nan,nan,nan,0.000000
-0.250000,-0.600000,0.000000,0,PLAN_TOP_OBSERVE,nan,nan,nan,nan,0.000000
-0.250000,-0.600000,10.000000,0,PLAN_TOP_OBSERVE,nan,nan,nan,nan,0.000000
-0.250000,-0.600000,20.000000,0,PLAN_TOP_OBSERVE,nan,nan,nan,nan,0.000000
-0.250000,-0.600000,30.000000,0,PLAN_TOP_OBSERVE,nan,nan,nan,nan,0.000000
-0.250000,-0.600000,40.000000,0,PLAN_TOP_OBSERVE,nan,nan,nan,nan,0.000000
-0.250000,-0.600000,50.000000,0,PLAN_TOP_OBSERVE,nan,nan,nan,nan,0.000000
-0.250000,-0.600000,60.000000,0,PLAN_TOP_OBSERVE,nan,nan,nan,nan,0.000000
-0.250000,-0.600000,70.000000,0,PLAN_TOP_OBSERVE,nan,nan,nan,nan,0.000000
-0.250000,-0.600000,80.000000,0,PLAN_TOP_OBSERVE,nan,nan,nan,nan,0.000000
-0.200000,-0.600000,0.000000,0,PLAN_TOP_OBSERVE,nan,nan,nan,nan,0.000000
-0.200000,-0.600000,10.000000,0,PLAN_TOP_OBSERVE,nan,nan,nan,nan,0.000000
-0.200000,-0.600000,20.000000,0,PLAN_TOP_OBSERVE,nan,nan,nan,nan,0.000000
-0.200000,-0.600000,30.000000,0,PLAN_TOP_OBSERVE,nan,nan,nan,nan,0.000000
-0.200000,-0.600000,40.000000,0,PLAN_TOP_OBSERVE,nan,nan,nan,nan,0.000000
-0.200000,-0.600000,50.000000,0,PLAN_TOP_OBSERVE,nan,nan,nan,nan,0.000000
-0.200000,-0.600000,60.000000,0,PLAN_TOP_OBSERVE,nan,nan,nan,nan,0.000000
-0.200000,-0.600000,70.000000,0,PLAN_TOP_OBSERVE,nan,nan,nan,nan,0.000000
-0.200000,-0.600000,80.000000,0,PLAN_TOP_OBSERVE,nan,nan,nan,nan,0.000000
-0.150000,-0.600000,0.000000,0,PLAN_TOP_OBSERVE,nan,nan,nan,nan,0.000000
-0.150000,-0.600000,10.000000,0,PLAN_TOP_OBSERVE,nan,nan,nan,nan,0.000000
-0.150000,-0.600000,20.000000,0,PLAN_TOP_OBSERVE,nan,nan,nan,nan,0.000000
-0.150000,-0.600000,30.000000,0,PLAN_TOP_OBSERVE,nan,nan,nan,nan,0.000000
-0.150000,-0.600000,40.000000,0,PLAN_TOP_OBSERVE,nan,nan,nan,nan,0.000000
-0.150000,-0.600000,50.000000,0,PLAN_TOP_OBSERVE,nan,nan,nan,nan,0.000000
-0.150000,-0.600000,60.000000,0,PLAN_TOP_OBSERVE,nan,nan,nan,nan,0.000000
-0.150000,-0.600000,70.000000,0,PLAN_TOP_OBSERVE,nan,nan,nan,nan,0.000000
-0.150000,-0.600000,80.000000,0,PLAN_TOP_OBSERVE,nan,nan,nan,nan,0.000000
-0.100000,-0.600000,0.000000,0,PLAN_TOP_OBSERVE,nan,nan,nan,nan,0.000000
-0.100000,-0.600000,10.000000,0,PLAN_TOP_OBSERVE,nan,nan,nan,nan,0.000000
-0.100000,-0.600000,20.000000,0,PLAN_TOP_OBSERVE,nan,nan,nan,nan,0.000000
-0.100000,-0.600000,30.000000,0,PLAN_TOP_OBSERVE,nan,nan,nan,nan,0.000000
-0.100000,-0.600000,40.000000,0,PLAN_TOP_OBSERVE,nan,nan,nan,nan,0.000000
-0.100000,-0.600000,50.000000,0,PLAN_TOP_OBSERVE,nan,nan,nan,nan,0.000000
-0.100000,-0.600000,60.000000,0,PLAN_TOP_OBSERVE,nan,nan,nan,nan,0.000000
-0.100000,-0.600000,70.000000,0,PLAN_TOP_OBSERVE,nan,nan,nan,nan,0.000000
-0.100000,-0.600000,80.000000,0,PLAN_TOP_OBSERVE,nan,nan,nan,nan,0.000000
-0.050000,-0.600000,0.000000,0,PLAN_TOP_OBSERVE,nan,nan,nan,nan,0.000000
-0.050000,-0.600000,10.000000,0,PLAN_TOP_OBSERVE,nan,nan,nan,nan,0.000000
-0.050000,-0.600000,20.000000,0,PLAN_TOP_OBSERVE,nan,nan,nan,nan,0.000000
-0.050000,-0.600000,30.000000,0,PLAN_TOP_OBSERVE,nan,nan,nan,nan,0.000000
-0.050000,-0.600000,40.000000,0,PLAN_TOP_OBSERVE,nan,nan,nan,nan,0.000000
-0.050000,-0.600000,50.000000,0,PLAN_TOP_OBSERVE,nan,nan,nan,nan,0.000000
-0.050000,-0.600000,60.000000,0,PLAN_TOP_OBSERVE,nan,nan,nan,nan,0.000000
-0.050000,-0.600000,70.000000,0,PLAN_TOP_OBSERVE,nan,nan,nan,nan,0.000000
-0.050000,-0.600000,80.000000,0,PLAN_TOP_OBSERVE,nan,nan,nan,nan,0.000000
0.000000,-0.600000,0.000000,0,PLAN_TOP_OBSERVE,nan,nan,nan,nan,0.000000
0.000000,-0.600000,10.000000,0,PLAN_TOP_OBSERVE,nan,nan,nan,nan,0.000000
0.000000,-0.600000,20.000000,0,PLAN_TOP_OBSERVE,nan,nan,nan,nan,0.000000
0.000000,-0.600000,30.000000,0,PLAN_TOP_OBSERVE,nan,nan,nan,nan,0.000000
0.000000,-0.600000,40.000000,0,PLAN_TOP_OBSERVE,nan,nan,nan,nan,0.000000
0.000000,-0.600000,50.000000,0,PLAN_TOP_OBSERVE,nan,nan,nan,nan,0.000000
0.000000,-0.600000,60.000000,0,PLAN_TOP_OBSERVE,nan,nan,nan,nan,0.000000
0.000000,-0.600000,70.000000,0,PLAN_TOP_OBSERVE,nan,nan,nan,nan,0.000000
0.000000,-0.600000,80.000000,0,PLAN_TOP_OBSERVE,nan,nan,nan,nan,0.000000
0.050000,-0.600000,0.000000,0,PLAN_TOP_OBSERVE,nan,nan,nan,nan,0.000000
0.050000,-0.600000,10.000000,0,PLAN_TOP_OBSERVE,nan,nan,nan,nan,0.000000
0.050000,-0.600000,20.000000,0,PLAN_TOP_OBSERVE,nan,nan,nan,nan,0.000000
0.050000,-0.600000,30.000000,0,PLAN_TOP_OBSERVE,nan,nan,nan,nan,0.000000
0.050000,-0.600000,40.000000,0,PLAN_TOP_OBSERVE,nan,nan,nan,nan,0.000000
0.050000,-0.600000,50.000000,0,PLAN_TOP_OBSERVE,nan,nan,nan,nan,0.000000
0.050000,-0.600000,60.000000,0,PLAN_TOP_OBSERVE,nan,nan,nan,nan,0.000000
0.050000,-0.600000,70.000000,0,PLAN_TOP_OBSERVE,nan,nan,nan,nan,0.000000
0.050000,-0.600000,80.000000,0,PLAN_TOP_OBSERVE,nan,nan,nan,nan,0.000000
0.100000,-0.600000,0.000000,0,PLAN_TOP_OBSERVE,nan,nan,nan,nan,0.000000
0.100000,-0.600000,10.000000,0,PLAN_TOP_OBSERVE,nan,nan,nan,nan,0.000000
0.100000,-0.600000,20.000000,0,PLAN_TOP_OBSERVE,nan,nan,nan,nan,0.000000
0.100000,-0.600000,30.000000,0,PLAN_TOP_OBSERVE,nan,nan,nan,nan,0.000000
0.100000,-0.600000,40.000000,0,PLAN_TOP_OBSERVE,nan,nan,nan,nan,0.000000
0.100000,-0.600000,50.000000,0,PLAN_TOP_OBSERVE,nan,nan,nan,nan,0.000000
0.100000,-0.600000,60.000000,0,PLAN_TOP_OBSERVE,nan,nan,nan,nan,0.000000
0.100000,-0.600000,70.000000,0,PLAN_TOP_OBSERVE,nan,nan,nan,nan,0.000000
0.100000,-0.600000,80.000000,0,PLAN_TOP_OBSERVE,nan,nan,nan,nan,0.000000
0.150000,-0.600000,0.000000,0,PLAN_TOP_OBSERVE,nan,nan,nan,nan,0.000000
0.150000,-0.600000,10.000000,0,PLAN_TOP_OBSERVE,nan,nan,nan,nan,0.000000
0.150000,-0.600000,20.000000,0,PLAN_TOP_OBSERVE,nan,nan,nan,nan,0.000000
0.150000,-0.600000,30.000000,0,PLAN_TOP_OBSERVE,nan,nan,nan,nan,0.000000
0.150000,-0.600000,40.000000,0,PLAN_TOP_OBSERVE,nan,nan,nan,nan,0.000000
0.150000,-0.600000,50.000000,0,PLAN_TOP_OBSERVE,nan,nan,nan,nan,0.000000
0.150000,-0.600000,60.000000,0,PLAN_TOP_OBSERVE,nan,nan,nan,nan,0.000000
0.150000,-0.600000,70.000000,0,PLAN_TOP_OBSERVE,nan,nan,nan,nan,0.000000
0.150000,-0.600000,80.000000,0,PLAN_TOP_OBSERVE,nan,nan,nan,nan,0.000000
0.200000,-0.600000,0.000000,0,PLAN_TOP_OBSERVE,nan,nan,nan,nan,0.000000
0.200000,-0.600000,10.000000,0,PLAN_TOP_OBSERVE,nan,nan,nan,nan,0.000000
0.200000,-0.600000,20.000000,0,PLAN_TOP_OBSERVE,nan,nan,nan,nan,0.000000
0.200000,-0.600000,30.000000,0,PLAN_TOP_OBSERVE,nan,nan,nan,nan,0.000000
0.200000,-0.600000,40.000000,0,PLAN_TOP_OBSERVE,nan,nan,nan,nan,0.000000
0.200000,-0.600000,50.000000,0,PLAN_TOP_OBSERVE,nan,nan,nan,nan,0.000000
0.200000,-0.600000,60.000000,0,PLAN_TOP_OBSERVE,nan,nan,nan,nan,0.000000
0.200000,-0.600000,70.000000,0,PLAN_TOP_OBSERVE,nan,nan,nan,nan,0.000000
0.200000,-0.600000,80.000000,0,PLAN_TOP_OBSERVE,nan,nan,nan,nan,0.000000
0.250000,-0.600000,0.000000,0,PLAN_TOP_OBSERVE,nan,nan,nan,nan,0.000000
0.250000,-0.600000,10.000000,0,PLAN_TOP_OBSERVE,nan,nan,nan,nan,0.000000
0.250000,-0.600000,20.000000,0,PLAN_TOP_OBSERVE,nan,nan,nan,nan,0.000000
0.250000,-0.600000,30.000000,0,PLAN_TOP_OBSERVE,nan,nan,nan,nan,0.000000
0.250000,-0.600000,40.000000,0,PLAN_TOP_OBSERVE,nan,nan,nan,nan,0.000000
0.250000,-0.600000,50.000000,0,PLAN_TOP_OBSERVE,nan,nan,nan,nan,0.000000
0.250000,-0.600000,60.000000,0,PLAN_TOP_OBSERVE,nan,nan,nan,nan,0.000000
0.250000,-0.600000,70.000000,0,PLAN_TOP_OBSERVE,nan,nan,nan,nan,0.000000
0.250000,-0.600000,80.000000,0,PLAN_TOP_OBSERVE,nan,nan,nan,nan,0.000000
0.300000,-0.600000,0.000000,0,PLAN_TOP_OBSERVE,nan,nan,nan,nan,0.000000
0.300000,-0.600000,10.000000,0,PLAN_TOP_OBSERVE,nan,nan,nan,nan,0.000000
0.300000,-0.600000,20.000000,0,PLAN_TOP_OBSERVE,nan,nan,nan,nan,0.000000
0.300000,-0.600000,30.000000,0,PLAN_TOP_OBSERVE,nan,nan,nan,nan,0.000000
0.300000,-0.600000,40.000000,0,PLAN_TOP_OBSERVE,nan,nan,nan,nan,0.000000
0.300000,-0.600000,50.000000,0,PLAN_TOP_OBSERVE,nan,nan,nan,nan,0.000000
0.300000,-0.600000,60.000000,0,PLAN_TOP_OBSERVE,nan,nan,nan,nan,0.000000
0.300000,-0.600000,70.000000,0,PLAN_TOP_OBSERVE,nan,nan,nan,nan,0.000000
0.300000,-0.600000,80.000000,0,PLAN_TOP_OBSERVE,nan,nan,nan,nan,0.000000
0.350000,-0.600000,0.000000,0,PLAN_TOP_OBSERVE,nan,nan,nan,nan,0.000000
0.350000,-0.600000,10.000000,0,PLAN_TOP_OBSERVE,nan,nan,nan,nan,0.000000
0.350000,-0.600000,20.000000,0,PLAN_TOP_OBSERVE,nan,nan,nan,nan,0.000000
0.350000,-0.600000,30.000000,0,PLAN_TOP_OBSERVE,nan,nan,nan,nan,0.000000
0.350000,-0.600000,40.000000,0,PLAN_TOP_OBSERVE,nan,nan,nan,nan,0.000000
0.350000,-0.600000,50.000000,0,PLAN_TOP_OBSERVE,nan,nan,nan,nan,0.000000
0.350000,-0.600000,60.000000,0,PLAN_TOP_OBSERVE,nan,nan,nan,nan,0.000000
0.350000,-0.600000,70.000000,0,PLAN_TOP_OBSERVE,nan,nan,nan,nan,0.000000
0.350000,-0.600000,80.000000,0,PLAN_TOP_OBSERVE,nan,nan,nan,nan,0.000000
0.400000,-0.600000,0.000000,0,PLAN_TOP_OBSERVE,nan,nan,nan,nan,0.000000
0.400000,-0.600000,10.000000,0,PLAN_TOP_OBSERVE,nan,nan,nan,nan,0.000000
0.400000,-0.600000,20.000000,0,PLAN_TOP_OBSERVE,nan,nan,nan,nan,0.000000
0.400000,-0.600000,30.000000,0,PLAN_TOP_OBSERVE,nan,nan,nan,nan,0.000000
0.400000,-0.600000,40.000000,0,PLAN_TOP_OBSERVE,nan,nan,nan,nan,0.000000
0.400000,-0.600000,50.000000,0,PLAN_TOP_OBSERVE,nan,nan,nan,nan,0.000000
0.400000,-0.600000,60.000000,0,PLAN_TOP_OBSERVE,nan,nan,nan,nan,0.000000
0.400000,-0.600000,70.000000,0,PLAN_TOP_OBSERVE,nan,nan,nan,nan,0.000000
0.400000,-0.600000,80.000000,0,PLAN_TOP_OBSERVE,nan,nan,nan,nan,0.000000
0.450000,-0.600000,0.000000,0,PLAN_TOP_OBSERVE,nan,nan,nan,nan,0.000000
0.450000,-0.600000,10.000000,0,PLAN_TOP_OBSERVE,nan,nan,nan,nan,0.000000
0.450000,-0.600000,20.000000,0,PLAN_TOP_OBSERVE,nan,nan,nan,nan,0.000000
0.450000,-0.600000,30.000000,0,PLAN_TOP_OBSERVE,nan,nan,nan,nan,0.000000
0.450000,-0.600000,40.000000,0,PLAN_TOP_OBSERVE,nan,nan,nan,nan,0.000000
0.450000,-0.600000,50.000000,0,PLAN_TOP_OBSERVE,nan,nan,nan,nan,0.000000
0.450000,-0.600000,60.000000,0,PLAN_TOP_OBSERVE,nan,nan,nan,nan,0.000000
0.450000,-0.600000,70.000000,0,PLAN_TOP_OBSERVE,nan,nan,nan,nan,0.000000
0.450000,-0.600000,80.000000,0,PLAN_TOP_OBSERVE,nan,nan,nan,nan,0.000000
0.500000,-0.600000,0.000000,0,PLAN_TOP_OBSERVE,nan,nan,nan,nan,0.000000
0.500000,-0.600000,10.000000,0,PLAN_TOP_OBSERVE,nan,nan,nan,nan,0.000000
0.500000,-0.600000,20.000000,0,PLAN_TOP_OBSERVE,nan,nan,nan,nan,0.000000
0.500000,-0.600000,30.000000,0,PLAN_TOP_OBSERVE,nan,nan,nan,nan,0.000000
0.500000,-0.600000,40.000000,0,PLAN_TOP_OBSERVE,nan,nan,nan,nan,0.000000
0.500000,-0.600000,50.000000,0,PLAN_TOP_OBSERVE,nan,nan,nan,nan,0.000000
0.500000,-0.600000,60.000000,0,PLAN_TOP_OBSERVE,nan,nan,nan,nan,0.000000
0.500000,-0.600000,70.000000,0,PLAN_TOP_OBSERVE,nan,nan,nan,nan,0.000000
0.500000,-0.600000,80.000000,0,PLAN_TOP_OBSERVE,nan,nan,nan,nan,0.000000
0.550000,-0.600000,0.000000,0,PLAN_TOP_OBSERVE,nan,nan,nan,nan,0.000000
0.550000,-0.600000,10.000000,0,PLAN_TOP_OBSERVE,nan,nan,nan,nan,0.000000
0.550000,-0.600000,20.000000,0,PLAN_TOP_OBSERVE,nan,nan,nan,nan,0.000000
0.550000,-0.600000,30.000000,0,PLAN_TOP_OBSERVE,nan,nan,nan,nan,0.000000
0.550000,-0.600000,40.000000,0,PLAN_TOP_OBSERVE,nan,nan,nan,nan,0.000000
0.550000,-0.600000,50.000000,0,PLAN_TOP_OBSERVE,nan,nan,nan,nan,0.000000
0.550000,-0.600000,60.000000,0,PLAN_TOP_OBSERVE,nan,nan,nan,nan,0.000000
0.550000,-0.600000,70.000000,0,PLAN_TOP_OBSERVE,nan,nan,nan,nan,0.000000
0.550000,-0.600000,80.000000,0,PLAN_TOP_OBSERVE,nan,nan,nan,nan,0.000000
0.600000,-0.600000,0.000000,0,PLAN_TOP_OBSERVE,nan,nan,nan,nan,0.000000
0.600000,-0.600000,10.000000,0,PLAN_TOP_OBSERVE,nan,nan,nan,nan,0.000000
0.600000,-0.600000,20.000000,0,PLAN_TOP_OBSERVE,nan,nan,nan,nan,0.000000
0.600000,-0.600000,30.000000,0,PLAN_TOP_OBSERVE,nan,nan,nan,nan,0.000000
0.600000,-0.600000,40.000000,0,PLAN_TOP_OBSERVE,nan,nan,nan,nan,0.000000
0.600000,-0.600000,50.000000,0,PLAN_TOP_OBSERVE,nan,nan,nan,nan,0.000000
0.600000,-0.600000,60.000000,0,PLAN_TOP_OBSERVE,nan,nan,nan,nan,0.000000
0.600000,-0.600000,70.000000,0,PLAN_TOP_OBSERVE,nan,nan,nan,nan,0.000000
0.600000,-0.600000,80.000000,0,PLAN_TOP_OBSERVE,nan,nan,nan,nan,0.000000
0.650000,-0.600000,0.000000,0,PLAN_TOP_OBSERVE,nan,nan,nan,nan,0.000000
0.650000,-0.600000,10.000000,0,PLAN_TOP_OBSERVE,nan,nan,nan,nan,0.000000
0.650000,-0.600000,20.000000,0,PLAN_TOP_OBSERVE,nan,nan,nan,nan,0.000000
0.650000,-0.600000,30.000000,0,PLAN_TOP_OBSERVE,nan,nan,nan,nan,0.000000
0.650000,-0.600000,40.000000,0,PLAN_TOP_OBSERVE,nan,nan,nan,nan,0.000000
0.650000,-0.600000,50.000000,0,PLAN_TOP_OBSERVE,nan,nan,nan,nan,0.000000
0.650000,-0.600000,60.000000,0,PLAN_TOP_OBSERVE,nan,nan,nan,nan,0.000000
0.650000,-0.600000,70.000000,0,PLAN_TOP_OBSERVE,nan,nan,nan,nan,0.000000
0.650000,-0.600000,80.000000,0,PLAN_TOP_OBSERVE,nan,nan,nan,nan,0.000000
0.700000,-0.600000,0.000000,0,PLAN_TOP_OBSERVE,nan,nan,nan,nan,0.000000
0.700000,-0.600000,10.000000,0,PLAN_TOP_OBSERVE,nan,nan,nan,nan,0.000000
0.700000,-0.600000,20.000000,0,PLAN_TOP_OBSERVE,nan,nan,nan,nan,0.000000
0.700000,-0.600000,30.000000,0,PLAN_TOP_OBSERVE,nan,nan,nan,nan,0.000000
0.700000,-0.600000,40.000000,0,PLAN_TOP_OBSERVE,nan,nan,nan,nan,0.000000
0.700000,-0.600000,50.000000,0,PLAN_TOP_OBSERVE,nan,nan,nan,nan,0.000000
0.700000,-0.600000,60.000000,0,PLAN_TOP_OBSERVE,nan,nan,nan,nan,0.000000
0.700000,-0.600000,70.000000,0,PLAN_TOP_OBSERVE,nan,nan,nan,nan,0.000000
0.700000,-0.600000,80.000000,0,PLAN_TOP_OBSERVE,nan,nan,nan,nan,0.000000
-0.700000,-0.550000,0.000000,0,PLAN_TOP_OBSERVE,nan,nan,nan,nan,0.000000
-0.700000,-0.550000,10.000000,0,PLAN_TOP_OBSERVE,nan,nan,nan,nan,0.000000
-0.700000,-0.550000,20.000000,0,PLAN_TOP_OBSERVE,nan,nan,nan,nan,0.000000
-0.700000,-0.550000,30.000000,0,PLAN_TOP_OBSERVE,nan,nan,nan,nan,0.000000
-0.700000,-0.550000,40.000000,0,PLAN_TOP_OBSERVE,nan,nan,nan,nan,0.000000
-0.700000,-0.550000,50.000000,0,PLAN_TOP_OBSERVE,nan,nan,nan,nan,0.000000
-0.700000,-0.550000,60.000000,0,PLAN_TOP_OBSERVE,nan,nan,nan,nan,0.000000
-0.700000,-0.550000,70.000000,0,PLAN_TOP_OBSERVE,nan,nan,nan,nan,0.000000
-0.700000,-0.550000,80.000000,0,PLAN_TOP_OBSERVE,nan,nan,nan,nan,0.000000
-0.650000,-0.550000,0.000000,0,PLAN_TOP_OBSERVE,nan,nan,nan,nan,0.000000
-0.650000,-0.550000,10.000000,0,PLAN_TOP_OBSERVE,nan,nan,nan,nan,0.000000
-0.650000,-0.550000,20.000000,0,PLAN_TOP_OBSERVE,nan,nan,nan,nan,0.000000
-0.650000,-0.550000,30.000000,0,PLAN_TOP_OBSERVE,nan,nan,nan,nan,0.000000
-0.650000,-0.550000,40.000000,0,PLAN_TOP_OBSERVE,nan,nan,nan,nan,0.000000
-0.650000,-0.550000,50.000000,0,PLAN_TOP_OBSERVE,nan,nan,nan,nan,0.000000
-0.650000,-0.550000,60.000000,0,PLAN_TOP_OBSERVE,nan,nan,nan,nan,0.000000
-0.650000,-0.550000,70.000000,0,PLAN_TOP_OBSERVE,nan,nan,nan,nan,0.000000
-0.650000,-0.550000,80.000000,0,PLAN_TOP_OBSERVE,nan,nan,nan,nan,0.000000
-0.600000,-0.550000,0.000000,0,PLAN_TOP_OBSERVE,nan,nan,nan,nan,0.000000
-0.600000,-0.550000,10.000000,0,PLAN_TOP_OBSERVE,nan,nan,nan,nan,0.000000
-0.600000,-0.550000,20.000000,0,PLAN_TOP_OBSERVE,nan,nan,nan,nan,0.000000
-0.600000,-0.550000,30.000000,0,PLAN_TOP_OBSERVE,nan,nan,nan,nan,0.000000
-0.600000,-0.550000,40.000000,0,PLAN_TOP_OBSERVE,nan,nan,nan,nan,0.000000
-0.600000,-0.550000,50.000000,0,PLAN_TOP_OBSERVE,nan,nan,nan,nan,0.000000
-0.600000,-0.550000,60.000000,0,PLAN_TOP_OBSERVE,nan,nan,nan,nan,0.000000
-0.600000,-0.550000,70.000000,0,PLAN_TOP_OBSERVE,nan,nan,nan,nan,0.000000
-0.600000,-0.550000,80.000000,0,PLAN_TOP_OBSERVE,nan,nan,nan,nan,0.000000
-0.550000,-0.550000,0.000000,0,PLAN_TOP_OBSERVE,nan,nan,nan,nan,0.000000
-0.550000,-0.550000,10.000000,0,PLAN_TOP_OBSERVE,nan,nan,nan,nan,0.000000
-0.550000,-0.550000,20.000000,0,PLAN_TOP_OBSERVE,nan,nan,nan,nan,0.000000
-0.550000,-0.550000,30.000000,0,PLAN_TOP_OBSERVE,nan,nan,nan,nan,0.000000
-0.550000,-0.550000,40.000000,0,PLAN_TOP_OBSERVE,nan,nan,nan,nan,0.000000
-0.550000,-0.550000,50.000000,0,PLAN_TOP_OBSERVE,nan,nan,nan,nan,0.000000
-0.550000,-0.550000,60.000000,0,PLAN_TOP_OBSERVE,nan,nan,nan,nan,0.000000
-0.550000,-0.550000,70.000000,0,PLAN_TOP_OBSERVE,nan,nan,nan,nan,0.000000
-0.550000,-0.550000,80.000000,0,PLAN_TOP_OBSERVE,nan,nan,nan,nan,0.000000
-0.500000,-0.550000,0.000000,0,PLAN_TOP_OBSERVE,nan,nan,nan,nan,0.000000
-0.500000,-0.550000,10.000000,0,PLAN_TOP_OBSERVE,nan,nan,nan,nan,0.000000
-0.500000,-0.550000,20.000000,0,PLAN_TOP_OBSERVE,nan,nan,nan,nan,0.000000
-0.500000,-0.550000,30.000000,0,PLAN_TOP_OBSERVE,nan,nan,nan,nan,0.000000
-0.500000,-0.550000,40.000000,0,PLAN_TOP_OBSERVE,nan,nan,nan,nan,0.000000
-0.500000,-0.550000,50.000000,0,PLAN_TOP_OBSERVE,nan,nan,nan,nan,0.000000
-0.500000,-0.550000,60.000000,0,PLAN_TOP_OBSERVE,nan,nan,nan,nan,0.000000
-0.500000,-0.550000,70.000000,0,PLAN_TOP_OBSERVE,nan,nan,nan,nan,0.000000
-0.500000,-0.550000,80.000000,0,PLAN_TOP_OBSERVE,nan,nan,nan,nan,0.000000
-0.450000,-0.550000,0.000000,0,PLAN_TOP_OBSERVE,nan,nan,nan,nan,0.000000
-0.450000,-0.550000,10.000000,0,PLAN_TOP_OBSERVE,nan,nan,nan,nan,0.000000
-0.450000,-0.550000,20.000000,0,PLAN_TOP_OBSERVE,nan,nan,nan,nan,0.000000
-0.450000,-0.550000,30.000000,0,PLAN_TOP_OBSERVE,nan,nan,nan,nan,0.000000
-0.450000,-0.550000,40.000000,0,PLAN_TOP_OBSERVE,nan,nan,nan,nan,0.000000
-0.450000,-0.550000,50.000000,0,PLAN_TOP_OBSERVE,nan,nan,nan,nan,0.000000
-0.450000,-0.550000,60.000000,0,PLAN_TOP_OBSERVE,nan,nan,nan,nan,0.000000
-0.450000,-0.550000,70.000000,0,PLAN_TOP_OBSERVE,nan,nan,nan,nan,0.000000
-0.450000,-0.550000,80.000000,0,PLAN_TOP_OBSERVE,nan,nan,nan,nan,0.000000
-0.400000,-0.550000,0.000000,0,PLAN_TOP_OBSERVE,nan,nan,nan,nan,0.000000
-0.400000,-0.550000,10.000000,0,PLAN_TOP_OBSERVE,nan,nan,nan,nan,0.000000
-0.400000,-0.550000,20.000000,0,PLAN_TOP_OBSERVE,nan,nan,nan,nan,0.000000
-0.400000,-0.550000,30.000000,0,PLAN_TOP_OBSERVE,nan,nan,nan,nan,0.000000
-0.400000,-0.550000,40.000000,0,PLAN_TOP_OBSERVE,nan,nan,nan,nan,0.000000
-0.400000,-0.550000,50.000000,0,PLAN_TOP_OBSERVE,nan,nan,nan,nan,0.000000
-0.400000,-0.550000,60.000000,0,PLAN_TOP_OBSERVE,nan,nan,nan,nan,0.000000
-0.400000,-0.550000,70.000000,0,PLAN_TOP_OBSERVE,nan,nan,nan,nan,0.000000
-0.400000,-0.550000,80.000000,0,PLAN_TOP_OBSERVE,nan,nan,nan,nan,0.000000
-0.350000,-0.550000,0.000000,0,PLAN_TOP_OBSERVE,nan,nan,nan,nan,0.000000
-0.350000,-0.550000,10.000000,0,PLAN_TOP_OBSERVE,nan,nan,nan,nan,0.000000
-0.350000,-0.550000,20.000000,0,PLAN_TOP_OBSERVE,nan,nan,nan,nan,0.000000
-0.350000,-0.550000,30.000000,0,PLAN_TOP_OBSERVE,nan,nan,nan,nan,0.000000
-0.350000,-0.550000,40.000000,0,PLAN_TOP_OBSERVE,nan,nan,nan,nan,0.000000
-0.350000,-0.550000,50.000000,0,PLAN_TOP_OBSERVE,nan,nan,nan,nan,0.000000
-0.350000,-0.550000,60.000000,0,PLAN_TOP_OBSERVE,nan,nan,nan,nan,0.000000
-0.350000,-0.550000,70.000000,0,PLAN_TOP_OBSERVE,nan,nan,nan,nan,0.000000
-0.350000,-0.550000,80.000000,0,PLAN_TOP_OBSERVE,nan,nan,nan,nan,0.000000
-0.300000,-0.550000,0.000000,0,PLAN_TOP_OBSERVE,nan,nan,nan,nan,0.000000
-0.300000,-0.550000,10.000000,0,PLAN_TOP_OBSERVE,nan,nan,nan,nan,0.000000
-0.300000,-0.550000,20.000000,0,PLAN_TOP_OBSERVE,nan,nan,nan,nan,0.000000
-0.300000,-0.550000,30.000000,0,PLAN_TOP_OBSERVE,nan,nan,nan,nan,0.000000
-0.300000,-0.550000,40.000000,0,PLAN_TOP_OBSERVE,nan,nan,nan,nan,0.000000
-0.300000,-0.550000,50.000000,0,PLAN_TOP_OBSERVE,nan,nan,nan,nan,0.000000
-0.300000,-0.550000,60.000000,0,PLAN_TOP_OBSERVE,nan,nan,nan,nan,0.000000
-0.300000,-0.550000,70.000000,0,PLAN_TOP_OBSERVE,nan,nan,nan,nan,0.000000
-0.300000,-0.550000,80.000000,0,PLAN_TOP_OBSERVE,nan,nan,nan,nan,0.000000
-0.250000,-0.550000,0.000000,0,PLAN_TOP_OBSERVE,nan,nan,nan,nan,0.000000
-0.250000,-0.550000,10.000000,0,PLAN_TOP_OBSERVE,nan,nan,nan,nan,0.000000
-0.250000,-0.550000,20.000000,0,PLAN_TOP_OBSERVE,nan,nan,nan,nan,0.000000
-0.250000,-0.550000,30.000000,0,PLAN_TOP_OBSERVE,nan,nan,nan,nan,0.000000
-0.250000,-0.550000,40.000000,0,PLAN_TOP_OBSERVE,nan,nan,nan,nan,0.000000
-0.250000,-0.550000,50.000000,0,PLAN_TOP_OBSERVE,nan,nan,nan,nan,0.000000
-0.250000,-0.550000,60.000000,0,PLAN_TOP_OBSERVE,nan,nan,nan,nan,0.000000
-0.250000,-0.550000,70.000000,0,PLAN_TOP_OBSERVE,nan,nan,nan,nan,0.000000
-0.250000,-0.550000,80.000000,0,PLAN_TOP_OBSERVE,nan,nan,nan,nan,0.000000
-0.200000,-0.550000,0.000000,0,PREGRASP_DESCENT_OR_CARRY,nan,nan,nan,nan,0.000000
-0.200000,-0.550000,10.000000,0,PREGRASP_DESCENT_OR_CARRY,nan,nan,nan,nan,0.000000
-0.200000,-0.550000,20.000000,0,PREGRASP_DESCENT_OR_CARRY,nan,nan,nan,nan,0.000000
-0.200000,-0.550000,30.000000,0,PREGRASP_DESCENT_OR_CARRY,nan,nan,nan,nan,0.000000
-0.200000,-0.550000,40.000000,0,PREGRASP_DESCENT_OR_CARRY,nan,nan,nan,nan,0.000000
-0.200000,-0.550000,50.000000,0,PREGRASP_DESCENT_OR_CARRY,nan,nan,nan,nan,0.000000
-0.200000,-0.550000,60.000000,0,PREGRASP_DESCENT_OR_CARRY,nan,nan,nan,nan,0.000000
-0.200000,-0.550000,70.000000,0,PREGRASP_DESCENT_OR_CARRY,nan,nan,nan,nan,0.000000
-0.200000,-0.550000,80.000000,0,PREGRASP_DESCENT_OR_CARRY,nan,nan,nan,nan,0.000000
-0.150000,-0.550000,0.000000,0,PREGRASP_DESCENT_OR_CARRY,nan,nan,nan,nan,0.000000
-0.150000,-0.550000,10.000000,0,PREGRASP_DESCENT_OR_CARRY,nan,nan,nan,nan,0.000000
-0.150000,-0.550000,20.000000,0,PREGRASP_DESCENT_OR_CARRY,nan,nan,nan,nan,0.000000
-0.150000,-0.550000,30.000000,0,PREGRASP_DESCENT_OR_CARRY,nan,nan,nan,nan,0.000000
-0.150000,-0.550000,40.000000,0,PREGRASP_DESCENT_OR_CARRY,nan,nan,nan,nan,0.000000
-0.150000,-0.550000,50.000000,0,PREGRASP_DESCENT_OR_CARRY,nan,nan,nan,nan,0.000000
-0.150000,-0.550000,60.000000,0,PREGRASP_DESCENT_OR_CARRY,nan,nan,nan,nan,0.000000
-0.150000,-0.550000,70.000000,0,PREGRASP_DESCENT_OR_CARRY,nan,nan,nan,nan,0.000000
-0.150000,-0.550000,80.000000,0,PREGRASP_DESCENT_OR_CARRY,nan,nan,nan,nan,0.000000
-0.100000,-0.550000,0.000000,0,PREGRASP_DESCENT_OR_CARRY,nan,nan,nan,nan,0.000000
-0.100000,-0.550000,10.000000,0,PREGRASP_DESCENT_OR_CARRY,nan,nan,nan,nan,0.000000
-0.100000,-0.550000,20.000000,0,PREGRASP_DESCENT_OR_CARRY,nan,nan,nan,nan,0.000000
-0.100000,-0.550000,30.000000,0,PREGRASP_DESCENT_OR_CARRY,nan,nan,nan,nan,0.000000
-0.100000,-0.550000,40.000000,0,PREGRASP_DESCENT_OR_CARRY,nan,nan,nan,nan,0.000000
-0.100000,-0.550000,50.000000,0,PREGRASP_DESCENT_OR_CARRY,nan,nan,nan,nan,0.000000
-0.100000,-0.550000,60.000000,0,PREGRASP_DESCENT_OR_CARRY,nan,nan,nan,nan,0.000000
-0.100000,-0.550000,70.000000,0,PREGRASP_DESCENT_OR_CARRY,nan,nan,nan,nan,0.000000
-0.100000,-0.550000,80.000000,0,PREGRASP_DESCENT_OR_CARRY,nan,nan,nan,nan,0.000000
-0.050000,-0.550000,0.000000,0,PREGRASP_DESCENT_OR_CARRY,nan,nan,nan,nan,0.000000
-0.050000,-0.550000,10.000000,0,PREGRASP_DESCENT_OR_CARRY,nan,nan,nan,nan,0.000000
-0.050000,-0.550000,20.000000,0,PREGRASP_DESCENT_OR_CARRY,nan,nan,nan,nan,0.000000
-0.050000,-0.550000,30.000000,0,PREGRASP_DESCENT_OR_CARRY,nan,nan,nan,nan,0.000000
-0.050000,-0.550000,40.000000,0,PREGRASP_DESCENT_OR_CARRY,nan,nan,nan,nan,0.000000
-0.050000,-0.550000,50.000000,0,PREGRASP_DESCENT_OR_CARRY,nan,nan,nan,nan,0.000000
-0.050000,-0.550000,60.000000,0,PREGRASP_DESCENT_OR_CARRY,nan,nan,nan,nan,0.000000
-0.050000,-0.550000,70.000000,0,PREGRASP_DESCENT_OR_CARRY,nan,nan,nan,nan,0.000000
-0.050000,-0.550000,80.000000,0,PREGRASP_DESCENT_OR_CARRY,nan,nan,nan,nan,0.000000
0.000000,-0.550000,0.000000,0,PREGRASP_DESCENT_OR_CARRY,nan,nan,nan,nan,0.000000
0.000000,-0.550000,10.000000,0,PREGRASP_DESCENT_OR_CARRY,nan,nan,nan,nan,0.000000
0.000000,-0.550000,20.000000,0,PREGRASP_DESCENT_OR_CARRY,nan,nan,nan,nan,0.000000
0.000000,-0.550000,30.000000,0,PREGRASP_DESCENT_OR_CARRY,nan,nan,nan,nan,0.000000
0.000000,-0.550000,40.000000,0,PREGRASP_DESCENT_OR_CARRY,nan,nan,nan,nan,0.000000
0.000000,-0.550000,50.000000,0,PREGRASP_DESCENT_OR_CARRY,nan,nan,nan,nan,0.000000
0.000000,-0.550000,60.000000,0,PREGRASP_DESCENT_OR_CARRY,nan,nan,nan,nan,0.000000
0.000000,-0.550000,70.000000,0,PREGRASP_DESCENT_OR_CARRY,nan,nan,nan,nan,0.000000
0.000000,-0.550000,80.000000,0,PREGRASP_DESCENT_OR_CARRY,nan,nan,nan,nan,0.000000
0.050000,-0.550000,0.000000,0,PREGRASP_DESCENT_OR_CARRY,nan,nan,nan,nan,0.000000
0.050000,-0.550000,10.000000,0,PREGRASP_DESCENT_OR_CARRY,nan,nan,nan,nan,0.000000
0.050000,-0.550000,20.000000,0,PREGRASP_DESCENT_OR_CARRY,nan,nan,nan,nan,0.000000
0.050000,-0.550000,30.000000,0,PREGRASP_DESCENT_OR_CARRY,nan,nan,nan,nan,0.000000
0.050000,-0.550000,40.000000,0,PREGRASP_DESCENT_OR_CARRY,nan,nan,nan,nan,0.000000
0.050000,-0.550000,50.000000,0,PREGRASP_DESCENT_OR_CARRY,nan,nan,nan,nan,0.000000
0.050000,-0.550000,60.000000,0,PREGRASP_DESCENT_OR_CARRY,nan,nan,nan,nan,0.000000
0.050000,-0.550000,70.000000,0,PREGRASP_DESCENT_OR_CARRY,nan,nan,nan,nan,0.000000
0.050000,-0.550000,80.000000,0,PREGRASP_DESCENT_OR_CARRY,nan,nan,nan,nan,0.000000
0.100000,-0.550000,0.000000,0,PREGRASP_DESCENT_OR_CARRY,nan,nan,nan,nan,0.000000
0.100000,-0.550000,10.000000,0,PREGRASP_DESCENT_OR_CARRY,nan,nan,nan,nan,0.000000
0.100000,-0.550000,20.000000,0,PREGRASP_DESCENT_OR_CARRY,nan,nan,nan,nan,0.000000
0.100000,-0.550000,30.000000,0,PREGRASP_DESCENT_OR_CARRY,nan,nan,nan,nan,0.000000
0.100000,-0.550000,40.000000,0,PREGRASP_DESCENT_OR_CARRY,nan,nan,nan,nan,0.000000
0.100000,-0.550000,50.000000,0,PREGRASP_DESCENT_OR_CARRY,nan,nan,nan,nan,0.000000
0.100000,-0.550000,60.000000,0,PREGRASP_DESCENT_OR_CARRY,nan,nan,nan,nan,0.000000
0.100000,-0.550000,70.000000,0,PREGRASP_DESCENT_OR_CARRY,nan,nan,nan,nan,0.000000
0.100000,-0.550000,80.000000,0,PREGRASP_DESCENT_OR_CARRY,nan,nan,nan,nan,0.000000
0.150000,-0.550000,0.000000,0,PREGRASP_DESCENT_OR_CARRY,nan,nan,nan,nan,0.000000
0.150000,-0.550000,10.000000,0,PREGRASP_DESCENT_OR_CARRY,nan,nan,nan,nan,0.000000
0.150000,-0.550000,20.000000,0,PREGRASP_DESCENT_OR_CARRY,nan,nan,nan,nan,0.000000
0.150000,-0.550000,30.000000,0,PREGRASP_DESCENT_OR_CARRY,nan,nan,nan,nan,0.000000
0.150000,-0.550000,40.000000,0,PREGRASP_DESCENT_OR_CARRY,nan,nan,nan,nan,0.000000
0.150000,-0.550000,50.000000,0,PREGRASP_DESCENT_OR_CARRY,nan,nan,nan,nan,0.000000
0.150000,-0.550000,60.000000,0,PREGRASP_DESCENT_OR_CARRY,nan,nan,nan,nan,0.000000
0.150000,-0.550000,70.000000,0,PREGRASP_DESCENT_OR_CARRY,nan,nan,nan,nan,0.000000
0.150000,-0.550000,80.000000,0,PREGRASP_DESCENT_OR_CARRY,nan,nan,nan,nan,0.000000
0.200000,-0.550000,0.000000,0,PREGRASP_DESCENT_OR_CARRY,nan,nan,nan,nan,0.000000
0.200000,-0.550000,10.000000,0,PREGRASP_DESCENT_OR_CARRY,nan,nan,nan,nan,0.000000
0.200000,-0.550000,20.000000,0,PREGRASP_DESCENT_OR_CARRY,nan,nan,nan,nan,0.000000
0.200000,-0.550000,30.000000,0,PREGRASP_DESCENT_OR_CARRY,nan,nan,nan,nan,0.000000
0.200000,-0.550000,40.000000,0,PREGRASP_DESCENT_OR_CARRY,nan,nan,nan,nan,0.000000
0.200000,-0.550000,50.000000,0,PREGRASP_DESCENT_OR_CARRY,nan,nan,nan,nan,0.000000
0.200000,-0.550000,60.000000,0,PREGRASP_DESCENT_OR_CARRY,nan,nan,nan,nan,0.000000
0.200000,-0.550000,70.000000,0,PREGRASP_DESCENT_OR_CARRY,nan,nan,nan,nan,0.000000
0.200000,-0.550000,80.000000,0,PREGRASP_DESCENT_OR_CARRY,nan,nan,nan,nan,0.000000
0.250000,-0.550000,0.000000,0,PLAN_TOP_OBSERVE,nan,nan,nan,nan,0.000000
0.250000,-0.550000,10.000000,0,PLAN_TOP_OBSERVE,nan,nan,nan,nan,0.000000
0.250000,-0.550000,20.000000,0,PLAN_TOP_OBSERVE,nan,nan,nan,nan,0.000000
0.250000,-0.550000,30.000000,0,PLAN_TOP_OBSERVE,nan,nan,nan,nan,0.000000
0.250000,-0.550000,40.000000,0,PLAN_TOP_OBSERVE,nan,nan,nan,nan,0.000000
0.250000,-0.550000,50.000000,0,PLAN_TOP_OBSERVE,nan,nan,nan,nan,0.000000
0.250000,-0.550000,60.000000,0,PLAN_TOP_OBSERVE,nan,nan,nan,nan,0.000000
0.250000,-0.550000,70.000000,0,PLAN_TOP_OBSERVE,nan,nan,nan,nan,0.000000
0.250000,-0.550000,80.000000,0,PLAN_TOP_OBSERVE,nan,nan,nan,nan,0.000000
0.300000,-0.550000,0.000000,0,PLAN_TOP_OBSERVE,nan,nan,nan,nan,0.000000
0.300000,-0.550000,10.000000,0,PLAN_TOP_OBSERVE,nan,nan,nan,nan,0.000000
0.300000,-0.550000,20.000000,0,PLAN_TOP_OBSERVE,nan,nan,nan,nan,0.000000
0.300000,-0.550000,30.000000,0,PLAN_TOP_OBSERVE,nan,nan,nan,nan,0.000000
0.300000,-0.550000,40.000000,0,PLAN_TOP_OBSERVE,nan,nan,nan,nan,0.000000
0.300000,-0.550000,50.000000,0,PLAN_TOP_OBSERVE,nan,nan,nan,nan,0.000000
0.300000,-0.550000,60.000000,0,PLAN_TOP_OBSERVE,nan,nan,nan,nan,0.000000
0.300000,-0.550000,70.000000,0,PLAN_TOP_OBSERVE,nan,nan,nan,nan,0.000000
0.300000,-0.550000,80.000000,0,PLAN_TOP_OBSERVE,nan,nan,nan,nan,0.000000
0.350000,-0.550000,0.000000,0,PLAN_TOP_OBSERVE,nan,nan,nan,nan,0.000000
0.350000,-0.550000,10.000000,0,PLAN_TOP_OBSERVE,nan,nan,nan,nan,0.000000
0.350000,-0.550000,20.000000,0,PLAN_TOP_OBSERVE,nan,nan,nan,nan,0.000000
0.350000,-0.550000,30.000000,0,PLAN_TOP_OBSERVE,nan,nan,nan,nan,0.000000
0.350000,-0.550000,40.000000,0,PLAN_TOP_OBSERVE,nan,nan,nan,nan,0.000000
0.350000,-0.550000,50.000000,0,PLAN_TOP_OBSERVE,nan,nan,nan,nan,0.000000
0.350000,-0.550000,60.000000,0,PLAN_TOP_OBSERVE,nan,nan,nan,nan,0.000000
0.350000,-0.550000,70.000000,0,PLAN_TOP_OBSERVE,nan,nan,nan,nan,0.000000
0.350000,-0.550000,80.000000,0,PLAN_TOP_OBSERVE,nan,nan,nan,nan,0.000000
0.400000,-0.550000,0.000000,0,PLAN_TOP_OBSERVE,nan,nan,nan,nan,0.000000
0.400000,-0.550000,10.000000,0,PLAN_TOP_OBSERVE,nan,nan,nan,nan,0.000000
0.400000,-0.550000,20.000000,0,PLAN_TOP_OBSERVE,nan,nan,nan,nan,0.000000
0.400000,-0.550000,30.000000,0,PLAN_TOP_OBSERVE,nan,nan,nan,nan,0.000000
0.400000,-0.550000,40.000000,0,PLAN_TOP_OBSERVE,nan,nan,nan,nan,0.000000
0.400000,-0.550000,50.000000,0,PLAN_TOP_OBSERVE,nan,nan,nan,nan,0.000000
0.400000,-0.550000,60.000000,0,PLAN_TOP_OBSERVE,nan,nan,nan,nan,0.000000
0.400000,-0.550000,70.000000,0,PLAN_TOP_OBSERVE,nan,nan,nan,nan,0.000000
0.400000,-0.550000,80.000000,0,PLAN_TOP_OBSERVE,nan,nan,nan,nan,0.000000
0.450000,-0.550000,0.000000,0,PLAN_TOP_OBSERVE,nan,nan,nan,nan,0.000000
0.450000,-0.550000,10.000000,0,PLAN_TOP_OBSERVE,nan,nan,nan,nan,0.000000
0.450000,-0.550000,20.000000,0,PLAN_TOP_OBSERVE,nan,nan,nan,nan,0.000000
0.450000,-0.550000,30.000000,0,PLAN_TOP_OBSERVE,nan,nan,nan,nan,0.000000
0.450000,-0.550000,40.000000,0,PLAN_TOP_OBSERVE,nan,nan,nan,nan,0.000000
0.450000,-0.550000,50.000000,0,PLAN_TOP_OBSERVE,nan,nan,nan,nan,0.000000
0.450000,-0.550000,60.000000,0,PLAN_TOP_OBSERVE,nan,nan,nan,nan,0.000000
0.450000,-0.550000,70.000000,0,PLAN_TOP_OBSERVE,nan,nan,nan,nan,0.000000
0.450000,-0.550000,80.000000,0,PLAN_TOP_OBSERVE,nan,nan,nan,nan,0.000000
0.500000,-0.550000,0.000000,0,PLAN_TOP_OBSERVE,nan,nan,nan,nan,0.000000
0.500000,-0.550000,10.000000,0,PLAN_TOP_OBSERVE,nan,nan,nan,nan,0.000000
0.500000,-0.550000,20.000000,0,PLAN_TOP_OBSERVE,nan,nan,nan,nan,0.000000
0.500000,-0.550000,30.000000,0,PLAN_TOP_OBSERVE,nan,nan,nan,nan,0.000000
0.500000,-0.550000,40.000000,0,PLAN_TOP_OBSERVE,nan,nan,nan,nan,0.000000
0.500000,-0.550000,50.000000,0,PLAN_TOP_OBSERVE,nan,nan,nan,nan,0.000000
0.500000,-0.550000,60.000000,0,PLAN_TOP_OBSERVE,nan,nan,nan,nan,0.000000
0.500000,-0.550000,70.000000,0,PLAN_TOP_OBSERVE,nan,nan,nan,nan,0.000000
0.500000,-0.550000,80.000000,0,PLAN_TOP_OBSERVE,nan,nan,nan,nan,0.000000
0.550000,-0.550000,0.000000,0,PLAN_TOP_OBSERVE,nan,nan,nan,nan,0.000000
0.550000,-0.550000,10.000000,0,PLAN_TOP_OBSERVE,nan,nan,nan,nan,0.000000
0.550000,-0.550000,20.000000,0,PLAN_TOP_OBSERVE,nan,nan,nan,nan,0.000000
0.550000,-0.550000,30.000000,0,PLAN_TOP_OBSERVE,nan,nan,nan,nan,0.000000
0.550000,-0.550000,40.000000,0,PLAN_TOP_OBSERVE,nan,nan,nan,nan,0.000000
0.550000,-0.550000,50.000000,0,PLAN_TOP_OBSERVE,nan,nan,nan,nan,0.000000
0.550000,-0.550000,60.000000,0,PLAN_TOP_OBSERVE,nan,nan,nan,nan,0.000000
0.550000,-0.550000,70.000000,0,PLAN_TOP_OBSERVE,nan,nan,nan,nan,0.000000
0.550000,-0.550000,80.000000,0,PLAN_TOP_OBSERVE,nan,nan,nan,nan,0.000000
0.600000,-0.550000,0.000000,0,PLAN_TOP_OBSERVE,nan,nan,nan,nan,0.000000
0.600000,-0.550000,10.000000,0,PLAN_TOP_OBSERVE,nan,nan,nan,nan,0.000000
0.600000,-0.550000,20.000000,0,PLAN_TOP_OBSERVE,nan,nan,nan,nan,0.000000
0.600000,-0.550000,30.000000,0,PLAN_TOP_OBSERVE,nan,nan,nan,nan,0.000000
0.600000,-0.550000,40.000000,0,PLAN_TOP_OBSERVE,nan,nan,nan,nan,0.000000
0.600000,-0.550000,50.000000,0,PLAN_TOP_OBSERVE,nan,nan,nan,nan,0.000000
0.600000,-0.550000,60.000000,0,PLAN_TOP_OBSERVE,nan,nan,nan,nan,0.000000
0.600000,-0.550000,70.000000,0,PLAN_TOP_OBSERVE,nan,nan,nan,nan,0.000000
0.600000,-0.550000,80.000000,0,PLAN_TOP_OBSERVE,nan,nan,nan,nan,0.000000
0.650000,-0.550000,0.000000,0,PLAN_TOP_OBSERVE,nan,nan,nan,nan,0.000000
0.650000,-0.550000,10.000000,0,PLAN_TOP_OBSERVE,nan,nan,nan,nan,0.000000
0.650000,-0.550000,20.000000,0,PLAN_TOP_OBSERVE,nan,nan,nan,nan,0.000000
0.650000,-0.550000,30.000000,0,PLAN_TOP_OBSERVE,nan,nan,nan,nan,0.000000
0.650000,-0.550000,40.000000,0,PLAN_TOP_OBSERVE,nan,nan,nan,nan,0.000000
0.650000,-0.550000,50.000000,0,PLAN_TOP_OBSERVE,nan,nan,nan,nan,0.000000
0.650000,-0.550000,60.000000,0,PLAN_TOP_OBSERVE,nan,nan,nan,nan,0.000000
0.650000,-0.550000,70.000000,0,PLAN_TOP_OBSERVE,nan,nan,nan,nan,0.000000
0.650000,-0.550000,80.000000,0,PLAN_TOP_OBSERVE,nan,nan,nan,nan,0.000000
0.700000,-0.550000,0.000000,0,PLAN_TOP_OBSERVE,nan,nan,nan,nan,0.000000
0.700000,-0.550000,10.000000,0,PLAN_TOP_OBSERVE,nan,nan,nan,nan,0.000000
0.700000,-0.550000,20.000000,0,PLAN_TOP_OBSERVE,nan,nan,nan,nan,0.000000
0.700000,-0.550000,30.000000,0,PLAN_TOP_OBSERVE,nan,nan,nan,nan,0.000000
0.700000,-0.550000,40.000000,0,PLAN_TOP_OBSERVE,nan,nan,nan,nan,0.000000
0.700000,-0.550000,50.000000,0,PLAN_TOP_OBSERVE,nan,nan,nan,nan,0.000000
0.700000,-0.550000,60.000000,0,PLAN_TOP_OBSERVE,nan,nan,nan,nan,0.000000
0.700000,-0.550000,70.000000,0,PLAN_TOP_OBSERVE,nan,nan,nan,nan,0.000000
0.700000,-0.550000,80.000000,0,PLAN_TOP_OBSERVE,nan,nan,nan,nan,0.000000
-0.700000,-0.500000,0.000000,0,PLAN_TOP_OBSERVE,nan,nan,nan,nan,0.000000
-0.700000,-0.500000,10.000000,0,PLAN_TOP_OBSERVE,nan,nan,nan,nan,0.000000
-0.700000,-0.500000,20.000000,0,PLAN_TOP_OBSERVE,nan,nan,nan,nan,0.000000
-0.700000,-0.500000,30.000000,0,PLAN_TOP_OBSERVE,nan,nan,nan,nan,0.000000
-0.700000,-0.500000,40.000000,0,PLAN_TOP_OBSERVE,nan,nan,nan,nan,0.000000
-0.700000,-0.500000,50.000000,0,PLAN_TOP_OBSERVE,nan,nan,nan,nan,0.000000
-0.700000,-0.500000,60.000000,0,PLAN_TOP_OBSERVE,nan,nan,nan,nan,0.000000
-0.700000,-0.500000,70.000000,0,PLAN_TOP_OBSERVE,nan,nan,nan,nan,0.000000
-0.700000,-0.500000,80.000000,0,PLAN_TOP_OBSERVE,nan,nan,nan,nan,0.000000
-0.650000,-0.500000,0.000000,0,PLAN_TOP_OBSERVE,nan,nan,nan,nan,0.000000
-0.650000,-0.500000,10.000000,0,PLAN_TOP_OBSERVE,nan,nan,nan,nan,0.000000
-0.650000,-0.500000,20.000000,0,PLAN_TOP_OBSERVE,nan,nan,nan,nan,0.000000
-0.650000,-0.500000,30.000000,0,PLAN_TOP_OBSERVE,nan,nan,nan,nan,0.000000
-0.650000,-0.500000,40.000000,0,PLAN_TOP_OBSERVE,nan,nan,nan,nan,0.000000
-0.650000,-0.500000,50.000000,0,PLAN_TOP_OBSERVE,nan,nan,nan,nan,0.000000
-0.650000,-0.500000,60.000000,0,PLAN_TOP_OBSERVE,nan,nan,nan,nan,0.000000
-0.650000,-0.500000,70.000000,0,PLAN_TOP_OBSERVE,nan,nan,nan,nan,0.000000
-0.650000,-0.500000,80.000000,0,PLAN_TOP_OBSERVE,nan,nan,nan,nan,0.000000
-0.600000,-0.500000,0.000000,0,PLAN_TOP_OBSERVE,nan,nan,nan,nan,0.000000
-0.600000,-0.500000,10.000000,0,PLAN_TOP_OBSERVE,nan,nan,nan,nan,0.000000
-0.600000,-0.500000,20.000000,0,PLAN_TOP_OBSERVE,nan,nan,nan,nan,0.000000
-0.600000,-0.500000,30.000000,0,PLAN_TOP_OBSERVE,nan,nan,nan,nan,0.000000
-0.600000,-0.500000,40.000000,0,PLAN_TOP_OBSERVE,nan,nan,nan,nan,0.000000
-0.600000,-0.500000,50.000000,0,PLAN_TOP_OBSERVE,nan,nan,nan,nan,0.000000
-0.600000,-0.500000,60.000000,0,PLAN_TOP_OBSERVE,nan,nan,nan,nan,0.000000
-0.600000,-0.500000,70.000000,0,PLAN_TOP_OBSERVE,nan,nan,nan,nan,0.000000
-0.600000,-0.500000,80.000000,0,PLAN_TOP_OBSERVE,nan,nan,nan,nan,0.000000
-0.550000,-0.500000,0.000000,0,PLAN_TOP_OBSERVE,nan,nan,nan,nan,0.000000
-0.550000,-0.500000,10.000000,0,PLAN_TOP_OBSERVE,nan,nan,nan,nan,0.000000
-0.550000,-0.500000,20.000000,0,PLAN_TOP_OBSERVE,nan,nan,nan,nan,0.000000
-0.550000,-0.500000,30.000000,0,PLAN_TOP_OBSERVE,nan,nan,nan,nan,0.000000
-0.550000,-0.500000,40.000000,0,PLAN_TOP_OBSERVE,nan,nan,nan,nan,0.000000
-0.550000,-0.500000,50.000000,0,PLAN_TOP_OBSERVE,nan,nan,nan,nan,0.000000
-0.550000,-0.500000,60.000000,0,PLAN_TOP_OBSERVE,nan,nan,nan,nan,0.000000
-0.550000,-0.500000,70.000000,0,PLAN_TOP_OBSERVE,nan,nan,nan,nan,0.000000
-0.550000,-0.500000,80.000000,0,PLAN_TOP_OBSERVE,nan,nan,nan,nan,0.000000
-0.500000,-0.500000,0.000000,0,PLAN_TOP_OBSERVE,nan,nan,nan,nan,0.000000
-0.500000,-0.500000,10.000000,0,PLAN_TOP_OBSERVE,nan,nan,nan,nan,0.000000
-0.500000,-0.500000,20.000000,0,PLAN_TOP_OBSERVE,nan,nan,nan,nan,0.000000
-0.500000,-0.500000,30.000000,0,PLAN_TOP_OBSERVE,nan,nan,nan,nan,0.000000
-0.500000,-0.500000,40.000000,0,PLAN_TOP_OBSERVE,nan,nan,nan,nan,0.000000
-0.500000,-0.500000,50.000000,0,PLAN_TOP_OBSERVE,nan,nan,nan,nan,0.000000
-0.500000,-0.500000,60.000000,0,PLAN_TOP_OBSERVE,nan,nan,nan,nan,0.000000
-0.500000,-0.500000,70.000000,0,PLAN_TOP_OBSERVE,nan,nan,nan,nan,0.000000
-0.500000,-0.500000,80.000000,0,PLAN_TOP_OBSERVE,nan,nan,nan,nan,0.000000
-0.450000,-0.500000,0.000000,0,PLAN_TOP_OBSERVE,nan,nan,nan,nan,0.000000
-0.450000,-0.500000,10.000000,0,PLAN_TOP_OBSERVE,nan,nan,nan,nan,0.000000
-0.450000,-0.500000,20.000000,0,PLAN_TOP_OBSERVE,nan,nan,nan,nan,0.000000
-0.450000,-0.500000,30.000000,0,PLAN_TOP_OBSERVE,nan,nan,nan,nan,0.000000
-0.450000,-0.500000,40.000000,0,PLAN_TOP_OBSERVE,nan,nan,nan,nan,0.000000
-0.450000,-0.500000,50.000000,0,PLAN_TOP_OBSERVE,nan,nan,nan,nan,0.000000
-0.450000,-0.500000,60.000000,0,PLAN_TOP_OBSERVE,nan,nan,nan,nan,0.000000
-0.450000,-0.500000,70.000000,0,PLAN_TOP_OBSERVE,nan,nan,nan,nan,0.000000
-0.450000,-0.500000,80.000000,0,PLAN_TOP_OBSERVE,nan,nan,nan,nan,0.000000
-0.400000,-0.500000,0.000000,0,PLAN_TOP_OBSERVE,nan,nan,nan,nan,0.000000
-0.400000,-0.500000,10.000000,0,PLAN_TOP_OBSERVE,nan,nan,nan,nan,0.000000
-0.400000,-0.500000,20.000000,0,PLAN_TOP_OBSERVE,nan,nan,nan,nan,0.000000
-0.400000,-0.500000,30.000000,0,PLAN_TOP_OBSERVE,nan,nan,nan,nan,0.000000
-0.400000,-0.500000,40.000000,0,PLAN_TOP_OBSERVE,nan,nan,nan,nan,0.000000
-0.400000,-0.500000,50.000000,0,PLAN_TOP_OBSERVE,nan,nan,nan,nan,0.000000
-0.400000,-0.500000,60.000000,0,PLAN_TOP_OBSERVE,nan,nan,nan,nan,0.000000
-0.400000,-0.500000,70.000000,0,PLAN_TOP_OBSERVE,nan,nan,nan,nan,0.000000
-0.400000,-0.500000,80.000000,0,PLAN_TOP_OBSERVE,nan,nan,nan,nan,0.000000
-0.350000,-0.500000,0.000000,0,PLAN_TOP_OBSERVE,nan,nan,nan,nan,0.000000
-0.350000,-0.500000,10.000000,0,PLAN_TOP_OBSERVE,nan,nan,nan,nan,0.000000
-0.350000,-0.500000,20.000000,0,PLAN_TOP_OBSERVE,nan,nan,nan,nan,0.000000
-0.350000,-0.500000,30.000000,0,PLAN_TOP_OBSERVE,nan,nan,nan,nan,0.000000
-0.350000,-0.500000,40.000000,0,PLAN_TOP_OBSERVE,nan,nan,nan,nan,0.000000
-0.350000,-0.500000,50.000000,0,PLAN_TOP_OBSERVE,nan,nan,nan,nan,0.000000
-0.350000,-0.500000,60.000000,0,PLAN_TOP_OBSERVE,nan,nan,nan,nan,0.000000
-0.350000,-0.500000,70.000000,0,PLAN_TOP_OBSERVE,nan,nan,nan,nan,0.000000
-0.350000,-0.500000,80.000000,0,PLAN_TOP_OBSERVE,nan,nan,nan,nan,0.000000
-0.300000,-0.500000,0.000000,0,PREGRASP_DESCENT_OR_CARRY,nan,nan,nan,nan,0.000000
-0.300000,-0.500000,10.000000,0,PREGRASP_DESCENT_OR_CARRY,nan,nan,nan,nan,0.000000
-0.300000,-0.500000,20.000000,0,PREGRASP_DESCENT_OR_CARRY,nan,nan,nan,nan,0.000000
-0.300000,-0.500000,30.000000,0,PREGRASP_DESCENT_OR_CARRY,nan,nan,nan,nan,0.000000
-0.300000,-0.500000,40.000000,0,PREGRASP_DESCENT_OR_CARRY,nan,nan,nan,nan,0.000000
-0.300000,-0.500000,50.000000,0,PREGRASP_DESCENT_OR_CARRY,nan,nan,nan,nan,0.000000
-0.300000,-0.500000,60.000000,0,PREGRASP_DESCENT_OR_CARRY,nan,nan,nan,nan,0.000000
-0.300000,-0.500000,70.000000,0,PREGRASP_DESCENT_OR_CARRY,nan,nan,nan,nan,0.000000
-0.300000,-0.500000,80.000000,0,PREGRASP_DESCENT_OR_CARRY,nan,nan,nan,nan,0.000000
-0.250000,-0.500000,0.000000,0,PREGRASP_DESCENT_OR_CARRY,nan,nan,nan,nan,0.000000
-0.250000,-0.500000,10.000000,0,PREGRASP_DESCENT_OR_CARRY,nan,nan,nan,nan,0.000000
-0.250000,-0.500000,20.000000,0,PREGRASP_DESCENT_OR_CARRY,nan,nan,nan,nan,0.000000
-0.250000,-0.500000,30.000000,0,PREGRASP_DESCENT_OR_CARRY,nan,nan,nan,nan,0.000000
-0.250000,-0.500000,40.000000,0,PREGRASP_DESCENT_OR_CARRY,nan,nan,nan,nan,0.000000
-0.250000,-0.500000,50.000000,0,PREGRASP_DESCENT_OR_CARRY,nan,nan,nan,nan,0.000000
-0.250000,-0.500000,60.000000,0,PREGRASP_DESCENT_OR_CARRY,nan,nan,nan,nan,0.000000
-0.250000,-0.500000,70.000000,0,PREGRASP_DESCENT_OR_CARRY,nan,nan,nan,nan,0.000000
-0.250000,-0.500000,80.000000,0,PREGRASP_DESCENT_OR_CARRY,nan,nan,nan,nan,0.000000
-0.200000,-0.500000,0.000000,0,PREGRASP_DESCENT_OR_CARRY,nan,nan,nan,nan,0.000000
-0.200000,-0.500000,10.000000,0,PREGRASP_DESCENT_OR_CARRY,nan,nan,nan,nan,0.000000
-0.200000,-0.500000,20.000000,0,PREGRASP_DESCENT_OR_CARRY,nan,nan,nan,nan,0.000000
-0.200000,-0.500000,30.000000,0,PREGRASP_DESCENT_OR_CARRY,nan,nan,nan,nan,0.000000
-0.200000,-0.500000,40.000000,0,PREGRASP_DESCENT_OR_CARRY,nan,nan,nan,nan,0.000000
-0.200000,-0.500000,50.000000,0,PREGRASP_DESCENT_OR_CARRY,nan,nan,nan,nan,0.000000
-0.200000,-0.500000,60.000000,0,PREGRASP_DESCENT_OR_CARRY,nan,nan,nan,nan,0.000000
-0.200000,-0.500000,70.000000,0,PREGRASP_DESCENT_OR_CARRY,nan,nan,nan,nan,0.000000
-0.200000,-0.500000,80.000000,0,PREGRASP_DESCENT_OR_CARRY,nan,nan,nan,nan,0.000000
-0.150000,-0.500000,0.000000,0,PREGRASP_DESCENT_OR_CARRY,nan,nan,nan,nan,0.000000
-0.150000,-0.500000,10.000000,0,PREGRASP_DESCENT_OR_CARRY,nan,nan,nan,nan,0.000000
-0.150000,-0.500000,20.000000,0,PREGRASP_DESCENT_OR_CARRY,nan,nan,nan,nan,0.000000
-0.150000,-0.500000,30.000000,0,PREGRASP_DESCENT_OR_CARRY,nan,nan,nan,nan,0.000000
-0.150000,-0.500000,40.000000,0,PREGRASP_DESCENT_OR_CARRY,nan,nan,nan,nan,0.000000
-0.150000,-0.500000,50.000000,0,PREGRASP_DESCENT_OR_CARRY,nan,nan,nan,nan,0.000000
-0.150000,-0.500000,60.000000,0,PREGRASP_DESCENT_OR_CARRY,nan,nan,nan,nan,0.000000
-0.150000,-0.500000,70.000000,0,PREGRASP_DESCENT_OR_CARRY,nan,nan,nan,nan,0.000000
-0.150000,-0.500000,80.000000,0,PREGRASP_DESCENT_OR_CARRY,nan,nan,nan,nan,0.000000
-0.100000,-0.500000,0.000000,0,PREGRASP_DESCENT_OR_CARRY,nan,nan,nan,nan,0.000000
-0.100000,-0.500000,10.000000,0,PREGRASP_DESCENT_OR_CARRY,nan,nan,nan,nan,0.000000
-0.100000,-0.500000,20.000000,0,PREGRASP_DESCENT_OR_CARRY,nan,nan,nan,nan,0.000000
-0.100000,-0.500000,30.000000,0,PREGRASP_DESCENT_OR_CARRY,nan,nan,nan,nan,0.000000
-0.100000,-0.500000,40.000000,0,PREGRASP_DESCENT_OR_CARRY,nan,nan,nan,nan,0.000000
-0.100000,-0.500000,50.000000,0,PREGRASP_DESCENT_OR_CARRY,nan,nan,nan,nan,0.000000
-0.100000,-0.500000,60.000000,0,PREGRASP_DESCENT_OR_CARRY,nan,nan,nan,nan,0.000000
-0.100000,-0.500000,70.000000,0,PREGRASP_DESCENT_OR_CARRY,nan,nan,nan,nan,0.000000
-0.100000,-0.500000,80.000000,0,PREGRASP_DESCENT_OR_CARRY,nan,nan,nan,nan,0.000000
-0.050000,-0.500000,0.000000,0,PREGRASP_DESCENT_OR_CARRY,nan,nan,nan,nan,0.000000
-0.050000,-0.500000,10.000000,0,PREGRASP_DESCENT_OR_CARRY,nan,nan,nan,nan,0.000000
-0.050000,-0.500000,20.000000,0,PREGRASP_DESCENT_OR_CARRY,nan,nan,nan,nan,0.000000
-0.050000,-0.500000,30.000000,0,PREGRASP_DESCENT_OR_CARRY,nan,nan,nan,nan,0.000000
-0.050000,-0.500000,40.000000,0,PREGRASP_DESCENT_OR_CARRY,nan,nan,nan,nan,0.000000
-0.050000,-0.500000,50.000000,0,PREGRASP_DESCENT_OR_CARRY,nan,nan,nan,nan,0.000000
-0.050000,-0.500000,60.000000,0,PREGRASP_DESCENT_OR_CARRY,nan,nan,nan,nan,0.000000
-0.050000,-0.500000,70.000000,0,PREGRASP_DESCENT_OR_CARRY,nan,nan,nan,nan,0.000000
-0.050000,-0.500000,80.000000,0,PREGRASP_DESCENT_OR_CARRY,nan,nan,nan,nan,0.000000
0.000000,-0.500000,0.000000,0,PREGRASP_DESCENT_OR_CARRY,nan,nan,nan,nan,0.000000
0.000000,-0.500000,10.000000,0,PREGRASP_DESCENT_OR_CARRY,nan,nan,nan,nan,0.000000
0.000000,-0.500000,20.000000,0,PREGRASP_DESCENT_OR_CARRY,nan,nan,nan,nan,0.000000
0.000000,-0.500000,30.000000,0,PREGRASP_DESCENT_OR_CARRY,nan,nan,nan,nan,0.000000
0.000000,-0.500000,40.000000,0,PREGRASP_DESCENT_OR_CARRY,nan,nan,nan,nan,0.000000
0.000000,-0.500000,50.000000,0,PREGRASP_DESCENT_OR_CARRY,nan,nan,nan,nan,0.000000
0.000000,-0.500000,60.000000,0,PREGRASP_DESCENT_OR_CARRY,nan,nan,nan,nan,0.000000
0.000000,-0.500000,70.000000,0,PREGRASP_DESCENT_OR_CARRY,nan,nan,nan,nan,0.000000
0.000000,-0.500000,80.000000,0,PREGRASP_DESCENT_OR_CARRY,nan,nan,nan,nan,0.000000
0.050000,-0.500000,0.000000,0,PREGRASP_DESCENT_OR_CARRY,nan,nan,nan,nan,0.000000
0.050000,-0.500000,10.000000,0,PREGRASP_DESCENT_OR_CARRY,nan,nan,nan,nan,0.000000
0.050000,-0.500000,20.000000,0,PREGRASP_DESCENT_OR_CARRY,nan,nan,nan,nan,0.000000
0.050000,-0.500000,30.000000,0,PREGRASP_DESCENT_OR_CARRY,nan,nan,nan,nan,0.000000
0.050000,-0.500000,40.000000,0,PREGRASP_DESCENT_OR_CARRY,nan,nan,nan,nan,0.000000
0.050000,-0.500000,50.000000,0,PREGRASP_DESCENT_OR_CARRY,nan,nan,nan,nan,0.000000
0.050000,-0.500000,60.000000,0,PREGRASP_DESCENT_OR_CARRY,nan,nan,nan,nan,0.000000
0.050000,-0.500000,70.000000,0,PREGRASP_DESCENT_OR_CARRY,nan,nan,nan,nan,0.000000
0.050000,-0.500000,80.000000,0,PREGRASP_DESCENT_OR_CARRY,nan,nan,nan,nan,0.000000
0.100000,-0.500000,0.000000,0,PREGRASP_DESCENT_OR_CARRY,nan,nan,nan,nan,0.000000
0.100000,-0.500000,10.000000,0,PREGRASP_DESCENT_OR_CARRY,nan,nan,nan,nan,0.000000
0.100000,-0.500000,20.000000,0,PREGRASP_DESCENT_OR_CARRY,nan,nan,nan,nan,0.000000
0.100000,-0.500000,30.000000,0,PREGRASP_DESCENT_OR_CARRY,nan,nan,nan,nan,0.000000
0.100000,-0.500000,40.000000,0,PREGRASP_DESCENT_OR_CARRY,nan,nan,nan,nan,0.000000
0.100000,-0.500000,50.000000,0,PREGRASP_DESCENT_OR_CARRY,nan,nan,nan,nan,0.000000
0.100000,-0.500000,60.000000,0,PREGRASP_DESCENT_OR_CARRY,nan,nan,nan,nan,0.000000
0.100000,-0.500000,70.000000,0,PREGRASP_DESCENT_OR_CARRY,nan,nan,nan,nan,0.000000
0.100000,-0.500000,80.000000,0,PREGRASP_DESCENT_OR_CARRY,nan,nan,nan,nan,0.000000
0.150000,-0.500000,0.000000,0,PREGRASP_DESCENT_OR_CARRY,nan,nan,nan,nan,0.000000
0.150000,-0.500000,10.000000,0,PREGRASP_DESCENT_OR_CARRY,nan,nan,nan,nan,0.000000
0.150000,-0.500000,20.000000,0,PREGRASP_DESCENT_OR_CARRY,nan,nan,nan,nan,0.000000
0.150000,-0.500000,30.000000,0,PREGRASP_DESCENT_OR_CARRY,nan,nan,nan,nan,0.000000
0.150000,-0.500000,40.000000,0,PREGRASP_DESCENT_OR_CARRY,nan,nan,nan,nan,0.000000
0.150000,-0.500000,50.000000,0,PREGRASP_DESCENT_OR_CARRY,nan,nan,nan,nan,0.000000
0.150000,-0.500000,60.000000,0,PREGRASP_DESCENT_OR_CARRY,nan,nan,nan,nan,0.000000
0.150000,-0.500000,70.000000,0,PREGRASP_DESCENT_OR_CARRY,nan,nan,nan,nan,0.000000
0.150000,-0.500000,80.000000,0,PREGRASP_DESCENT_OR_CARRY,nan,nan,nan,nan,0.000000
0.200000,-0.500000,0.000000,0,PREGRASP_DESCENT_OR_CARRY,nan,nan,nan,nan,0.000000
0.200000,-0.500000,10.000000,0,PREGRASP_DESCENT_OR_CARRY,nan,nan,nan,nan,0.000000
0.200000,-0.500000,20.000000,0,PREGRASP_DESCENT_OR_CARRY,nan,nan,nan,nan,0.000000
0.200000,-0.500000,30.000000,0,PREGRASP_DESCENT_OR_CARRY,nan,nan,nan,nan,0.000000
0.200000,-0.500000,40.000000,0,PREGRASP_DESCENT_OR_CARRY,nan,nan,nan,nan,0.000000
0.200000,-0.500000,50.000000,0,PREGRASP_DESCENT_OR_CARRY,nan,nan,nan,nan,0.000000
0.200000,-0.500000,60.000000,0,PREGRASP_DESCENT_OR_CARRY,nan,nan,nan,nan,0.000000
0.200000,-0.500000,70.000000,0,PREGRASP_DESCENT_OR_CARRY,nan,nan,nan,nan,0.000000
0.200000,-0.500000,80.000000,0,PREGRASP_DESCENT_OR_CARRY,nan,nan,nan,nan,0.000000
0.250000,-0.500000,0.000000,0,PREGRASP_DESCENT_OR_CARRY,nan,nan,nan,nan,0.000000
0.250000,-0.500000,10.000000,0,PREGRASP_DESCENT_OR_CARRY,nan,nan,nan,nan,0.000000
0.250000,-0.500000,20.000000,0,PREGRASP_DESCENT_OR_CARRY,nan,nan,nan,nan,0.000000
0.250000,-0.500000,30.000000,0,PREGRASP_DESCENT_OR_CARRY,nan,nan,nan,nan,0.000000
0.250000,-0.500000,40.000000,0,PREGRASP_DESCENT_OR_CARRY,nan,nan,nan,nan,0.000000
0.250000,-0.500000,50.000000,0,PREGRASP_DESCENT_OR_CARRY,nan,nan,nan,nan,0.000000
0.250000,-0.500000,60.000000,0,PREGRASP_DESCENT_OR_CARRY,nan,nan,nan,nan,0.000000
0.250000,-0.500000,70.000000,0,PREGRASP_DESCENT_OR_CARRY,nan,nan,nan,nan,0.000000
0.250000,-0.500000,80.000000,0,PREGRASP_DESCENT_OR_CARRY,nan,nan,nan,nan,0.000000
0.300000,-0.500000,0.000000,0,PREGRASP_DESCENT_OR_CARRY,nan,nan,nan,nan,0.000000
0.300000,-0.500000,10.000000,0,PREGRASP_DESCENT_OR_CARRY,nan,nan,nan,nan,0.000000
0.300000,-0.500000,20.000000,0,PREGRASP_DESCENT_OR_CARRY,nan,nan,nan,nan,0.000000
0.300000,-0.500000,30.000000,0,PREGRASP_DESCENT_OR_CARRY,nan,nan,nan,nan,0.000000
0.300000,-0.500000,40.000000,0,PREGRASP_DESCENT_OR_CARRY,nan,nan,nan,nan,0.000000
0.300000,-0.500000,50.000000,0,PREGRASP_DESCENT_OR_CARRY,nan,nan,nan,nan,0.000000
0.300000,-0.500000,60.000000,0,PREGRASP_DESCENT_OR_CARRY,nan,nan,nan,nan,0.000000
0.300000,-0.500000,70.000000,0,PREGRASP_DESCENT_OR_CARRY,nan,nan,nan,nan,0.000000
0.300000,-0.500000,80.000000,0,PREGRASP_DESCENT_OR_CARRY,nan,nan,nan,nan,0.000000
0.350000,-0.500000,0.000000,0,PLAN_TOP_OBSERVE,nan,nan,nan,nan,0.000000
0.350000,-0.500000,10.000000,0,PLAN_TOP_OBSERVE,nan,nan,nan,nan,0.000000
0.350000,-0.500000,20.000000,0,PLAN_TOP_OBSERVE,nan,nan,nan,nan,0.000000
0.350000,-0.500000,30.000000,0,PLAN_TOP_OBSERVE,nan,nan,nan,nan,0.000000
0.350000,-0.500000,40.000000,0,PLAN_TOP_OBSERVE,nan,nan,nan,nan,0.000000
0.350000,-0.500000,50.000000,0,PLAN_TOP_OBSERVE,nan,nan,nan,nan,0.000000
0.350000,-0.500000,60.000000,0,PLAN_TOP_OBSERVE,nan,nan,nan,nan,0.000000
0.350000,-0.500000,70.000000,0,PLAN_TOP_OBSERVE,nan,nan,nan,nan,0.000000
0.350000,-0.500000,80.000000,0,PLAN_TOP_OBSERVE,nan,nan,nan,nan,0.000000
0.400000,-0.500000,0.000000,0,PLAN_TOP_OBSERVE,nan,nan,nan,nan,0.000000
0.400000,-0.500000,10.000000,0,PLAN_TOP_OBSERVE,nan,nan,nan,nan,0.000000
0.400000,-0.500000,20.000000,0,PLAN_TOP_OBSERVE,nan,nan,nan,nan,0.000000
0.400000,-0.500000,30.000000,0,PLAN_TOP_OBSERVE,nan,nan,nan,nan,0.000000
0.400000,-0.500000,40.000000,0,PLAN_TOP_OBSERVE,nan,nan,nan,nan,0.000000
0.400000,-0.500000,50.000000,0,PLAN_TOP_OBSERVE,nan,nan,nan,nan,0.000000
0.400000,-0.500000,60.000000,0,PLAN_TOP_OBSERVE,nan,nan,nan,nan,0.000000
0.400000,-0.500000,70.000000,0,PLAN_TOP_OBSERVE,nan,nan,nan,nan,0.000000
0.400000,-0.500000,80.000000,0,PLAN_TOP_OBSERVE,nan,nan,nan,nan,0.000000
0.450000,-0.500000,0.000000,0,PLAN_TOP_OBSERVE,nan,nan,nan,nan,0.000000
0.450000,-0.500000,10.000000,0,PLAN_TOP_OBSERVE,nan,nan,nan,nan,0.000000
0.450000,-0.500000,20.000000,0,PLAN_TOP_OBSERVE,nan,nan,nan,nan,0.000000
0.450000,-0.500000,30.000000,0,PLAN_TOP_OBSERVE,nan,nan,nan,nan,0.000000
0.450000,-0.500000,40.000000,0,PLAN_TOP_OBSERVE,nan,nan,nan,nan,0.000000
0.450000,-0.500000,50.000000,0,PLAN_TOP_OBSERVE,nan,nan,nan,nan,0.000000
0.450000,-0.500000,60.000000,0,PLAN_TOP_OBSERVE,nan,nan,nan,nan,0.000000
0.450000,-0.500000,70.000000,0,PLAN_TOP_OBSERVE,nan,nan,nan,nan,0.000000
0.450000,-0.500000,80.000000,0,PLAN_TOP_OBSERVE,nan,nan,nan,nan,0.000000
0.500000,-0.500000,0.000000,0,PLAN_TOP_OBSERVE,nan,nan,nan,nan,0.000000
0.500000,-0.500000,10.000000,0,PLAN_TOP_OBSERVE,nan,nan,nan,nan,0.000000
0.500000,-0.500000,20.000000,0,PLAN_TOP_OBSERVE,nan,nan,nan,nan,0.000000
0.500000,-0.500000,30.000000,0,PLAN_TOP_OBSERVE,nan,nan,nan,nan,0.000000
0.500000,-0.500000,40.000000,0,PLAN_TOP_OBSERVE,nan,nan,nan,nan,0.000000
0.500000,-0.500000,50.000000,0,PLAN_TOP_OBSERVE,nan,nan,nan,nan,0.000000
0.500000,-0.500000,60.000000,0,PLAN_TOP_OBSERVE,nan,nan,nan,nan,0.000000
0.500000,-0.500000,70.000000,0,PLAN_TOP_OBSERVE,nan,nan,nan,nan,0.000000
0.500000,-0.500000,80.000000,0,PLAN_TOP_OBSERVE,nan,nan,nan,nan,0.000000
0.550000,-0.500000,0.000000,0,PLAN_TOP_OBSERVE,nan,nan,nan,nan,0.000000
0.550000,-0.500000,10.000000,0,PLAN_TOP_OBSERVE,nan,nan,nan,nan,0.000000
0.550000,-0.500000,20.000000,0,PLAN_TOP_OBSERVE,nan,nan,nan,nan,0.000000
0.550000,-0.500000,30.000000,0,PLAN_TOP_OBSERVE,nan,nan,nan,nan,0.000000
0.550000,-0.500000,40.000000,0,PLAN_TOP_OBSERVE,nan,nan,nan,nan,0.000000
0.550000,-0.500000,50.000000,0,PLAN_TOP_OBSERVE,nan,nan,nan,nan,0.000000
0.550000,-0.500000,60.000000,0,PLAN_TOP_OBSERVE,nan,nan,nan,nan,0.000000
0.550000,-0.500000,70.000000,0,PLAN_TOP_OBSERVE,nan,nan,nan,nan,0.000000
0.550000,-0.500000,80.000000,0,PLAN_TOP_OBSERVE,nan,nan,nan,nan,0.000000
0.600000,-0.500000,0.000000,0,PLAN_TOP_OBSERVE,nan,nan,nan,nan,0.000000
0.600000,-0.500000,10.000000,0,PLAN_TOP_OBSERVE,nan,nan,nan,nan,0.000000
0.600000,-0.500000,20.000000,0,PLAN_TOP_OBSERVE,nan,nan,nan,nan,0.000000
0.600000,-0.500000,30.000000,0,PLAN_TOP_OBSERVE,nan,nan,nan,nan,0.000000
0.600000,-0.500000,40.000000,0,PLAN_TOP_OBSERVE,nan,nan,nan,nan,0.000000
0.600000,-0.500000,50.000000,0,PLAN_TOP_OBSERVE,nan,nan,nan,nan,0.000000
0.600000,-0.500000,60.000000,0,PLAN_TOP_OBSERVE,nan,nan,nan,nan,0.000000
0.600000,-0.500000,70.000000,0,PLAN_TOP_OBSERVE,nan,nan,nan,nan,0.000000
0.600000,-0.500000,80.000000,0,PLAN_TOP_OBSERVE,nan,nan,nan,nan,0.000000
0.650000,-0.500000,0.000000,0,PLAN_TOP_OBSERVE,nan,nan,nan,nan,0.000000
0.650000,-0.500000,10.000000,0,PLAN_TOP_OBSERVE,nan,nan,nan,nan,0.000000
0.650000,-0.500000,20.000000,0,PLAN_TOP_OBSERVE,nan,nan,nan,nan,0.000000
0.650000,-0.500000,30.000000,0,PLAN_TOP_OBSERVE,nan,nan,nan,nan,0.000000
0.650000,-0.500000,40.000000,0,PLAN_TOP_OBSERVE,nan,nan,nan,nan,0.000000
0.650000,-0.500000,50.000000,0,PLAN_TOP_OBSERVE,nan,nan,nan,nan,0.000000
0.650000,-0.500000,60.000000,0,PLAN_TOP_OBSERVE,nan,nan,nan,nan,0.000000
0.650000,-0.500000,70.000000,0,PLAN_TOP_OBSERVE,nan,nan,nan,nan,0.000000
0.650000,-0.500000,80.000000,0,PLAN_TOP_OBSERVE,nan,nan,nan,nan,0.000000
0.700000,-0.500000,0.000000,0,PLAN_TOP_OBSERVE,nan,nan,nan,nan,0.000000
0.700000,-0.500000,10.000000,0,PLAN_TOP_OBSERVE,nan,nan,nan,nan,0.000000
0.700000,-0.500000,20.000000,0,PLAN_TOP_OBSERVE,nan,nan,nan,nan,0.000000
0.700000,-0.500000,30.000000,0,PLAN_TOP_OBSERVE,nan,nan,nan,nan,0.000000
0.700000,-0.500000,40.000000,0,PLAN_TOP_OBSERVE,nan,nan,nan,nan,0.000000
0.700000,-0.500000,50.000000,0,PLAN_TOP_OBSERVE,nan,nan,nan,nan,0.000000
0.700000,-0.500000,60.000000,0,PLAN_TOP_OBSERVE,nan,nan,nan,nan,0.000000
0.700000,-0.500000,70.000000,0,PLAN_TOP_OBSERVE,nan,nan,nan,nan,0.000000
0.700000,-0.500000,80.000000,0,PLAN_TOP_OBSERVE,nan,nan,nan,nan,0.000000
-0.700000,-0.450000,0.000000,0,PLAN_TOP_OBSERVE,nan,nan,nan,nan,0.000000
-0.700000,-0.450000,10.000000,0,PLAN_TOP_OBSERVE,nan,nan,nan,nan,0.000000
-0.700000,-0.450000,20.000000,0,PLAN_TOP_OBSERVE,nan,nan,nan,nan,0.000000
-0.700000,-0.450000,30.000000,0,PLAN_TOP_OBSERVE,nan,nan,nan,nan,0.000000
-0.700000,-0.450000,40.000000,0,PLAN_TOP_OBSERVE,nan,nan,nan,nan,0.000000
-0.700000,-0.450000,50.000000,0,PLAN_TOP_OBSERVE,nan,nan,nan,nan,0.000000
-0.700000,-0.450000,60.000000,0,PLAN_TOP_OBSERVE,nan,nan,nan,nan,0.000000
-0.700000,-0.450000,70.000000,0,PLAN_TOP_OBSERVE,nan,nan,nan,nan,0.000000
-0.700000,-0.450000,80.000000,0,PLAN_TOP_OBSERVE,nan,nan,nan,nan,0.000000
-0.650000,-0.450000,0.000000,0,PLAN_TOP_OBSERVE,nan,nan,nan,nan,0.000000
-0.650000,-0.450000,10.000000,0,PLAN_TOP_OBSERVE,nan,nan,nan,nan,0.000000
-0.650000,-0.450000,20.000000,0,PLAN_TOP_OBSERVE,nan,nan,nan,nan,0.000000
-0.650000,-0.450000,30.000000,0,PLAN_TOP_OBSERVE,nan,nan,nan,nan,0.000000
-0.650000,-0.450000,40.000000,0,PLAN_TOP_OBSERVE,nan,nan,nan,nan,0.000000
-0.650000,-0.450000,50.000000,0,PLAN_TOP_OBSERVE,nan,nan,nan,nan,0.000000
-0.650000,-0.450000,60.000000,0,PLAN_TOP_OBSERVE,nan,nan,nan,nan,0.000000
-0.650000,-0.450000,70.000000,0,PLAN_TOP_OBSERVE,nan,nan,nan,nan,0.000000
-0.650000,-0.450000,80.000000,0,PLAN_TOP_OBSERVE,nan,nan,nan,nan,0.000000
-0.600000,-0.450000,0.000000,0,PLAN_TOP_OBSERVE,nan,nan,nan,nan,0.000000
-0.600000,-0.450000,10.000000,0,PLAN_TOP_OBSERVE,nan,nan,nan,nan,0.000000
-0.600000,-0.450000,20.000000,0,PLAN_TOP_OBSERVE,nan,nan,nan,nan,0.000000
-0.600000,-0.450000,30.000000,0,PLAN_TOP_OBSERVE,nan,nan,nan,nan,0.000000
-0.600000,-0.450000,40.000000,0,PLAN_TOP_OBSERVE,nan,nan,nan,nan,0.000000
-0.600000,-0.450000,50.000000,0,PLAN_TOP_OBSERVE,nan,nan,nan,nan,0.000000
-0.600000,-0.450000,60.000000,0,PLAN_TOP_OBSERVE,nan,nan,nan,nan,0.000000
-0.600000,-0.450000,70.000000,0,PLAN_TOP_OBSERVE,nan,nan,nan,nan,0.000000
-0.600000,-0.450000,80.000000,0,PLAN_TOP_OBSERVE,nan,nan,nan,nan,0.000000
-0.550000,-0.450000,0.000000,0,PLAN_TOP_OBSERVE,nan,nan,nan,nan,0.000000
-0.550000,-0.450000,10.000000,0,PLAN_TOP_OBSERVE,nan,nan,nan,nan,0.000000
-0.550000,-0.450000,20.000000,0,PLAN_TOP_OBSERVE,nan,nan,nan,nan,0.000000
-0.550000,-0.450000,30.000000,0,PLAN_TOP_OBSERVE,nan,nan,nan,nan,0.000000
-0.550000,-0.450000,40.000000,0,PLAN_TOP_OBSERVE,nan,nan,nan,nan,0.000000
-0.550000,-0.450000,50.000000,0,PLAN_TOP_OBSERVE,nan,nan,nan,nan,0.000000
-0.550000,-0.450000,60.000000,0,PLAN_TOP_OBSERVE,nan,nan,nan,nan,0.000000
-0.550000,-0.450000,70.000000,0,PLAN_TOP_OBSERVE,nan,nan,nan,nan,0.000000
-0.550000,-0.450000,80.000000,0,PLAN_TOP_OBSERVE,nan,nan,nan,nan,0.000000
-0.500000,-0.450000,0.000000,0,PLAN_TOP_OBSERVE,nan,nan,nan,nan,0.000000
-0.500000,-0.450000,10.000000,0,PLAN_TOP_OBSERVE,nan,nan,nan,nan,0.000000
-0.500000,-0.450000,20.000000,0,PLAN_TOP_OBSERVE,nan,nan,nan,nan,0.000000
-0.500000,-0.450000,30.000000,0,PLAN_TOP_OBSERVE,nan,nan,nan,nan,0.000000
-0.500000,-0.450000,40.000000,0,PLAN_TOP_OBSERVE,nan,nan,nan,nan,0.000000
-0.500000,-0.450000,50.000000,0,PLAN_TOP_OBSERVE,nan,nan,nan,nan,0.000000
-0.500000,-0.450000,60.000000,0,PLAN_TOP_OBSERVE,nan,nan,nan,nan,0.000000
-0.500000,-0.450000,70.000000,0,PLAN_TOP_OBSERVE,nan,nan,nan,nan,0.000000
-0.500000,-0.450000,80.000000,0,PLAN_TOP_OBSERVE,nan,nan,nan,nan,0.000000
-0.450000,-0.450000,0.000000,0,PLAN_TOP_OBSERVE,nan,nan,nan,nan,0.000000
-0.450000,-0.450000,10.000000,0,PLAN_TOP_OBSERVE,nan,nan,nan,nan,0.000000
-0.450000,-0.450000,20.000000,0,PLAN_TOP_OBSERVE,nan,nan,nan,nan,0.000000
-0.450000,-0.450000,30.000000,0,PLAN_TOP_OBSERVE,nan,nan,nan,nan,0.000000
-0.450000,-0.450000,40.000000,0,PLAN_TOP_OBSERVE,nan,nan,nan,nan,0.000000
-0.450000,-0.450000,50.000000,0,PLAN_TOP_OBSERVE,nan,nan,nan,nan,0.000000
-0.450000,-0.450000,60.000000,0,PLAN_TOP_OBSERVE,nan,nan,nan,nan,0.000000
-0.450000,-0.450000,70.000000,0,PLAN_TOP_OBSERVE,nan,nan,nan,nan,0.000000
-0.450000,-0.450000,80.000000,0,PLAN_TOP_OBSERVE,nan,nan,nan,nan,0.000000
-0.400000,-0.450000,0.000000,0,PLAN_TOP_OBSERVE,nan,nan,nan,nan,0.000000
-0.400000,-0.450000,10.000000,0,PLAN_TOP_OBSERVE,nan,nan,nan,nan,0.000000
-0.400000,-0.450000,20.000000,0,PLAN_TOP_OBSERVE,nan,nan,nan,nan,0.000000
-0.400000,-0.450000,30.000000,0,PLAN_TOP_OBSERVE,nan,nan,nan,nan,0.000000
-0.400000,-0.450000,40.000000,0,PLAN_TOP_OBSERVE,nan,nan,nan,nan,0.000000
-0.400000,-0.450000,50.000000,0,PLAN_TOP_OBSERVE,nan,nan,nan,nan,0.000000
-0.400000,-0.450000,60.000000,0,PLAN_TOP_OBSERVE,nan,nan,nan,nan,0.000000
-0.400000,-0.450000,70.000000,0,PLAN_TOP_OBSERVE,nan,nan,nan,nan,0.000000
-0.400000,-0.450000,80.000000,0,PLAN_TOP_OBSERVE,nan,nan,nan,nan,0.000000
-0.350000,-0.450000,0.000000,0,PREGRASP_DESCENT_OR_CARRY,nan,nan,nan,nan,0.000000
-0.350000,-0.450000,10.000000,0,PREGRASP_DESCENT_OR_CARRY,nan,nan,nan,nan,0.000000
-0.350000,-0.450000,20.000000,0,PREGRASP_DESCENT_OR_CARRY,nan,nan,nan,nan,0.000000
-0.350000,-0.450000,30.000000,0,PREGRASP_DESCENT_OR_CARRY,nan,nan,nan,nan,0.000000
-0.350000,-0.450000,40.000000,0,PREGRASP_DESCENT_OR_CARRY,nan,nan,nan,nan,0.000000
-0.350000,-0.450000,50.000000,0,PREGRASP_DESCENT_OR_CARRY,nan,nan,nan,nan,0.000000
-0.350000,-0.450000,60.000000,0,PREGRASP_DESCENT_OR_CARRY,nan,nan,nan,nan,0.000000
-0.350000,-0.450000,70.000000,0,PREGRASP_DESCENT_OR_CARRY,nan,nan,nan,nan,0.000000
-0.350000,-0.450000,80.000000,0,PREGRASP_DESCENT_OR_CARRY,nan,nan,nan,nan,0.000000
-0.300000,-0.450000,0.000000,0,PREGRASP_DESCENT_OR_CARRY,nan,nan,nan,nan,0.000000
-0.300000,-0.450000,10.000000,0,PREGRASP_DESCENT_OR_CARRY,nan,nan,nan,nan,0.000000
-0.300000,-0.450000,20.000000,0,PREGRASP_DESCENT_OR_CARRY,nan,nan,nan,nan,0.000000
-0.300000,-0.450000,30.000000,0,PREGRASP_DESCENT_OR_CARRY,nan,nan,nan,nan,0.000000
-0.300000,-0.450000,40.000000,0,PREGRASP_DESCENT_OR_CARRY,nan,nan,nan,nan,0.000000
-0.300000,-0.450000,50.000000,0,PREGRASP_DESCENT_OR_CARRY,nan,nan,nan,nan,0.000000
-0.300000,-0.450000,60.000000,0,PREGRASP_DESCENT_OR_CARRY,nan,nan,nan,nan,0.000000
-0.300000,-0.450000,70.000000,0,PREGRASP_DESCENT_OR_CARRY,nan,nan,nan,nan,0.000000
-0.300000,-0.450000,80.000000,0,PREGRASP_DESCENT_OR_CARRY,nan,nan,nan,nan,0.000000
-0.250000,-0.450000,0.000000,0,PREGRASP_DESCENT_OR_CARRY,nan,nan,nan,nan,0.000000
-0.250000,-0.450000,10.000000,0,PREGRASP_DESCENT_OR_CARRY,nan,nan,nan,nan,0.000000
-0.250000,-0.450000,20.000000,0,PREGRASP_DESCENT_OR_CARRY,nan,nan,nan,nan,0.000000
-0.250000,-0.450000,30.000000,0,PREGRASP_DESCENT_OR_CARRY,nan,nan,nan,nan,0.000000
-0.250000,-0.450000,40.000000,0,PREGRASP_DESCENT_OR_CARRY,nan,nan,nan,nan,0.000000
-0.250000,-0.450000,50.000000,0,PREGRASP_DESCENT_OR_CARRY,nan,nan,nan,nan,0.000000
-0.250000,-0.450000,60.000000,0,PREGRASP_DESCENT_OR_CARRY,nan,nan,nan,nan,0.000000
-0.250000,-0.450000,70.000000,0,PREGRASP_DESCENT_OR_CARRY,nan,nan,nan,nan,0.000000
-0.250000,-0.450000,80.000000,0,PREGRASP_DESCENT_OR_CARRY,nan,nan,nan,nan,0.000000
-0.200000,-0.450000,0.000000,0,PREGRASP_DESCENT_OR_CARRY,nan,nan,nan,nan,0.000000
-0.200000,-0.450000,10.000000,0,PREGRASP_DESCENT_OR_CARRY,nan,nan,nan,nan,0.000000
-0.200000,-0.450000,20.000000,0,PREGRASP_DESCENT_OR_CARRY,nan,nan,nan,nan,0.000000
-0.200000,-0.450000,30.000000,0,PREGRASP_DESCENT_OR_CARRY,nan,nan,nan,nan,0.000000
-0.200000,-0.450000,40.000000,0,PREGRASP_DESCENT_OR_CARRY,nan,nan,nan,nan,0.000000
-0.200000,-0.450000,50.000000,0,PREGRASP_DESCENT_OR_CARRY,nan,nan,nan,nan,0.000000
-0.200000,-0.450000,60.000000,0,PREGRASP_DESCENT_OR_CARRY,nan,nan,nan,nan,0.000000
-0.200000,-0.450000,70.000000,0,PREGRASP_DESCENT_OR_CARRY,nan,nan,nan,nan,0.000000
-0.200000,-0.450000,80.000000,0,PREGRASP_DESCENT_OR_CARRY,nan,nan,nan,nan,0.000000
-0.150000,-0.450000,0.000000,0,PREGRASP_DESCENT_OR_CARRY,nan,nan,nan,nan,0.000000
-0.150000,-0.450000,10.000000,0,PREGRASP_DESCENT_OR_CARRY,nan,nan,nan,nan,0.000000
-0.150000,-0.450000,20.000000,0,PREGRASP_DESCENT_OR_CARRY,nan,nan,nan,nan,0.000000
-0.150000,-0.450000,30.000000,0,PREGRASP_DESCENT_OR_CARRY,nan,nan,nan,nan,0.000000
-0.150000,-0.450000,40.000000,0,PREGRASP_DESCENT_OR_CARRY,nan,nan,nan,nan,0.000000
-0.150000,-0.450000,50.000000,0,PREGRASP_DESCENT_OR_CARRY,nan,nan,nan,nan,0.000000
-0.150000,-0.450000,60.000000,0,PREGRASP_DESCENT_OR_CARRY,nan,nan,nan,nan,0.000000
-0.150000,-0.450000,70.000000,0,PREGRASP_DESCENT_OR_CARRY,nan,nan,nan,nan,0.000000
-0.150000,-0.450000,80.000000,0,PREGRASP_DESCENT_OR_CARRY,nan,nan,nan,nan,0.000000
-0.100000,-0.450000,0.000000,1,NONE,0.080000,-0.032000,0.000000,-4.000000,0.032375
-0.100000,-0.450000,10.000000,1,NONE,0.080000,-0.032000,10.000000,-4.000000,0.053115
-0.100000,-0.450000,20.000000,1,NONE,0.080000,-0.024000,20.000000,-4.000000,0.052933
-0.100000,-0.450000,30.000000,1,NONE,0.080000,-0.024000,30.000000,-4.000000,0.021753
-0.100000,-0.450000,40.000000,1,NONE,0.080000,-0.024000,130.000000,4.000000,0.041742
-0.100000,-0.450000,50.000000,1,NONE,0.080000,-0.032000,140.000000,4.000000,0.031740
-0.100000,-0.450000,60.000000,1,NONE,0.080000,-0.032000,150.000000,4.000000,0.052642
-0.100000,-0.450000,70.000000,1,NONE,0.080000,-0.032000,160.000000,4.000000,0.011386
-0.100000,-0.450000,80.000000,1,NONE,0.080000,-0.032000,170.000000,4.000000,0.030373
-0.050000,-0.450000,0.000000,1,NONE,0.080000,-0.032000,0.000000,-2.000000,0.030968
-0.050000,-0.450000,10.000000,1,NONE,0.080000,-0.032000,10.000000,-2.000000,0.031063
-0.050000,-0.450000,20.000000,1,NONE,0.080000,-0.032000,20.000000,-2.000000,0.043643
-0.050000,-0.450000,30.000000,1,NONE,0.080000,-0.032000,30.000000,-2.000000,0.033032
-0.050000,-0.450000,40.000000,1,NONE,0.080000,-0.032000,40.000000,-2.000000,0.031362
-0.050000,-0.450000,50.000000,1,NONE,0.080000,-0.024000,50.000000,-2.000000,0.052696
-0.050000,-0.450000,60.000000,1,NONE,0.080000,-0.024000,60.000000,-2.000000,0.032805
-0.050000,-0.450000,70.000000,1,NONE,0.080000,-0.024000,70.000000,-2.000000,0.043594
-0.050000,-0.450000,80.000000,1,NONE,0.080000,-0.032000,170.000000,2.000000,0.040588
0.000000,-0.450000,0.000000,1,NONE,0.080000,-0.040000,0.000000,-2.000000,0.042670
0.000000,-0.450000,10.000000,1,NONE,0.080000,-0.040000,10.000000,-2.000000,0.042717
0.000000,-0.450000,20.000000,1,NONE,0.080000,-0.040000,20.000000,-2.000000,0.034063
0.000000,-0.450000,30.000000,1,NONE,0.080000,-0.040000,30.000000,-2.000000,0.029663
0.000000,-0.450000,40.000000,1,NONE,0.080000,-0.032000,40.000000,-2.000000,0.051087
0.000000,-0.450000,50.000000,1,NONE,0.080000,-0.032000,50.000000,-2.000000,0.032704
0.000000,-0.450000,60.000000,1,NONE,0.080000,-0.032000,60.000000,-2.000000,0.037890
0.000000,-0.450000,70.000000,1,NONE,0.080000,-0.032000,70.000000,-2.000000,0.030734
0.000000,-0.450000,80.000000,1,NONE,0.080000,-0.024000,80.000000,2.000000,0.030425
0.050000,-0.450000,0.000000,1,NONE,0.080000,-0.032000,0.000000,-2.000000,0.042599
0.050000,-0.450000,10.000000,1,NONE,0.080000,-0.032000,10.000000,-2.000000,0.042533
0.050000,-0.450000,20.000000,1,NONE,0.080000,-0.032000,20.000000,-2.000000,0.033245
0.050000,-0.450000,30.000000,1,NONE,0.080000,-0.032000,30.000000,-2.000000,0.042584
0.050000,-0.450000,40.000000,1,NONE,0.080000,-0.032000,40.000000,-2.000000,0.050616
0.050000,-0.450000,50.000000,1,NONE,0.080000,-0.032000,50.000000,-2.000000,0.022393
0.050000,-0.450000,60.000000,1,NONE,0.080000,-0.024000,60.000000,-2.000000,0.034905
0.050000,-0.450000,70.000000,1,NONE,0.080000,-0.024000,70.000000,-2.000000,0.030260
0.050000,-0.450000,80.000000,1,NONE,0.080000,-0.024000,80.000000,-2.000000,0.047211
0.100000,-0.450000,0.000000,1,NONE,0.080000,-0.032000,0.000000,-4.000000,0.033110
0.100000,-0.450000,10.000000,1,NONE,0.080000,-0.032000,10.000000,-4.000000,0.030736
0.100000,-0.450000,20.000000,1,NONE,0.080000,-0.032000,20.000000,-4.000000,0.031310
0.100000,-0.450000,30.000000,1,NONE,0.080000,-0.032000,30.000000,-4.000000,0.040599
0.100000,-0.450000,40.000000,1,NONE,0.080000,-0.032000,40.000000,-4.000000,0.031460
0.100000,-0.450000,50.000000,1,NONE,0.080000,-0.024000,50.000000,-4.000000,0.031843
0.100000,-0.450000,60.000000,1,NONE,0.080000,-0.024000,60.000000,-4.000000,0.041508
0.100000,-0.450000,70.000000,1,NONE,0.080000,-0.024000,160.000000,4.000000,0.042115
0.100000,-0.450000,80.000000,1,NONE,0.080000,-0.032000,170.000000,4.000000,0.049408
0.150000,-0.450000,0.000000,0,PREGRASP_DESCENT_OR_CARRY,nan,nan,nan,nan,0.000000
0.150000,-0.450000,10.000000,0,PREGRASP_DESCENT_OR_CARRY,nan,nan,nan,nan,0.000000
0.150000,-0.450000,20.000000,0,PREGRASP_DESCENT_OR_CARRY,nan,nan,nan,nan,0.000000
0.150000,-0.450000,30.000000,0,PREGRASP_DESCENT_OR_CARRY,nan,nan,nan,nan,0.000000
0.150000,-0.450000,40.000000,0,PREGRASP_DESCENT_OR_CARRY,nan,nan,nan,nan,0.000000
0.150000,-0.450000,50.000000,0,PREGRASP_DESCENT_OR_CARRY,nan,nan,nan,nan,0.000000
0.150000,-0.450000,60.000000,0,PREGRASP_DESCENT_OR_CARRY,nan,nan,nan,nan,0.000000
0.150000,-0.450000,70.000000,0,PREGRASP_DESCENT_OR_CARRY,nan,nan,nan,nan,0.000000
0.150000,-0.450000,80.000000,0,PREGRASP_DESCENT_OR_CARRY,nan,nan,nan,nan,0.000000
0.200000,-0.450000,0.000000,0,PREGRASP_DESCENT_OR_CARRY,nan,nan,nan,nan,0.000000
0.200000,-0.450000,10.000000,0,PREGRASP_DESCENT_OR_CARRY,nan,nan,nan,nan,0.000000
0.200000,-0.450000,20.000000,0,PREGRASP_DESCENT_OR_CARRY,nan,nan,nan,nan,0.000000
0.200000,-0.450000,30.000000,0,PREGRASP_DESCENT_OR_CARRY,nan,nan,nan,nan,0.000000
0.200000,-0.450000,40.000000,0,PREGRASP_DESCENT_OR_CARRY,nan,nan,nan,nan,0.000000
0.200000,-0.450000,50.000000,0,PREGRASP_DESCENT_OR_CARRY,nan,nan,nan,nan,0.000000
0.200000,-0.450000,60.000000,0,PREGRASP_DESCENT_OR_CARRY,nan,nan,nan,nan,0.000000
0.200000,-0.450000,70.000000,0,PREGRASP_DESCENT_OR_CARRY,nan,nan,nan,nan,0.000000
0.200000,-0.450000,80.000000,0,PREGRASP_DESCENT_OR_CARRY,nan,nan,nan,nan,0.000000
0.250000,-0.450000,0.000000,0,PREGRASP_DESCENT_OR_CARRY,nan,nan,nan,nan,0.000000
0.250000,-0.450000,10.000000,0,PREGRASP_DESCENT_OR_CARRY,nan,nan,nan,nan,0.000000
0.250000,-0.450000,20.000000,0,PREGRASP_DESCENT_OR_CARRY,nan,nan,nan,nan,0.000000
0.250000,-0.450000,30.000000,0,PREGRASP_DESCENT_OR_CARRY,nan,nan,nan,nan,0.000000
0.250000,-0.450000,40.000000,0,PREGRASP_DESCENT_OR_CARRY,nan,nan,nan,nan,0.000000
0.250000,-0.450000,50.000000,0,PREGRASP_DESCENT_OR_CARRY,nan,nan,nan,nan,0.000000
0.250000,-0.450000,60.000000,0,PREGRASP_DESCENT_OR_CARRY,nan,nan,nan,nan,0.000000
0.250000,-0.450000,70.000000,0,PREGRASP_DESCENT_OR_CARRY,nan,nan,nan,nan,0.000000
0.250000,-0.450000,80.000000,0,PREGRASP_DESCENT_OR_CARRY,nan,nan,nan,nan,0.000000
0.300000,-0.450000,0.000000,0,PREGRASP_DESCENT_OR_CARRY,nan,nan,nan,nan,0.000000
0.300000,-0.450000,10.000000,0,PREGRASP_DESCENT_OR_CARRY,nan,nan,nan,nan,0.000000
0.300000,-0.450000,20.000000,0,PREGRASP_DESCENT_OR_CARRY,nan,nan,nan,nan,0.000000
0.300000,-0.450000,30.000000,0,PREGRASP_DESCENT_OR_CARRY,nan,nan,nan,nan,0.000000
0.300000,-0.450000,40.000000,0,PREGRASP_DESCENT_OR_CARRY,nan,nan,nan,nan,0.000000
0.300000,-0.450000,50.000000,0,PREGRASP_DESCENT_OR_CARRY,nan,nan,nan,nan,0.000000
0.300000,-0.450000,60.000000,0,PREGRASP_DESCENT_OR_CARRY,nan,nan,nan,nan,0.000000
0.300000,-0.450000,70.000000,0,PREGRASP_DESCENT_OR_CARRY,nan,nan,nan,nan,0.000000
0.300000,-0.450000,80.000000,0,PREGRASP_DESCENT_OR_CARRY,nan,nan,nan,nan,0.000000
0.350000,-0.450000,0.000000,0,PREGRASP_DESCENT_OR_CARRY,nan,nan,nan,nan,0.000000
0.350000,-0.450000,10.000000,0,PREGRASP_DESCENT_OR_CARRY,nan,nan,nan,nan,0.000000
0.350000,-0.450000,20.000000,0,PREGRASP_DESCENT_OR_CARRY,nan,nan,nan,nan,0.000000
0.350000,-0.450000,30.000000,0,PREGRASP_DESCENT_OR_CARRY,nan,nan,nan,nan,0.000000
0.350000,-0.450000,40.000000,0,PREGRASP_DESCENT_OR_CARRY,nan,nan,nan,nan,0.000000
0.350000,-0.450000,50.000000,0,PREGRASP_DESCENT_OR_CARRY,nan,nan,nan,nan,0.000000
0.350000,-0.450000,60.000000,0,PREGRASP_DESCENT_OR_CARRY,nan,nan,nan,nan,0.000000
0.350000,-0.450000,70.000000,0,PREGRASP_DESCENT_OR_CARRY,nan,nan,nan,nan,0.000000
0.350000,-0.450000,80.000000,0,PREGRASP_DESCENT_OR_CARRY,nan,nan,nan,nan,0.000000
0.400000,-0.450000,0.000000,0,PLAN_TOP_OBSERVE,nan,nan,nan,nan,0.000000
0.400000,-0.450000,10.000000,0,PLAN_TOP_OBSERVE,nan,nan,nan,nan,0.000000
0.400000,-0.450000,20.000000,0,PLAN_TOP_OBSERVE,nan,nan,nan,nan,0.000000
0.400000,-0.450000,30.000000,0,PLAN_TOP_OBSERVE,nan,nan,nan,nan,0.000000
0.400000,-0.450000,40.000000,0,PLAN_TOP_OBSERVE,nan,nan,nan,nan,0.000000
0.400000,-0.450000,50.000000,0,PLAN_TOP_OBSERVE,nan,nan,nan,nan,0.000000
0.400000,-0.450000,60.000000,0,PLAN_TOP_OBSERVE,nan,nan,nan,nan,0.000000
0.400000,-0.450000,70.000000,0,PLAN_TOP_OBSERVE,nan,nan,nan,nan,0.000000
0.400000,-0.450000,80.000000,0,PLAN_TOP_OBSERVE,nan,nan,nan,nan,0.000000
0.450000,-0.450000,0.000000,0,PLAN_TOP_OBSERVE,nan,nan,nan,nan,0.000000
0.450000,-0.450000,10.000000,0,PLAN_TOP_OBSERVE,nan,nan,nan,nan,0.000000
0.450000,-0.450000,20.000000,0,PLAN_TOP_OBSERVE,nan,nan,nan,nan,0.000000
0.450000,-0.450000,30.000000,0,PLAN_TOP_OBSERVE,nan,nan,nan,nan,0.000000
0.450000,-0.450000,40.000000,0,PLAN_TOP_OBSERVE,nan,nan,nan,nan,0.000000
0.450000,-0.450000,50.000000,0,PLAN_TOP_OBSERVE,nan,nan,nan,nan,0.000000
0.450000,-0.450000,60.000000,0,PLAN_TOP_OBSERVE,nan,nan,nan,nan,0.000000
0.450000,-0.450000,70.000000,0,PLAN_TOP_OBSERVE,nan,nan,nan,nan,0.000000
0.450000,-0.450000,80.000000,0,PLAN_TOP_OBSERVE,nan,nan,nan,nan,0.000000
0.500000,-0.450000,0.000000,0,PLAN_TOP_OBSERVE,nan,nan,nan,nan,0.000000
0.500000,-0.450000,10.000000,0,PLAN_TOP_OBSERVE,nan,nan,nan,nan,0.000000
0.500000,-0.450000,20.000000,0,PLAN_TOP_OBSERVE,nan,nan,nan,nan,0.000000
0.500000,-0.450000,30.000000,0,PLAN_TOP_OBSERVE,nan,nan,nan,nan,0.000000
0.500000,-0.450000,40.000000,0,PLAN_TOP_OBSERVE,nan,nan,nan,nan,0.000000
0.500000,-0.450000,50.000000,0,PLAN_TOP_OBSERVE,nan,nan,nan,nan,0.000000
0.500000,-0.450000,60.000000,0,PLAN_TOP_OBSERVE,nan,nan,nan,nan,0.000000
0.500000,-0.450000,70.000000,0,PLAN_TOP_OBSERVE,nan,nan,nan,nan,0.000000
0.500000,-0.450000,80.000000,0,PLAN_TOP_OBSERVE,nan,nan,nan,nan,0.000000
0.550000,-0.450000,0.000000,0,PLAN_TOP_OBSERVE,nan,nan,nan,nan,0.000000
0.550000,-0.450000,10.000000,0,PLAN_TOP_OBSERVE,nan,nan,nan,nan,0.000000
0.550000,-0.450000,20.000000,0,PLAN_TOP_OBSERVE,nan,nan,nan,nan,0.000000
0.550000,-0.450000,30.000000,0,PLAN_TOP_OBSERVE,nan,nan,nan,nan,0.000000
0.550000,-0.450000,40.000000,0,PLAN_TOP_OBSERVE,nan,nan,nan,nan,0.000000
0.550000,-0.450000,50.000000,0,PLAN_TOP_OBSERVE,nan,nan,nan,nan,0.000000
0.550000,-0.450000,60.000000,0,PLAN_TOP_OBSERVE,nan,nan,nan,nan,0.000000
0.550000,-0.450000,70.000000,0,PLAN_TOP_OBSERVE,nan,nan,nan,nan,0.000000
0.550000,-0.450000,80.000000,0,PLAN_TOP_OBSERVE,nan,nan,nan,nan,0.000000
0.600000,-0.450000,0.000000,0,PLAN_TOP_OBSERVE,nan,nan,nan,nan,0.000000
0.600000,-0.450000,10.000000,0,PLAN_TOP_OBSERVE,nan,nan,nan,nan,0.000000
0.600000,-0.450000,20.000000,0,PLAN_TOP_OBSERVE,nan,nan,nan,nan,0.000000
0.600000,-0.450000,30.000000,0,PLAN_TOP_OBSERVE,nan,nan,nan,nan,0.000000
0.600000,-0.450000,40.000000,0,PLAN_TOP_OBSERVE,nan,nan,nan,nan,0.000000
0.600000,-0.450000,50.000000,0,PLAN_TOP_OBSERVE,nan,nan,nan,nan,0.000000
0.600000,-0.450000,60.000000,0,PLAN_TOP_OBSERVE,nan,nan,nan,nan,0.000000
0.600000,-0.450000,70.000000,0,PLAN_TOP_OBSERVE,nan,nan,nan,nan,0.000000
0.600000,-0.450000,80.000000,0,PLAN_TOP_OBSERVE,nan,nan,nan,nan,0.000000
0.650000,-0.450000,0.000000,0,PLAN_TOP_OBSERVE,nan,nan,nan,nan,0.000000
0.650000,-0.450000,10.000000,0,PLAN_TOP_OBSERVE,nan,nan,nan,nan,0.000000
0.650000,-0.450000,20.000000,0,PLAN_TOP_OBSERVE,nan,nan,nan,nan,0.000000
0.650000,-0.450000,30.000000,0,PLAN_TOP_OBSERVE,nan,nan,nan,nan,0.000000
0.650000,-0.450000,40.000000,0,PLAN_TOP_OBSERVE,nan,nan,nan,nan,0.000000
0.650000,-0.450000,50.000000,0,PLAN_TOP_OBSERVE,nan,nan,nan,nan,0.000000
0.650000,-0.450000,60.000000,0,PLAN_TOP_OBSERVE,nan,nan,nan,nan,0.000000
0.650000,-0.450000,70.000000,0,PLAN_TOP_OBSERVE,nan,nan,nan,nan,0.000000
0.650000,-0.450000,80.000000,0,PLAN_TOP_OBSERVE,nan,nan,nan,nan,0.000000
0.700000,-0.450000,0.000000,0,PLAN_TOP_OBSERVE,nan,nan,nan,nan,0.000000
0.700000,-0.450000,10.000000,0,PLAN_TOP_OBSERVE,nan,nan,nan,nan,0.000000
0.700000,-0.450000,20.000000,0,PLAN_TOP_OBSERVE,nan,nan,nan,nan,0.000000
0.700000,-0.450000,30.000000,0,PLAN_TOP_OBSERVE,nan,nan,nan,nan,0.000000
0.700000,-0.450000,40.000000,0,PLAN_TOP_OBSERVE,nan,nan,nan,nan,0.000000
0.700000,-0.450000,50.000000,0,PLAN_TOP_OBSERVE,nan,nan,nan,nan,0.000000
0.700000,-0.450000,60.000000,0,PLAN_TOP_OBSERVE,nan,nan,nan,nan,0.000000
0.700000,-0.450000,70.000000,0,PLAN_TOP_OBSERVE,nan,nan,nan,nan,0.000000
0.700000,-0.450000,80.000000,0,PLAN_TOP_OBSERVE,nan,nan,nan,nan,0.000000
-0.700000,-0.400000,0.000000,0,PLAN_TOP_OBSERVE,nan,nan,nan,nan,0.000000
-0.700000,-0.400000,10.000000,0,PLAN_TOP_OBSERVE,nan,nan,nan,nan,0.000000
-0.700000,-0.400000,20.000000,0,PLAN_TOP_OBSERVE,nan,nan,nan,nan,0.000000
-0.700000,-0.400000,30.000000,0,PLAN_TOP_OBSERVE,nan,nan,nan,nan,0.000000
-0.700000,-0.400000,40.000000,0,PLAN_TOP_OBSERVE,nan,nan,nan,nan,0.000000
-0.700000,-0.400000,50.000000,0,PLAN_TOP_OBSERVE,nan,nan,nan,nan,0.000000
-0.700000,-0.400000,60.000000,0,PLAN_TOP_OBSERVE,nan,nan,nan,nan,0.000000
-0.700000,-0.400000,70.000000,0,PLAN_TOP_OBSERVE,nan,nan,nan,nan,0.000000
-0.700000,-0.400000,80.000000,0,PLAN_TOP_OBSERVE,nan,nan,nan,nan,0.000000
-0.650000,-0.400000,0.000000,0,PLAN_TOP_OBSERVE,nan,nan,nan,nan,0.000000
-0.650000,-0.400000,10.000000,0,PLAN_TOP_OBSERVE,nan,nan,nan,nan,0.000000
-0.650000,-0.400000,20.000000,0,PLAN_TOP_OBSERVE,nan,nan,nan,nan,0.000000
-0.650000,-0.400000,30.000000,0,PLAN_TOP_OBSERVE,nan,nan,nan,nan,0.000000
-0.650000,-0.400000,40.000000,0,PLAN_TOP_OBSERVE,nan,nan,nan,nan,0.000000
-0.650000,-0.400000,50.000000,0,PLAN_TOP_OBSERVE,nan,nan,nan,nan,0.000000
-0.650000,-0.400000,60.000000,0,PLAN_TOP_OBSERVE,nan,nan,nan,nan,0.000000
-0.650000,-0.400000,70.000000,0,PLAN_TOP_OBSERVE,nan,nan,nan,nan,0.000000
-0.650000,-0.400000,80.000000,0,PLAN_TOP_OBSERVE,nan,nan,nan,nan,0.000000
-0.600000,-0.400000,0.000000,0,PLAN_TOP_OBSERVE,nan,nan,nan,nan,0.000000
-0.600000,-0.400000,10.000000,0,PLAN_TOP_OBSERVE,nan,nan,nan,nan,0.000000
-0.600000,-0.400000,20.000000,0,PLAN_TOP_OBSERVE,nan,nan,nan,nan,0.000000
-0.600000,-0.400000,30.000000,0,PLAN_TOP_OBSERVE,nan,nan,nan,nan,0.000000
-0.600000,-0.400000,40.000000,0,PLAN_TOP_OBSERVE,nan,nan,nan,nan,0.000000
-0.600000,-0.400000,50.000000,0,PLAN_TOP_OBSERVE,nan,nan,nan,nan,0.000000
-0.600000,-0.400000,60.000000,0,PLAN_TOP_OBSERVE,nan,nan,nan,nan,0.000000
-0.600000,-0.400000,70.000000,0,PLAN_TOP_OBSERVE,nan,nan,nan,nan,0.000000
-0.600000,-0.400000,80.000000,0,PLAN_TOP_OBSERVE,nan,nan,nan,nan,0.000000
-0.550000,-0.400000,0.000000,0,PLAN_TOP_OBSERVE,nan,nan,nan,nan,0.000000
-0.550000,-0.400000,10.000000,0,PLAN_TOP_OBSERVE,nan,nan,nan,nan,0.000000
-0.550000,-0.400000,20.000000,0,PLAN_TOP_OBSERVE,nan,nan,nan,nan,0.000000
-0.550000,-0.400000,30.000000,0,PLAN_TOP_OBSERVE,nan,nan,nan,nan,0.000000
-0.550000,-0.400000,40.000000,0,PLAN_TOP_OBSERVE,nan,nan,nan,nan,0.000000
-0.550000,-0.400000,50.000000,0,PLAN_TOP_OBSERVE,nan,nan,nan,nan,0.000000
-0.550000,-0.400000,60.000000,0,PLAN_TOP_OBSERVE,nan,nan,nan,nan,0.000000
-0.550000,-0.400000,70.000000,0,PLAN_TOP_OBSERVE,nan,nan,nan,nan,0.000000
-0.550000,-0.400000,80.000000,0,PLAN_TOP_OBSERVE,nan,nan,nan,nan,0.000000
-0.500000,-0.400000,0.000000,0,PLAN_TOP_OBSERVE,nan,nan,nan,nan,0.000000
-0.500000,-0.400000,10.000000,0,PLAN_TOP_OBSERVE,nan,nan,nan,nan,0.000000
-0.500000,-0.400000,20.000000,0,PLAN_TOP_OBSERVE,nan,nan,nan,nan,0.000000
-0.500000,-0.400000,30.000000,0,PLAN_TOP_OBSERVE,nan,nan,nan,nan,0.000000
-0.500000,-0.400000,40.000000,0,PLAN_TOP_OBSERVE,nan,nan,nan,nan,0.000000
-0.500000,-0.400000,50.000000,0,PLAN_TOP_OBSERVE,nan,nan,nan,nan,0.000000
-0.500000,-0.400000,60.000000,0,PLAN_TOP_OBSERVE,nan,nan,nan,nan,0.000000
-0.500000,-0.400000,70.000000,0,PLAN_TOP_OBSERVE,nan,nan,nan,nan,0.000000
-0.500000,-0.400000,80.000000,0,PLAN_TOP_OBSERVE,nan,nan,nan,nan,0.000000
-0.450000,-0.400000,0.000000,0,PLAN_TOP_OBSERVE,nan,nan,nan,nan,0.000000
-0.450000,-0.400000,10.000000,0,PLAN_TOP_OBSERVE,nan,nan,nan,nan,0.000000
-0.450000,-0.400000,20.000000,0,PLAN_TOP_OBSERVE,nan,nan,nan,nan,0.000000
-0.450000,-0.400000,30.000000,0,PLAN_TOP_OBSERVE,nan,nan,nan,nan,0.000000
-0.450000,-0.400000,40.000000,0,PLAN_TOP_OBSERVE,nan,nan,nan,nan,0.000000
-0.450000,-0.400000,50.000000,0,PLAN_TOP_OBSERVE,nan,nan,nan,nan,0.000000
-0.450000,-0.400000,60.000000,0,PLAN_TOP_OBSERVE,nan,nan,nan,nan,0.000000
-0.450000,-0.400000,70.000000,0,PLAN_TOP_OBSERVE,nan,nan,nan,nan,0.000000
-0.450000,-0.400000,80.000000,0,PLAN_TOP_OBSERVE,nan,nan,nan,nan,0.000000
-0.400000,-0.400000,0.000000,0,PREGRASP_DESCENT_OR_CARRY,nan,nan,nan,nan,0.000000
-0.400000,-0.400000,10.000000,0,PREGRASP_DESCENT_OR_CARRY,nan,nan,nan,nan,0.000000
-0.400000,-0.400000,20.000000,0,PREGRASP_DESCENT_OR_CARRY,nan,nan,nan,nan,0.000000
-0.400000,-0.400000,30.000000,0,PREGRASP_DESCENT_OR_CARRY,nan,nan,nan,nan,0.000000
-0.400000,-0.400000,40.000000,0,PREGRASP_DESCENT_OR_CARRY,nan,nan,nan,nan,0.000000
-0.400000,-0.400000,50.000000,0,PREGRASP_DESCENT_OR_CARRY,nan,nan,nan,nan,0.000000
-0.400000,-0.400000,60.000000,0,PREGRASP_DESCENT_OR_CARRY,nan,nan,nan,nan,0.000000
-0.400000,-0.400000,70.000000,0,PREGRASP_DESCENT_OR_CARRY,nan,nan,nan,nan,0.000000
-0.400000,-0.400000,80.000000,0,PREGRASP_DESCENT_OR_CARRY,nan,nan,nan,nan,0.000000
-0.350000,-0.400000,0.000000,0,PREGRASP_DESCENT_OR_CARRY,nan,nan,nan,nan,0.000000
-0.350000,-0.400000,10.000000,0,PREGRASP_DESCENT_OR_CARRY,nan,nan,nan,nan,0.000000
-0.350000,-0.400000,20.000000,0,PREGRASP_DESCENT_OR_CARRY,nan,nan,nan,nan,0.000000
-0.350000,-0.400000,30.000000,0,PREGRASP_DESCENT_OR_CARRY,nan,nan,nan,nan,0.000000
-0.350000,-0.400000,40.000000,0,PREGRASP_DESCENT_OR_CARRY,nan,nan,nan,nan,0.000000
-0.350000,-0.400000,50.000000,0,PREGRASP_DESCENT_OR_CARRY,nan,nan,nan,nan,0.000000
-0.350000,-0.400000,60.000000,0,PREGRASP_DESCENT_OR_CARRY,nan,nan,nan,nan,0.000000
-0.350000,-0.400000,70.000000,0,PREGRASP_DESCENT_OR_CARRY,nan,nan,nan,nan,0.000000
-0.350000,-0.400000,80.000000,0,PREGRASP_DESCENT_OR_CARRY,nan,nan,nan,nan,0.000000
-0.300000,-0.400000,0.000000,0,PREGRASP_DESCENT_OR_CARRY,nan,nan,nan,nan,0.000000
-0.300000,-0.400000,10.000000,0,PREGRASP_DESCENT_OR_CARRY,nan,nan,nan,nan,0.000000
-0.300000,-0.400000,20.000000,0,PREGRASP_DESCENT_OR_CARRY,nan,nan,nan,nan,0.000000
-0.300000,-0.400000,30.000000,0,PREGRASP_DESCENT_OR_CARRY,nan,nan,nan,nan,0.000000
-0.300000,-0.400000,40.000000,0,PREGRASP_DESCENT_OR_CARRY,nan,nan,nan,nan,0.000000
-0.300000,-0.400000,50.000000,0,PREGRASP_DESCENT_OR_CARRY,nan,nan,nan,nan,0.000000
-0.300000,-0.400000,60.000000,0,PREGRASP_DESCENT_OR_CARRY,nan,nan,nan,nan,0.000000
-0.300000,-0.400000,70.000000,0,PREGRASP_DESCENT_OR_CARRY,nan,nan,nan,nan,0.000000
-0.300000,-0.400000,80.000000,0,PREGRASP_DESCENT_OR_CARRY,nan,nan,nan,nan,0.000000
-0.250000,-0.400000,0.000000,0,PREGRASP_DESCENT_OR_CARRY,nan,nan,nan,nan,0.000000
-0.250000,-0.400000,10.000000,0,PREGRASP_DESCENT_OR_CARRY,nan,nan,nan,nan,0.000000
-0.250000,-0.400000,20.000000,0,PREGRASP_DESCENT_OR_CARRY,nan,nan,nan,nan,0.000000
-0.250000,-0.400000,30.000000,0,PREGRASP_DESCENT_OR_CARRY,nan,nan,nan,nan,0.000000
-0.250000,-0.400000,40.000000,0,PREGRASP_DESCENT_OR_CARRY,nan,nan,nan,nan,0.000000
-0.250000,-0.400000,50.000000,0,PREGRASP_DESCENT_OR_CARRY,nan,nan,nan,nan,0.000000
-0.250000,-0.400000,60.000000,0,PREGRASP_DESCENT_OR_CARRY,nan,nan,nan,nan,0.000000
-0.250000,-0.400000,70.000000,0,PREGRASP_DESCENT_OR_CARRY,nan,nan,nan,nan,0.000000
-0.250000,-0.400000,80.000000,0,PREGRASP_DESCENT_OR_CARRY,nan,nan,nan,nan,0.000000
-0.200000,-0.400000,0.000000,1,NONE,0.080000,-0.040000,0.000000,-2.000000,0.043388
-0.200000,-0.400000,10.000000,1,NONE,0.080000,-0.040000,10.000000,-2.000000,0.050966
-0.200000,-0.400000,20.000000,1,NONE,0.080000,-0.040000,20.000000,-2.000000,0.030628
-0.200000,-0.400000,30.000000,1,NONE,0.080000,-0.024000,30.000000,2.000000,0.052564
-0.200000,-0.400000,40.000000,1,NONE,0.080000,-0.024000,40.000000,2.000000,0.032384
-0.200000,-0.400000,50.000000,1,NONE,0.080000,-0.024000,50.000000,2.000000,0.030629
-0.200000,-0.400000,60.000000,1,NONE,0.080000,-0.032000,60.000000,2.000000,0.043092
-0.200000,-0.400000,70.000000,1,NONE,0.080000,-0.032000,70.000000,2.000000,0.020883
-0.200000,-0.400000,80.000000,1,NONE,0.080000,-0.032000,80.000000,2.000000,0.052452
-0.150000,-0.400000,0.000000,1,NONE,0.080000,-0.040000,0.000000,2.000000,0.041764
-0.150000,-0.400000,10.000000,1,NONE,0.080000,-0.040000,10.000000,2.000000,0.052545
-0.150000,-0.400000,20.000000,1,NONE,0.080000,-0.040000,20.000000,2.000000,0.043987
-0.150000,-0.400000,30.000000,1,NONE,0.080000,-0.040000,30.000000,2.000000,0.020367
-0.150000,-0.400000,40.000000,1,NONE,0.080000,-0.040000,40.000000,2.000000,0.032979
-0.150000,-0.400000,50.000000,1,NONE,0.080000,-0.040000,50.000000,2.000000,0.010176
-0.150000,-0.400000,60.000000,1,NONE,0.080000,-0.040000,60.000000,2.000000,0.031672
-0.150000,-0.400000,70.000000,1,NONE,0.080000,-0.040000,70.000000,2.000000,0.021942
-0.150000,-0.400000,80.000000,1,NONE,0.080000,-0.040000,80.000000,2.000000,0.041009
-0.100000,-0.400000,0.000000,1,NONE,0.080000,-0.040000,0.000000,-2.000000,0.031603
-0.100000,-0.400000,10.000000,1,NONE,0.080000,-0.040000,10.000000,2.000000,0.032932
-0.100000,-0.400000,20.000000,1,NONE,0.080000,-0.040000,20.000000,2.000000,0.042519
-0.100000,-0.400000,30.000000,1,NONE,0.080000,-0.040000,30.000000,2.000000,0.030979
-0.100000,-0.400000,40.000000,1,NONE,0.080000,-0.040000,40.000000,2.000000,0.049151
-0.100000,-0.400000,50.000000,1,NONE,0.080000,-0.040000,50.000000,2.000000,0.041767
-0.100000,-0.400000,60.000000,1,NONE,0.080000,-0.040000,60.000000,2.000000,0.030142
-0.100000,-0.400000,70.000000,1,NONE,0.080000,-0.040000,70.000000,2.000000,0.040232
-0.100000,-0.400000,80.000000,1,NONE,0.080000,-0.040000,80.000000,2.000000,0.029335
-0.050000,-0.400000,0.000000,1,NONE,0.080000,-0.040000,0.000000,2.000000,0.033938
-0.050000,-0.400000,10.000000,1,NONE,0.080000,-0.040000,10.000000,2.000000,0.051648
-0.050000,-0.400000,20.000000,1,NONE,0.080000,-0.040000,20.000000,-2.000000,0.041460
-0.050000,-0.400000,30.000000,1,NONE,0.080000,-0.040000,30.000000,2.000000,0.040873
-0.050000,-0.400000,40.000000,1,NONE,0.080000,-0.040000,40.000000,2.000000,0.050864
-0.050000,-0.400000,50.000000,1,NONE,0.080000,-0.040000,50.000000,2.000000,0.026424
-0.050000,-0.400000,60.000000,1,NONE,0.080000,-0.040000,60.000000,2.000000,0.032371
-0.050000,-0.400000,70.000000,1,NONE,0.080000,-0.040000,70.000000,2.000000,0.021050
-0.050000,-0.400000,80.000000,1,NONE,0.080000,-0.040000,80.000000,2.000000,0.027980
0.000000,-0.400000,0.000000,1,NONE,0.080000,-0.040000,0.000000,-2.000000,0.031650
0.000000,-0.400000,10.000000,1,NONE,0.080000,-0.040000,10.000000,2.000000,0.034156
0.000000,-0.400000,20.000000,1,NONE,0.080000,-0.040000,20.000000,4.000000,0.034387
0.000000,-0.400000,30.000000,1,NONE,0.080000,-0.040000,30.000000,2.000000,0.029341
0.000000,-0.400000,40.000000,1,NONE,0.080000,-0.040000,40.000000,2.000000,0.031186
0.000000,-0.400000,50.000000,1,NONE,0.080000,-0.040000,50.000000,2.000000,0.050507
0.000000,-0.400000,60.000000,1,NONE,0.080000,-0.040000,60.000000,2.000000,0.033515
0.000000,-0.400000,70.000000,1,NONE,0.080000,-0.040000,70.000000,4.000000,0.040602
0.000000,-0.400000,80.000000,1,NONE,0.080000,-0.040000,80.000000,2.000000,0.038877
0.050000,-0.400000,0.000000,1,NONE,0.080000,-0.040000,0.000000,-2.000000,0.042122
0.050000,-0.400000,10.000000,1,NONE,0.080000,-0.040000,10.000000,2.000000,0.012116
0.050000,-0.400000,20.000000,1,NONE,0.080000,-0.040000,20.000000,-4.000000,0.023517
0.050000,-0.400000,30.000000,1,NONE,0.080000,-0.040000,30.000000,-4.000000,0.032005
0.050000,-0.400000,40.000000,1,NONE,0.080000,-0.040000,40.000000,2.000000,0.043928
0.050000,-0.400000,50.000000,1,NONE,0.080000,-0.040000,50.000000,4.000000,0.030716
0.050000,-0.400000,60.000000,1,NONE,0.080000,-0.040000,60.000000,-2.000000,0.031218
0.050000,-0.400000,70.000000,1,NONE,0.080000,-0.040000,70.000000,2.000000,0.030777
0.050000,-0.400000,80.000000,1,NONE,0.080000,-0.040000,80.000000,2.000000,0.019691
0.100000,-0.400000,0.000000,1,NONE,0.080000,-0.040000,0.000000,2.000000,0.032072
0.100000,-0.400000,10.000000,1,NONE,0.080000,-0.040000,10.000000,-2.000000,0.043416
0.100000,-0.400000,20.000000,1,NONE,0.080000,-0.040000,20.000000,2.000000,0.023021
0.100000,-0.400000,30.000000,1,NONE,0.080000,-0.040000,30.000000,2.000000,0.022471
0.100000,-0.400000,40.000000,1,NONE,0.080000,-0.040000,40.000000,2.000000,0.042366
0.100000,-0.400000,50.000000,1,NONE,0.080000,-0.040000,50.000000,-2.000000,0.030771
0.100000,-0.400000,60.000000,1,NONE,0.080000,-0.040000,60.000000,2.000000,0.030399
0.100000,-0.400000,70.000000,1,NONE,0.080000,-0.040000,70.000000,2.000000,0.031516
0.100000,-0.400000,80.000000,1,NONE,0.080000,-0.040000,80.000000,2.000000,0.022597
0.150000,-0.400000,0.000000,1,NONE,0.080000,-0.040000,0.000000,2.000000,0.032482
0.150000,-0.400000,10.000000,1,NONE,0.080000,-0.040000,10.000000,2.000000,0.031743
0.150000,-0.400000,20.000000,1,NONE,0.080000,-0.040000,20.000000,2.000000,0.041798
0.150000,-0.400000,30.000000,1,NONE,0.080000,-0.040000,30.000000,2.000000,0.041769
0.150000,-0.400000,40.000000,1,NONE,0.080000,-0.040000,40.000000,2.000000,0.042658
0.150000,-0.400000,50.000000,1,NONE,0.080000,-0.040000,50.000000,2.000000,0.032379
0.150000,-0.400000,60.000000,1,NONE,0.080000,-0.040000,60.000000,2.000000,0.028556
0.150000,-0.400000,70.000000,1,NONE,0.080000,-0.040000,70.000000,2.000000,0.042230
0.150000,-0.400000,80.000000,1,NONE,0.080000,-0.040000,80.000000,2.000000,0.018799
0.200000,-0.400000,0.000000,1,NONE,0.080000,-0.040000,0.000000,-2.000000,0.031532
0.200000,-0.400000,10.000000,1,NONE,0.080000,-0.040000,10.000000,-2.000000,0.023344
0.200000,-0.400000,20.000000,1,NONE,0.080000,-0.040000,20.000000,-4.000000,0.043422
0.200000,-0.400000,30.000000,1,NONE,0.080000,-0.040000,30.000000,-2.000000,0.032267
0.200000,-0.400000,40.000000,1,NONE,0.080000,-0.040000,40.000000,-4.000000,0.040241
0.200000,-0.400000,50.000000,1,NONE,0.080000,-0.040000,50.000000,-2.000000,0.033289
0.200000,-0.400000,60.000000,1,NONE,0.080000,-0.040000,60.000000,-2.000000,0.021261
0.200000,-0.400000,70.000000,1,NONE,0.080000,-0.040000,70.000000,-2.000000,0.032096
0.200000,-0.400000,80.000000,1,NONE,0.080000,-0.024000,80.000000,2.000000,0.032295
0.250000,-0.400000,0.000000,0,PREGRASP_DESCENT_OR_CARRY,nan,nan,nan,nan,0.000000
0.250000,-0.400000,10.000000,0,PREGRASP_DESCENT_OR_CARRY,nan,nan,nan,nan,0.000000
0.250000,-0.400000,20.000000,0,PREGRASP_DESCENT_OR_CARRY,nan,nan,nan,nan,0.000000
0.250000,-0.400000,30.000000,0,PREGRASP_DESCENT_OR_CARRY,nan,nan,nan,nan,0.000000
0.250000,-0.400000,40.000000,0,PREGRASP_DESCENT_OR_CARRY,nan,nan,nan,nan,0.000000
0.250000,-0.400000,50.000000,0,PREGRASP_DESCENT_OR_CARRY,nan,nan,nan,nan,0.000000
0.250000,-0.400000,60.000000,0,PREGRASP_DESCENT_OR_CARRY,nan,nan,nan,nan,0.000000
0.250000,-0.400000,70.000000,0,PREGRASP_DESCENT_OR_CARRY,nan,nan,nan,nan,0.000000
0.250000,-0.400000,80.000000,0,PREGRASP_DESCENT_OR_CARRY,nan,nan,nan,nan,0.000000
0.300000,-0.400000,0.000000,0,PREGRASP_DESCENT_OR_CARRY,nan,nan,nan,nan,0.000000
0.300000,-0.400000,10.000000,0,PREGRASP_DESCENT_OR_CARRY,nan,nan,nan,nan,0.000000
0.300000,-0.400000,20.000000,0,PREGRASP_DESCENT_OR_CARRY,nan,nan,nan,nan,0.000000
0.300000,-0.400000,30.000000,0,PREGRASP_DESCENT_OR_CARRY,nan,nan,nan,nan,0.000000
0.300000,-0.400000,40.000000,0,PREGRASP_DESCENT_OR_CARRY,nan,nan,nan,nan,0.000000
0.300000,-0.400000,50.000000,0,PREGRASP_DESCENT_OR_CARRY,nan,nan,nan,nan,0.000000
0.300000,-0.400000,60.000000,0,PREGRASP_DESCENT_OR_CARRY,nan,nan,nan,nan,0.000000
0.300000,-0.400000,70.000000,0,PREGRASP_DESCENT_OR_CARRY,nan,nan,nan,nan,0.000000
0.300000,-0.400000,80.000000,0,PREGRASP_DESCENT_OR_CARRY,nan,nan,nan,nan,0.000000
0.350000,-0.400000,0.000000,0,PREGRASP_DESCENT_OR_CARRY,nan,nan,nan,nan,0.000000
0.350000,-0.400000,10.000000,0,PREGRASP_DESCENT_OR_CARRY,nan,nan,nan,nan,0.000000
0.350000,-0.400000,20.000000,0,PREGRASP_DESCENT_OR_CARRY,nan,nan,nan,nan,0.000000
0.350000,-0.400000,30.000000,0,PREGRASP_DESCENT_OR_CARRY,nan,nan,nan,nan,0.000000
0.350000,-0.400000,40.000000,0,PREGRASP_DESCENT_OR_CARRY,nan,nan,nan,nan,0.000000
0.350000,-0.400000,50.000000,0,PREGRASP_DESCENT_OR_CARRY,nan,nan,nan,nan,0.000000
0.350000,-0.400000,60.000000,0,PREGRASP_DESCENT_OR_CARRY,nan,nan,nan,nan,0.000000
0.350000,-0.400000,70.000000,0,PREGRASP_DESCENT_OR_CARRY,nan,nan,nan,nan,0.000000
0.350000,-0.400000,80.000000,0,PREGRASP_DESCENT_OR_CARRY,nan,nan,nan,nan,0.000000
0.400000,-0.400000,0.000000,0,PREGRASP_DESCENT_OR_CARRY,nan,nan,nan,nan,0.000000
0.400000,-0.400000,10.000000,0,PREGRASP_DESCENT_OR_CARRY,nan,nan,nan,nan,0.000000
0.400000,-0.400000,20.000000,0,PREGRASP_DESCENT_OR_CARRY,nan,nan,nan,nan,0.000000
0.400000,-0.400000,30.000000,0,PREGRASP_DESCENT_OR_CARRY,nan,nan,nan,nan,0.000000
0.400000,-0.400000,40.000000,0,PREGRASP_DESCENT_OR_CARRY,nan,nan,nan,nan,0.000000
0.400000,-0.400000,50.000000,0,PREGRASP_DESCENT_OR_CARRY,nan,nan,nan,nan,0.000000
0.400000,-0.400000,60.000000,0,PREGRASP_DESCENT_OR_CARRY,nan,nan,nan,nan,0.000000
0.400000,-0.400000,70.000000,0,PREGRASP_DESCENT_OR_CARRY,nan,nan,nan,nan,0.000000
0.400000,-0.400000,80.000000,0,PREGRASP_DESCENT_OR_CARRY,nan,nan,nan,nan,0.000000
0.450000,-0.400000,0.000000,0,PLAN_TOP_OBSERVE,nan,nan,nan,nan,0.000000
0.450000,-0.400000,10.000000,0,PLAN_TOP_OBSERVE,nan,nan,nan,nan,0.000000
0.450000,-0.400000,20.000000,0,PLAN_TOP_OBSERVE,nan,nan,nan,nan,0.000000
0.450000,-0.400000,30.000000,0,PLAN_TOP_OBSERVE,nan,nan,nan,nan,0.000000
0.450000,-0.400000,40.000000,0,PLAN_TOP_OBSERVE,nan,nan,nan,nan,0.000000
0.450000,-0.400000,50.000000,0,PLAN_TOP_OBSERVE,nan,nan,nan,nan,0.000000
0.450000,-0.400000,60.000000,0,PLAN_TOP_OBSERVE,nan,nan,nan,nan,0.000000
0.450000,-0.400000,70.000000,0,PLAN_TOP_OBSERVE,nan,nan,nan,nan,0.000000
0.450000,-0.400000,80.000000,0,PLAN_TOP_OBSERVE,nan,nan,nan,nan,0.000000
0.500000,-0.400000,0.000000,0,PLAN_TOP_OBSERVE,nan,nan,nan,nan,0.000000
0.500000,-0.400000,10.000000,0,PLAN_TOP_OBSERVE,nan,nan,nan,nan,0.000000
0.500000,-0.400000,20.000000,0,PLAN_TOP_OBSERVE,nan,nan,nan,nan,0.000000
0.500000,-0.400000,30.000000,0,PLAN_TOP_OBSERVE,nan,nan,nan,nan,0.000000
0.500000,-0.400000,40.000000,0,PLAN_TOP_OBSERVE,nan,nan,nan,nan,0.000000
0.500000,-0.400000,50.000000,0,PLAN_TOP_OBSERVE,nan,nan,nan,nan,0.000000
0.500000,-0.400000,60.000000,0,PLAN_TOP_OBSERVE,nan,nan,nan,nan,0.000000
0.500000,-0.400000,70.000000,0,PLAN_TOP_OBSERVE,nan,nan,nan,nan,0.000000
0.500000,-0.400000,80.000000,0,PLAN_TOP_OBSERVE,nan,nan,nan,nan,0.000000
0.550000,-0.400000,0.000000,0,PLAN_TOP_OBSERVE,nan,nan,nan,nan,0.000000
0.550000,-0.400000,10.000000,0,PLAN_TOP_OBSERVE,nan,nan,nan,nan,0.000000
0.550000,-0.400000,20.000000,0,PLAN_TOP_OBSERVE,nan,nan,nan,nan,0.000000
0.550000,-0.400000,30.000000,0,PLAN_TOP_OBSERVE,nan,nan,nan,nan,0.000000
0.550000,-0.400000,40.000000,0,PLAN_TOP_OBSERVE,nan,nan,nan,nan,0.000000
0.550000,-0.400000,50.000000,0,PLAN_TOP_OBSERVE,nan,nan,nan,nan,0.000000
0.550000,-0.400000,60.000000,0,PLAN_TOP_OBSERVE,nan,nan,nan,nan,0.000000
0.550000,-0.400000,70.000000,0,PLAN_TOP_OBSERVE,nan,nan,nan,nan,0.000000
0.550000,-0.400000,80.000000,0,PLAN_TOP_OBSERVE,nan,nan,nan,nan,0.000000
0.600000,-0.400000,0.000000,0,PLAN_TOP_OBSERVE,nan,nan,nan,nan,0.000000
0.600000,-0.400000,10.000000,0,PLAN_TOP_OBSERVE,nan,nan,nan,nan,0.000000
0.600000,-0.400000,20.000000,0,PLAN_TOP_OBSERVE,nan,nan,nan,nan,0.000000
0.600000,-0.400000,30.000000,0,PLAN_TOP_OBSERVE,nan,nan,nan,nan,0.000000
0.600000,-0.400000,40.000000,0,PLAN_TOP_OBSERVE,nan,nan,nan,nan,0.000000
0.600000,-0.400000,50.000000,0,PLAN_TOP_OBSERVE,nan,nan,nan,nan,0.000000
0.600000,-0.400000,60.000000,0,PLAN_TOP_OBSERVE,nan,nan,nan,nan,0.000000
0.600000,-0.400000,70.000000,0,PLAN_TOP_OBSERVE,nan,nan,nan,nan,0.000000
0.600000,-0.400000,80.000000,0,PLAN_TOP_OBSERVE,nan,nan,nan,nan,0.000000
0.650000,-0.400000,0.000000,0,PLAN_TOP_OBSERVE,nan,nan,nan,nan,0.000000
0.650000,-0.400000,10.000000,0,PLAN_TOP_OBSERVE,nan,nan,nan,nan,0.000000
0.650000,-0.400000,20.000000,0,PLAN_TOP_OBSERVE,nan,nan,nan,nan,0.000000
0.650000,-0.400000,30.000000,0,PLAN_TOP_OBSERVE,nan,nan,nan,nan,0.000000
0.650000,-0.400000,40.000000,0,PLAN_TOP_OBSERVE,nan,nan,nan,nan,0.000000
0.650000,-0.400000,50.000000,0,PLAN_TOP_OBSERVE,nan,nan,nan,nan,0.000000
0.650000,-0.400000,60.000000,0,PLAN_TOP_OBSERVE,nan,nan,nan,nan,0.000000
0.650000,-0.400000,70.000000,0,PLAN_TOP_OBSERVE,nan,nan,nan,nan,0.000000
0.650000,-0.400000,80.000000,0,PLAN_TOP_OBSERVE,nan,nan,nan,nan,0.000000
0.700000,-0.400000,0.000000,0,PLAN_TOP_OBSERVE,nan,nan,nan,nan,0.000000
0.700000,-0.400000,10.000000,0,PLAN_TOP_OBSERVE,nan,nan,nan,nan,0.000000
0.700000,-0.400000,20.000000,0,PLAN_TOP_OBSERVE,nan,nan,nan,nan,0.000000
0.700000,-0.400000,30.000000,0,PLAN_TOP_OBSERVE,nan,nan,nan,nan,0.000000
0.700000,-0.400000,40.000000,0,PLAN_TOP_OBSERVE,nan,nan,nan,nan,0.000000
0.700000,-0.400000,50.000000,0,PLAN_TOP_OBSERVE,nan,nan,nan,nan,0.000000
0.700000,-0.400000,60.000000,0,PLAN_TOP_OBSERVE,nan,nan,nan,nan,0.000000
0.700000,-0.400000,70.000000,0,PLAN_TOP_OBSERVE,nan,nan,nan,nan,0.000000
0.700000,-0.400000,80.000000,0,PLAN_TOP_OBSERVE,nan,nan,nan,nan,0.000000
-0.700000,-0.350000,0.000000,0,PLAN_TOP_OBSERVE,nan,nan,nan,nan,0.000000
-0.700000,-0.350000,10.000000,0,PLAN_TOP_OBSERVE,nan,nan,nan,nan,0.000000
-0.700000,-0.350000,20.000000,0,PLAN_TOP_OBSERVE,nan,nan,nan,nan,0.000000
-0.700000,-0.350000,30.000000,0,PLAN_TOP_OBSERVE,nan,nan,nan,nan,0.000000
-0.700000,-0.350000,40.000000,0,PLAN_TOP_OBSERVE,nan,nan,nan,nan,0.000000
-0.700000,-0.350000,50.000000,0,PLAN_TOP_OBSERVE,nan,nan,nan,nan,0.000000
-0.700000,-0.350000,60.000000,0,PLAN_TOP_OBSERVE,nan,nan,nan,nan,0.000000
-0.700000,-0.350000,70.000000,0,PLAN_TOP_OBSERVE,nan,nan,nan,nan,0.000000
-0.700000,-0.350000,80.000000,0,PLAN_TOP_OBSERVE,nan,nan,nan,nan,0.000000
-0.650000,-0.350000,0.000000,0,PLAN_TOP_OBSERVE,nan,nan,nan,nan,0.000000
-0.650000,-0.350000,10.000000,0,PLAN_TOP_OBSERVE,nan,nan,nan,nan,0.000000
-0.650000,-0.350000,20.000000,0,PLAN_TOP_OBSERVE,nan,nan,nan,nan,0.000000
-0.650000,-0.350000,30.000000,0,PLAN_TOP_OBSERVE,nan,nan,nan,nan,0.000000
-0.650000,-0.350000,40.000000,0,PLAN_TOP_OBSERVE,nan,nan,nan,nan,0.000000
-0.650000,-0.350000,50.000000,0,PLAN_TOP_OBSERVE,nan,nan,nan,nan,0.000000
-0.650000,-0.350000,60.000000,0,PLAN_TOP_OBSERVE,nan,nan,nan,nan,0.000000
-0.650000,-0.350000,70.000000,0,PLAN_TOP_OBSERVE,nan,nan,nan,nan,0.000000
-0.650000,-0.350000,80.000000,0,PLAN_TOP_OBSERVE,nan,nan,nan,nan,0.000000
-0.600000,-0.350000,0.000000,0,PLAN_TOP_OBSERVE,nan,nan,nan,nan,0.000000
-0.600000,-0.350000,10.000000,0,PLAN_TOP_OBSERVE,nan,nan,nan,nan,0.000000
-0.600000,-0.350000,20.000000,0,PLAN_TOP_OBSERVE,nan,nan,nan,nan,0.000000
-0.600000,-0.350000,30.000000,0,PLAN_TOP_OBSERVE,nan,nan,nan,nan,0.000000
-0.600000,-0.350000,40.000000,0,PLAN_TOP_OBSERVE,nan,nan,nan,nan,0.000000
-0.600000,-0.350000,50.000000,0,PLAN_TOP_OBSERVE,nan,nan,nan,nan,0.000000
-0.600000,-0.350000,60.000000,0,PLAN_TOP_OBSERVE,nan,nan,nan,nan,0.000000
-0.600000,-0.350000,70.000000,0,PLAN_TOP_OBSERVE,nan,nan,nan,nan,0.000000
-0.600000,-0.350000,80.000000,0,PLAN_TOP_OBSERVE,nan,nan,nan,nan,0.000000
-0.550000,-0.350000,0.000000,0,PLAN_TOP_OBSERVE,nan,nan,nan,nan,0.000000
-0.550000,-0.350000,10.000000,0,PLAN_TOP_OBSERVE,nan,nan,nan,nan,0.000000
-0.550000,-0.350000,20.000000,0,PLAN_TOP_OBSERVE,nan,nan,nan,nan,0.000000
-0.550000,-0.350000,30.000000,0,PLAN_TOP_OBSERVE,nan,nan,nan,nan,0.000000
-0.550000,-0.350000,40.000000,0,PLAN_TOP_OBSERVE,nan,nan,nan,nan,0.000000
-0.550000,-0.350000,50.000000,0,PLAN_TOP_OBSERVE,nan,nan,nan,nan,0.000000
-0.550000,-0.350000,60.000000,0,PLAN_TOP_OBSERVE,nan,nan,nan,nan,0.000000
-0.550000,-0.350000,70.000000,0,PLAN_TOP_OBSERVE,nan,nan,nan,nan,0.000000
-0.550000,-0.350000,80.000000,0,PLAN_TOP_OBSERVE,nan,nan,nan,nan,0.000000
-0.500000,-0.350000,0.000000,0,PLAN_TOP_OBSERVE,nan,nan,nan,nan,0.000000
-0.500000,-0.350000,10.000000,0,PLAN_TOP_OBSERVE,nan,nan,nan,nan,0.000000
-0.500000,-0.350000,20.000000,0,PLAN_TOP_OBSERVE,nan,nan,nan,nan,0.000000
-0.500000,-0.350000,30.000000,0,PLAN_TOP_OBSERVE,nan,nan,nan,nan,0.000000
-0.500000,-0.350000,40.000000,0,PLAN_TOP_OBSERVE,nan,nan,nan,nan,0.000000
-0.500000,-0.350000,50.000000,0,PLAN_TOP_OBSERVE,nan,nan,nan,nan,0.000000
-0.500000,-0.350000,60.000000,0,PLAN_TOP_OBSERVE,nan,nan,nan,nan,0.000000
-0.500000,-0.350000,70.000000,0,PLAN_TOP_OBSERVE,nan,nan,nan,nan,0.000000
-0.500000,-0.350000,80.000000,0,PLAN_TOP_OBSERVE,nan,nan,nan,nan,0.000000
-0.450000,-0.350000,0.000000,0,PREGRASP_DESCENT_OR_CARRY,nan,nan,nan,nan,0.000000
-0.450000,-0.350000,10.000000,0,PREGRASP_DESCENT_OR_CARRY,nan,nan,nan,nan,0.000000
-0.450000,-0.350000,20.000000,0,PREGRASP_DESCENT_OR_CARRY,nan,nan,nan,nan,0.000000
-0.450000,-0.350000,30.000000,0,PREGRASP_DESCENT_OR_CARRY,nan,nan,nan,nan,0.000000
-0.450000,-0.350000,40.000000,0,PREGRASP_DESCENT_OR_CARRY,nan,nan,nan,nan,0.000000
-0.450000,-0.350000,50.000000,0,PREGRASP_DESCENT_OR_CARRY,nan,nan,nan,nan,0.000000
-0.450000,-0.350000,60.000000,0,PREGRASP_DESCENT_OR_CARRY,nan,nan,nan,nan,0.000000
-0.450000,-0.350000,70.000000,0,PREGRASP_DESCENT_OR_CARRY,nan,nan,nan,nan,0.000000
-0.450000,-0.350000,80.000000,0,PREGRASP_DESCENT_OR_CARRY,nan,nan,nan,nan,0.000000
-0.400000,-0.350000,0.000000,0,PREGRASP_DESCENT_OR_CARRY,nan,nan,nan,nan,0.000000
-0.400000,-0.350000,10.000000,0,PREGRASP_DESCENT_OR_CARRY,nan,nan,nan,nan,0.000000
-0.400000,-0.350000,20.000000,0,PREGRASP_DESCENT_OR_CARRY,nan,nan,nan,nan,0.000000
-0.400000,-0.350000,30.000000,0,PREGRASP_DESCENT_OR_CARRY,nan,nan,nan,nan,0.000000
-0.400000,-0.350000,40.000000,0,PREGRASP_DESCENT_OR_CARRY,nan,nan,nan,nan,0.000000
-0.400000,-0.350000,50.000000,0,PREGRASP_DESCENT_OR_CARRY,nan,nan,nan,nan,0.000000
-0.400000,-0.350000,60.000000,0,PREGRASP_DESCENT_OR_CARRY,nan,nan,nan,nan,0.000000
-0.400000,-0.350000,70.000000,0,PREGRASP_DESCENT_OR_CARRY,nan,nan,nan,nan,0.000000
-0.400000,-0.350000,80.000000,0,PREGRASP_DESCENT_OR_CARRY,nan,nan,nan,nan,0.000000
-0.350000,-0.350000,0.000000,0,PREGRASP_DESCENT_OR_CARRY,nan,nan,nan,nan,0.000000
-0.350000,-0.350000,10.000000,0,PREGRASP_DESCENT_OR_CARRY,nan,nan,nan,nan,0.000000
-0.350000,-0.350000,20.000000,0,PREGRASP_DESCENT_OR_CARRY,nan,nan,nan,nan,0.000000
-0.350000,-0.350000,30.000000,0,PREGRASP_DESCENT_OR_CARRY,nan,nan,nan,nan,0.000000
-0.350000,-0.350000,40.000000,0,PREGRASP_DESCENT_OR_CARRY,nan,nan,nan,nan,0.000000
-0.350000,-0.350000,50.000000,0,PREGRASP_DESCENT_OR_CARRY,nan,nan,nan,nan,0.000000
-0.350000,-0.350000,60.000000,0,PREGRASP_DESCENT_OR_CARRY,nan,nan,nan,nan,0.000000
-0.350000,-0.350000,70.000000,0,PREGRASP_DESCENT_OR_CARRY,nan,nan,nan,nan,0.000000
-0.350000,-0.350000,80.000000,0,PREGRASP_DESCENT_OR_CARRY,nan,nan,nan,nan,0.000000
-0.300000,-0.350000,0.000000,1,NONE,0.080000,-0.024000,0.000000,-4.000000,0.012460
-0.300000,-0.350000,10.000000,1,NONE,0.080000,-0.024000,10.000000,-4.000000,0.030268
-0.300000,-0.350000,20.000000,1,NONE,0.080000,-0.024000,110.000000,4.000000,0.031566
-0.300000,-0.350000,30.000000,1,NONE,0.080000,-0.032000,120.000000,4.000000,0.030815
-0.300000,-0.350000,40.000000,1,NONE,0.080000,-0.032000,130.000000,4.000000,0.017667
-0.300000,-0.350000,50.000000,1,NONE,0.080000,-0.032000,140.000000,4.000000,0.030038
-0.300000,-0.350000,60.000000,1,NONE,0.080000,-0.032000,150.000000,4.000000,0.032282
-0.300000,-0.350000,70.000000,1,NONE,0.080000,-0.032000,160.000000,4.000000,0.031700
-0.300000,-0.350000,80.000000,1,NONE,0.080000,-0.032000,170.000000,4.000000,0.019325
-0.250000,-0.350000,0.000000,1,NONE,0.080000,-0.040000,0.000000,2.000000,0.032592
-0.250000,-0.350000,10.000000,1,NONE,0.080000,-0.040000,10.000000,2.000000,0.030714
-0.250000,-0.350000,20.000000,1,NONE,0.080000,-0.040000,20.000000,2.000000,0.033836
-0.250000,-0.350000,30.000000,1,NONE,0.080000,-0.040000,30.000000,2.000000,0.029690
-0.250000,-0.350000,40.000000,1,NONE,0.080000,-0.040000,40.000000,2.000000,0.041235
-0.250000,-0.350000,50.000000,1,NONE,0.080000,-0.040000,50.000000,2.000000,0.032212
-0.250000,-0.350000,60.000000,1,NONE,0.080000,-0.040000,60.000000,2.000000,0.033040
-0.250000,-0.350000,70.000000,1,NONE,0.080000,-0.040000,70.000000,2.000000,0.042799
-0.250000,-0.350000,80.000000,1,NONE,0.080000,-0.040000,80.000000,2.000000,0.031616
-0.200000,-0.350000,0.000000,1,NONE,0.080000,-0.040000,0.000000,2.000000,0.031615
-0.200000,-0.350000,10.000000,1,NONE,0.080000,-0.040000,10.000000,2.000000,0.030563
-0.200000,-0.350000,20.000000,1,NONE,0.080000,-0.040000,20.000000,2.000000,0.029954
-0.200000,-0.350000,30.000000,1,NONE,0.080000,-0.040000,30.000000,2.000000,0.050036
-0.200000,-0.350000,40.000000,1,NONE,0.080000,-0.040000,40.000000,2.000000,0.029441
-0.200000,-0.350000,50.000000,1,NONE,0.080000,-0.040000,50.000000,2.000000,0.033658
-0.200000,-0.350000,60.000000,1,NONE,0.080000,-0.040000,60.000000,2.000000,0.041383
-0.200000,-0.350000,70.000000,1,NONE,0.080000,-0.040000,70.000000,2.000000,0.031081
-0.200000,-0.350000,80.000000,1,NONE,0.080000,-0.040000,80.000000,2.000000,0.032190
-0.150000,-0.350000,0.000000,1,NONE,0.080000,-0.040000,0.000000,-2.000000,0.024591
-0.150000,-0.350000,10.000000,1,NONE,0.080000,-0.040000,10.000000,2.000000,0.031440
-0.150000,-0.350000,20.000000,1,NONE,0.080000,-0.040000,20.000000,2.000000,0.042246
-0.150000,-0.350000,30.000000,1,NONE,0.080000,-0.040000,30.000000,4.000000,0.032561
-0.150000,-0.350000,40.000000,1,NONE,0.080000,-0.040000,40.000000,2.000000,0.030745
-0.150000,-0.350000,50.000000,1,NONE,0.080000,-0.040000,50.000000,2.000000,0.031248
-0.150000,-0.350000,60.000000,1,NONE,0.080000,-0.040000,60.000000,2.000000,0.033213
-0.150000,-0.350000,70.000000,1,NONE,0.080000,-0.040000,70.000000,2.000000,0.044864
-0.150000,-0.350000,80.000000,1,NONE,0.080000,-0.040000,80.000000,2.000000,0.052776
-0.100000,-0.350000,0.000000,1,NONE,0.080000,-0.040000,0.000000,-2.000000,0.032215
-0.100000,-0.350000,10.000000,1,NONE,0.080000,-0.040000,10.000000,2.000000,0.030713
-0.100000,-0.350000,20.000000,1,NONE,0.080000,-0.040000,20.000000,2.000000,0.051702
-0.100000,-0.350000,30.000000,1,NONE,0.080000,-0.040000,30.000000,-2.000000,0.041174
-0.100000,-0.350000,40.000000,1,NONE,0.080000,-0.040000,40.000000,2.000000,0.031010
-0.100000,-0.350000,50.000000,1,NONE,0.080000,-0.040000,50.000000,2.000000,0.031399
-0.100000,-0.350000,60.000000,1,NONE,0.080000,-0.040000,60.000000,4.000000,0.030936
-0.100000,-0.350000,70.000000,1,NONE,0.080000,-0.040000,70.000000,2.000000,0.038238
-0.100000,-0.350000,80.000000,1,NONE,0.080000,-0.040000,80.000000,2.000000,0.023196
-0.050000,-0.350000,0.000000,1,NONE,0.080000,-0.040000,0.000000,4.000000,0.041039
-0.050000,-0.350000,10.000000,1,NONE,0.080000,-0.040000,10.000000,2.000000,0.027197
-0.050000,-0.350000,20.000000,1,NONE,0.080000,-0.040000,20.000000,2.000000,0.033095
-0.050000,-0.350000,30.000000,1,NONE,0.080000,-0.040000,30.000000,-2.000000,0.031796
-0.050000,-0.350000,40.000000,1,NONE,0.080000,-0.040000,40.000000,2.000000,0.042392
-0.050000,-0.350000,50.000000,1,NONE,0.080000,-0.040000,50.000000,2.000000,0.041935
-0.050000,-0.350000,60.000000,1,NONE,0.080000,-0.040000,60.000000,-2.000000,0.033049
-0.050000,-0.350000,70.000000,1,NONE,0.080000,-0.040000,70.000000,2.000000,0.041594
-0.050000,-0.350000,80.000000,1,NONE,0.080000,-0.040000,80.000000,2.000000,0.048279
0.000000,-0.350000,0.000000,1,NONE,0.080000,-0.040000,0.000000,2.000000,0.052514
0.000000,-0.350000,10.000000,1,NONE,0.080000,-0.040000,10.000000,2.000000,0.042467
0.000000,-0.350000,20.000000,1,NONE,0.080000,-0.040000,20.000000,4.000000,0.039492
0.000000,-0.350000,30.000000,1,NONE,0.080000,-0.040000,30.000000,-4.000000,0.033982
0.000000,-0.350000,40.000000,1,NONE,0.080000,-0.040000,40.000000,-4.000000,0.051417
0.000000,-0.350000,50.000000,1,NONE,0.080000,-0.040000,50.000000,2.000000,0.040993
0.000000,-0.350000,60.000000,1,NONE,0.080000,-0.040000,60.000000,2.000000,0.032127
0.000000,-0.350000,70.000000,1,NONE,0.080000,-0.040000,70.000000,2.000000,0.040841
0.000000,-0.350000,80.000000,1,NONE,0.080000,-0.040000,80.000000,2.000000,0.041535
0.050000,-0.350000,0.000000,1,NONE,0.080000,-0.040000,0.000000,-2.000000,0.032955
0.050000,-0.350000,10.000000,1,NONE,0.080000,-0.040000,10.000000,2.000000,0.031069
0.050000,-0.350000,20.000000,1,NONE,0.080000,-0.040000,20.000000,2.000000,0.018665
0.050000,-0.350000,30.000000,1,NONE,0.080000,-0.040000,30.000000,2.000000,0.039710
0.050000,-0.350000,40.000000,1,NONE,0.080000,-0.040000,40.000000,2.000000,0.052750
0.050000,-0.350000,50.000000,1,NONE,0.080000,-0.040000,50.000000,2.000000,0.043262
0.050000,-0.350000,60.000000,1,NONE,0.080000,-0.040000,60.000000,-2.000000,0.031806
0.050000,-0.350000,70.000000,1,NONE,0.080000,-0.040000,70.000000,-2.000000,0.043271
0.050000,-0.350000,80.000000,1,NONE,0.080000,-0.040000,80.000000,-2.000000,0.046521
0.100000,-0.350000,0.000000,1,NONE,0.080000,-0.040000,0.000000,2.000000,0.025182
0.100000,-0.350000,10.000000,1,NONE,0.080000,-0.040000,100.000000,-2.000000,0.053472
0.100000,-0.350000,20.000000,1,NONE,0.080000,-0.040000,20.000000,2.000000,0.047919
0.100000,-0.350000,30.000000,1,NONE,0.080000,-0.040000,30.000000,2.000000,0.031349
0.100000,-0.350000,40.000000,1,NONE,0.080000,-0.040000,40.000000,2.000000,0.023603
0.100000,-0.350000,50.000000,1,NONE,0.080000,-0.040000,50.000000,2.000000,0.022370
0.100000,-0.350000,60.000000,1,NONE,0.080000,-0.040000,60.000000,2.000000,0.027378
0.100000,-0.350000,70.000000,1,NONE,0.080000,-0.040000,70.000000,2.000000,0.030965
0.100000,-0.350000,80.000000,1,NONE,0.080000,-0.040000,80.000000,2.000000,0.051124
0.150000,-0.350000,0.000000,1,NONE,0.080000,-0.040000,90.000000,2.000000,0.032036
0.150000,-0.350000,10.000000,1,NONE,0.080000,-0.040000,10.000000,-4.000000,0.010910
0.150000,-0.350000,20.000000,1,NONE,0.080000,-0.040000,20.000000,-2.000000,0.031213
0.150000,-0.350000,30.000000,1,NONE,0.080000,-0.040000,30.000000,-2.000000,0.040780
0.150000,-0.350000,40.000000,1,NONE,0.080000,-0.040000,40.000000,4.000000,0.029004
0.150000,-0.350000,50.000000,1,NONE,0.080000,-0.040000,50.000000,2.000000,0.030851
0.150000,-0.350000,60.000000,1,NONE,0.080000,-0.040000,60.000000,2.000000,0.031781
0.150000,-0.350000,70.000000,1,NONE,0.080000,-0.040000,70.000000,-2.000000,0.040826
0.150000,-0.350000,80.000000,1,NONE,0.080000,-0.040000,80.000000,2.000000,0.039985
0.200000,-0.350000,0.000000,1,NONE,0.080000,-0.040000,0.000000,-2.000000,0.032795
0.200000,-0.350000,10.000000,1,NONE,0.080000,-0.040000,10.000000,2.000000,0.032945
0.200000,-0.350000,20.000000,1,NONE,0.080000,-0.040000,20.000000,4.000000,0.042665
0.200000,-0.350000,30.000000,1,NONE,0.080000,-0.040000,30.000000,4.000000,0.043335
0.200000,-0.350000,40.000000,1,NONE,0.080000,-0.040000,40.000000,-2.000000,0.032846
0.200000,-0.350000,50.000000,1,NONE,0.080000,-0.040000,50.000000,2.000000,0.035141
0.200000,-0.350000,60.000000,1,NONE,0.080000,-0.040000,60.000000,2.000000,0.039608
0.200000,-0.350000,70.000000,1,NONE,0.080000,-0.040000,70.000000,2.000000,0.031327
0.200000,-0.350000,80.000000,1,NONE,0.080000,-0.040000,80.000000,2.000000,0.054109
0.250000,-0.350000,0.000000,1,NONE,0.080000,-0.040000,0.000000,2.000000,0.018712
0.250000,-0.350000,10.000000,1,NONE,0.080000,-0.040000,10.000000,2.000000,0.045463
0.250000,-0.350000,20.000000,1,NONE,0.080000,-0.040000,20.000000,2.000000,0.032853
0.250000,-0.350000,30.000000,1,NONE,0.080000,-0.040000,30.000000,2.000000,0.030713
0.250000,-0.350000,40.000000,1,NONE,0.080000,-0.040000,40.000000,2.000000,0.033038
0.250000,-0.350000,50.000000,1,NONE,0.080000,-0.040000,50.000000,2.000000,0.040967
0.250000,-0.350000,60.000000,1,NONE,0.080000,-0.040000,60.000000,2.000000,0.041469
0.250000,-0.350000,70.000000,1,NONE,0.080000,-0.040000,70.000000,2.000000,0.050978
0.250000,-0.350000,80.000000,1,NONE,0.080000,-0.040000,80.000000,2.000000,0.050391
0.300000,-0.350000,0.000000,1,NONE,0.080000,-0.024000,0.000000,-4.000000,0.037233
0.300000,-0.350000,10.000000,1,NONE,0.080000,-0.024000,-170.000000,4.000000,0.028615
0.300000,-0.350000,20.000000,1,NONE,0.080000,-0.032000,20.000000,-4.000000,0.021456
0.300000,-0.350000,30.000000,1,NONE,0.080000,-0.032000,30.000000,-4.000000,0.028857
0.300000,-0.350000,40.000000,1,NONE,0.080000,-0.032000,40.000000,-4.000000,0.041072
0.300000,-0.350000,50.000000,1,NONE,0.080000,-0.032000,50.000000,-4.000000,0.030623
0.300000,-0.350000,60.000000,1,NONE,0.080000,-0.032000,60.000000,-4.000000,0.031456
0.300000,-0.350000,70.000000,1,NONE,0.080000,-0.024000,70.000000,-4.000000,0.020403
0.300000,-0.350000,80.000000,1,NONE,0.080000,-0.024000,80.000000,-4.000000,0.039278
0.350000,-0.350000,0.000000,0,PREGRASP_DESCENT_OR_CARRY,nan,nan,nan,nan,0.000000
0.350000,-0.350000,10.000000,0,PREGRASP_DESCENT_OR_CARRY,nan,nan,nan,nan,0.000000
0.350000,-0.350000,20.000000,0,PREGRASP_DESCENT_OR_CARRY,nan,nan,nan,nan,0.000000
0.350000,-0.350000,30.000000,0,PREGRASP_DESCENT_OR_CARRY,nan,nan,nan,nan,0.000000
0.350000,-0.350000,40.000000,0,PREGRASP_DESCENT_OR_CARRY,nan,nan,nan,nan,0.000000
0.350000,-0.350000,50.000000,0,PREGRASP_DESCENT_OR_CARRY,nan,nan,nan,nan,0.000000
0.350000,-0.350000,60.000000,0,PREGRASP_DESCENT_OR_CARRY,nan,nan,nan,nan,0.000000
0.350000,-0.350000,70.000000,0,PREGRASP_DESCENT_OR_CARRY,nan,nan,nan,nan,0.000000
0.350000,-0.350000,80.000000,0,PREGRASP_DESCENT_OR_CARRY,nan,nan,nan,nan,0.000000
0.400000,-0.350000,0.000000,0,PREGRASP_DESCENT_OR_CARRY,nan,nan,nan,nan,0.000000
0.400000,-0.350000,10.000000,0,PREGRASP_DESCENT_OR_CARRY,nan,nan,nan,nan,0.000000
0.400000,-0.350000,20.000000,0,PREGRASP_DESCENT_OR_CARRY,nan,nan,nan,nan,0.000000
0.400000,-0.350000,30.000000,0,PREGRASP_DESCENT_OR_CARRY,nan,nan,nan,nan,0.000000
0.400000,-0.350000,40.000000,0,PREGRASP_DESCENT_OR_CARRY,nan,nan,nan,nan,0.000000
0.400000,-0.350000,50.000000,0,PREGRASP_DESCENT_OR_CARRY,nan,nan,nan,nan,0.000000
0.400000,-0.350000,60.000000,0,PREGRASP_DESCENT_OR_CARRY,nan,nan,nan,nan,0.000000
0.400000,-0.350000,70.000000,0,PREGRASP_DESCENT_OR_CARRY,nan,nan,nan,nan,0.000000
0.400000,-0.350000,80.000000,0,PREGRASP_DESCENT_OR_CARRY,nan,nan,nan,nan,0.000000
0.450000,-0.350000,0.000000,0,PREGRASP_DESCENT_OR_CARRY,nan,nan,nan,nan,0.000000
0.450000,-0.350000,10.000000,0,PREGRASP_DESCENT_OR_CARRY,nan,nan,nan,nan,0.000000
0.450000,-0.350000,20.000000,0,PREGRASP_DESCENT_OR_CARRY,nan,nan,nan,nan,0.000000
0.450000,-0.350000,30.000000,0,PREGRASP_DESCENT_OR_CARRY,nan,nan,nan,nan,0.000000
0.450000,-0.350000,40.000000,0,PREGRASP_DESCENT_OR_CARRY,nan,nan,nan,nan,0.000000
0.450000,-0.350000,50.000000,0,PREGRASP_DESCENT_OR_CARRY,nan,nan,nan,nan,0.000000
0.450000,-0.350000,60.000000,0,PREGRASP_DESCENT_OR_CARRY,nan,nan,nan,nan,0.000000
0.450000,-0.350000,70.000000,0,PREGRASP_DESCENT_OR_CARRY,nan,nan,nan,nan,0.000000
0.450000,-0.350000,80.000000,0,PREGRASP_DESCENT_OR_CARRY,nan,nan,nan,nan,0.000000
0.500000,-0.350000,0.000000,0,PLAN_TOP_OBSERVE,nan,nan,nan,nan,0.000000
0.500000,-0.350000,10.000000,0,PLAN_TOP_OBSERVE,nan,nan,nan,nan,0.000000
0.500000,-0.350000,20.000000,0,PLAN_TOP_OBSERVE,nan,nan,nan,nan,0.000000
0.500000,-0.350000,30.000000,0,PLAN_TOP_OBSERVE,nan,nan,nan,nan,0.000000
0.500000,-0.350000,40.000000,0,PLAN_TOP_OBSERVE,nan,nan,nan,nan,0.000000
0.500000,-0.350000,50.000000,0,PLAN_TOP_OBSERVE,nan,nan,nan,nan,0.000000
0.500000,-0.350000,60.000000,0,PLAN_TOP_OBSERVE,nan,nan,nan,nan,0.000000
0.500000,-0.350000,70.000000,0,PLAN_TOP_OBSERVE,nan,nan,nan,nan,0.000000
0.500000,-0.350000,80.000000,0,PLAN_TOP_OBSERVE,nan,nan,nan,nan,0.000000
0.550000,-0.350000,0.000000,0,PLAN_TOP_OBSERVE,nan,nan,nan,nan,0.000000
0.550000,-0.350000,10.000000,0,PLAN_TOP_OBSERVE,nan,nan,nan,nan,0.000000
0.550000,-0.350000,20.000000,0,PLAN_TOP_OBSERVE,nan,nan,nan,nan,0.000000
0.550000,-0.350000,30.000000,0,PLAN_TOP_OBSERVE,nan,nan,nan,nan,0.000000
0.550000,-0.350000,40.000000,0,PLAN_TOP_OBSERVE,nan,nan,nan,nan,0.000000
0.550000,-0.350000,50.000000,0,PLAN_TOP_OBSERVE,nan,nan,nan,nan,0.000000
0.550000,-0.350000,60.000000,0,PLAN_TOP_OBSERVE,nan,nan,nan,nan,0.000000
0.550000,-0.350000,70.000000,0,PLAN_TOP_OBSERVE,nan,nan,nan,nan,0.000000
0.550000,-0.350000,80.000000,0,PLAN_TOP_OBSERVE,nan,nan,nan,nan,0.000000
0.600000,-0.350000,0.000000,0,PLAN_TOP_OBSERVE,nan,nan,nan,nan,0.000000
0.600000,-0.350000,10.000000,0,PLAN_TOP_OBSERVE,nan,nan,nan,nan,0.000000
0.600000,-0.350000,20.000000,0,PLAN_TOP_OBSERVE,nan,nan,nan,nan,0.000000
0.600000,-0.350000,30.000000,0,PLAN_TOP_OBSERVE,nan,nan,nan,nan,0.000000
0.600000,-0.350000,40.000000,0,PLAN_TOP_OBSERVE,nan,nan,nan,nan,0.000000
0.600000,-0.350000,50.000000,0,PLAN_TOP_OBSERVE,nan,nan,nan,nan,0.000000
0.600000,-0.350000,60.000000,0,PLAN_TOP_OBSERVE,nan,nan,nan,nan,0.000000
0.600000,-0.350000,70.000000,0,PLAN_TOP_OBSERVE,nan,nan,nan,nan,0.000000
0.600000,-0.350000,80.000000,0,PLAN_TOP_OBSERVE,nan,nan,nan,nan,0.000000
0.650000,-0.350000,0.000000,0,PLAN_TOP_OBSERVE,nan,nan,nan,nan,0.000000
0.650000,-0.350000,10.000000,0,PLAN_TOP_OBSERVE,nan,nan,nan,nan,0.000000
0.650000,-0.350000,20.000000,0,PLAN_TOP_OBSERVE,nan,nan,nan,nan,0.000000
0.650000,-0.350000,30.000000,0,PLAN_TOP_OBSERVE,nan,nan,nan,nan,0.000000
0.650000,-0.350000,40.000000,0,PLAN_TOP_OBSERVE,nan,nan,nan,nan,0.000000
0.650000,-0.350000,50.000000,0,PLAN_TOP_OBSERVE,nan,nan,nan,nan,0.000000
0.650000,-0.350000,60.000000,0,PLAN_TOP_OBSERVE,nan,nan,nan,nan,0.000000
0.650000,-0.350000,70.000000,0,PLAN_TOP_OBSERVE,nan,nan,nan,nan,0.000000
0.650000,-0.350000,80.000000,0,PLAN_TOP_OBSERVE,nan,nan,nan,nan,0.000000
0.700000,-0.350000,0.000000,0,PLAN_TOP_OBSERVE,nan,nan,nan,nan,0.000000
0.700000,-0.350000,10.000000,0,PLAN_TOP_OBSERVE,nan,nan,nan,nan,0.000000
0.700000,-0.350000,20.000000,0,PLAN_TOP_OBSERVE,nan,nan,nan,nan,0.000000
0.700000,-0.350000,30.000000,0,PLAN_TOP_OBSERVE,nan,nan,nan,nan,0.000000
0.700000,-0.350000,40.000000,0,PLAN_TOP_OBSERVE,nan,nan,nan,nan,0.000000
0.700000,-0.350000,50.000000,0,PLAN_TOP_OBSERVE,nan,nan,nan,nan,0.000000
0.700000,-0.350000,60.000000,0,PLAN_TOP_OBSERVE,nan,nan,nan,nan,0.000000
0.700000,-0.350000,70.000000,0,PLAN_TOP_OBSERVE,nan,nan,nan,nan,0.000000
0.700000,-0.350000,80.000000,0,PLAN_TOP_OBSERVE,nan,nan,nan,nan,0.000000
-0.700000,-0.300000,0.000000,0,PLAN_TOP_OBSERVE,nan,nan,nan,nan,0.000000
-0.700000,-0.300000,10.000000,0,PLAN_TOP_OBSERVE,nan,nan,nan,nan,0.000000
-0.700000,-0.300000,20.000000,0,PLAN_TOP_OBSERVE,nan,nan,nan,nan,0.000000
-0.700000,-0.300000,30.000000,0,PLAN_TOP_OBSERVE,nan,nan,nan,nan,0.000000
-0.700000,-0.300000,40.000000,0,PLAN_TOP_OBSERVE,nan,nan,nan,nan,0.000000
-0.700000,-0.300000,50.000000,0,PLAN_TOP_OBSERVE,nan,nan,nan,nan,0.000000
-0.700000,-0.300000,60.000000,0,PLAN_TOP_OBSERVE,nan,nan,nan,nan,0.000000
-0.700000,-0.300000,70.000000,0,PLAN_TOP_OBSERVE,nan,nan,nan,nan,0.000000
-0.700000,-0.300000,80.000000,0,PLAN_TOP_OBSERVE,nan,nan,nan,nan,0.000000
-0.650000,-0.300000,0.000000,0,PLAN_TOP_OBSERVE,nan,nan,nan,nan,0.000000
-0.650000,-0.300000,10.000000,0,PLAN_TOP_OBSERVE,nan,nan,nan,nan,0.000000
-0.650000,-0.300000,20.000000,0,PLAN_TOP_OBSERVE,nan,nan,nan,nan,0.000000
-0.650000,-0.300000,30.000000,0,PLAN_TOP_OBSERVE,nan,nan,nan,nan,0.000000
-0.650000,-0.300000,40.000000,0,PLAN_TOP_OBSERVE,nan,nan,nan,nan,0.000000
-0.650000,-0.300000,50.000000,0,PLAN_TOP_OBSERVE,nan,nan,nan,nan,0.000000
-0.650000,-0.300000,60.000000,0,PLAN_TOP_OBSERVE,nan,nan,nan,nan,0.000000
-0.650000,-0.300000,70.000000,0,PLAN_TOP_OBSERVE,nan,nan,nan,nan,0.000000
-0.650000,-0.300000,80.000000,0,PLAN_TOP_OBSERVE,nan,nan,nan,nan,0.000000
-0.600000,-0.300000,0.000000,0,PLAN_TOP_OBSERVE,nan,nan,nan,nan,0.000000
-0.600000,-0.300000,10.000000,0,PLAN_TOP_OBSERVE,nan,nan,nan,nan,0.000000
-0.600000,-0.300000,20.000000,0,PLAN_TOP_OBSERVE,nan,nan,nan,nan,0.000000
-0.600000,-0.300000,30.000000,0,PLAN_TOP_OBSERVE,nan,nan,nan,nan,0.000000
-0.600000,-0.300000,40.000000,0,PLAN_TOP_OBSERVE,nan,nan,nan,nan,0.000000
-0.600000,-0.300000,50.000000,0,PLAN_TOP_OBSERVE,nan,nan,nan,nan,0.000000
-0.600000,-0.300000,60.000000,0,PLAN_TOP_OBSERVE,nan,nan,nan,nan,0.000000
-0.600000,-0.300000,70.000000,0,PLAN_TOP_OBSERVE,nan,nan,nan,nan,0.000000
-0.600000,-0.300000,80.000000,0,PLAN_TOP_OBSERVE,nan,nan,nan,nan,0.000000
-0.550000,-0.300000,0.000000,0,PLAN_TOP_OBSERVE,nan,nan,nan,nan,0.000000
-0.550000,-0.300000,10.000000,0,PLAN_TOP_OBSERVE,nan,nan,nan,nan,0.000000
-0.550000,-0.300000,20.000000,0,PLAN_TOP_OBSERVE,nan,nan,nan,nan,0.000000
-0.550000,-0.300000,30.000000,0,PLAN_TOP_OBSERVE,nan,nan,nan,nan,0.000000
-0.550000,-0.300000,40.000000,0,PLAN_TOP_OBSERVE,nan,nan,nan,nan,0.000000
-0.550000,-0.300000,50.000000,0,PLAN_TOP_OBSERVE,nan,nan,nan,nan,0.000000
-0.550000,-0.300000,60.000000,0,PLAN_TOP_OBSERVE,nan,nan,nan,nan,0.000000
-0.550000,-0.300000,70.000000,0,PLAN_TOP_OBSERVE,nan,nan,nan,nan,0.000000
-0.550000,-0.300000,80.000000,0,PLAN_TOP_OBSERVE,nan,nan,nan,nan,0.000000
-0.500000,-0.300000,0.000000,0,PREGRASP_DESCENT_OR_CARRY,nan,nan,nan,nan,0.000000
-0.500000,-0.300000,10.000000,0,PREGRASP_DESCENT_OR_CARRY,nan,nan,nan,nan,0.000000
-0.500000,-0.300000,20.000000,0,PREGRASP_DESCENT_OR_CARRY,nan,nan,nan,nan,0.000000
-0.500000,-0.300000,30.000000,0,PREGRASP_DESCENT_OR_CARRY,nan,nan,nan,nan,0.000000
-0.500000,-0.300000,40.000000,0,PREGRASP_DESCENT_OR_CARRY,nan,nan,nan,nan,0.000000
-0.500000,-0.300000,50.000000,0,PREGRASP_DESCENT_OR_CARRY,nan,nan,nan,nan,0.000000
-0.500000,-0.300000,60.000000,0,PREGRASP_DESCENT_OR_CARRY,nan,nan,nan,nan,0.000000
-0.500000,-0.300000,70.000000,0,PREGRASP_DESCENT_OR_CARRY,nan,nan,nan,nan,0.000000
-0.500000,-0.300000,80.000000,0,PREGRASP_DESCENT_OR_CARRY,nan,nan,nan,nan,0.000000
-0.450000,-0.300000,0.000000,0,PREGRASP_DESCENT_OR_CARRY,nan,nan,nan,nan,0.000000
-0.450000,-0.300000,10.000000,0,PREGRASP_DESCENT_OR_CARRY,nan,nan,nan,nan,0.000000
-0.450000,-0.300000,20.000000,0,PREGRASP_DESCENT_OR_CARRY,nan,nan,nan,nan,0.000000
-0.450000,-0.300000,30.000000,0,PREGRASP_DESCENT_OR_CARRY,nan,nan,nan,nan,0.000000
-0.450000,-0.300000,40.000000,0,PREGRASP_DESCENT_OR_CARRY,nan,nan,nan,nan,0.000000
-0.450000,-0.300000,50.000000,0,PREGRASP_DESCENT_OR_CARRY,nan,nan,nan,nan,0.000000
-0.450000,-0.300000,60.000000,0,PREGRASP_DESCENT_OR_CARRY,nan,nan,nan,nan,0.000000
-0.450000,-0.300000,70.000000,0,PREGRASP_DESCENT_OR_CARRY,nan,nan,nan,nan,0.000000
-0.450000,-0.300000,80.000000,0,PREGRASP_DESCENT_OR_CARRY,nan,nan,nan,nan,0.000000
-0.400000,-0.300000,0.000000,0,PREGRASP_DESCENT_OR_CARRY,nan,nan,nan,nan,0.000000
-0.400000,-0.300000,10.000000,0,PREGRASP_DESCENT_OR_CARRY,nan,nan,nan,nan,0.000000
-0.400000,-0.300000,20.000000,0,PREGRASP_DESCENT_OR_CARRY,nan,nan,nan,nan,0.000000
-0.400000,-0.300000,30.000000,0,PREGRASP_DESCENT_OR_CARRY,nan,nan,nan,nan,0.000000
-0.400000,-0.300000,40.000000,0,PREGRASP_DESCENT_OR_CARRY,nan,nan,nan,nan,0.000000
-0.400000,-0.300000,50.000000,0,PREGRASP_DESCENT_OR_CARRY,nan,nan,nan,nan,0.000000
-0.400000,-0.300000,60.000000,0,PREGRASP_DESCENT_OR_CARRY,nan,nan,nan,nan,0.000000
-0.400000,-0.300000,70.000000,0,PREGRASP_DESCENT_OR_CARRY,nan,nan,nan,nan,0.000000
-0.400000,-0.300000,80.000000,0,PREGRASP_DESCENT_OR_CARRY,nan,nan,nan,nan,0.000000
-0.350000,-0.300000,0.000000,1,NONE,0.080000,-0.024000,0.000000,-4.000000,0.041344
-0.350000,-0.300000,10.000000,1,NONE,0.080000,-0.024000,100.000000,4.000000,0.040604
-0.350000,-0.300000,20.000000,1,NONE,0.080000,-0.032000,110.000000,4.000000,0.042762
-0.350000,-0.300000,30.000000,1,NONE,0.080000,-0.032000,120.000000,4.000000,0.031677
-0.350000,-0.300000,40.000000,1,NONE,0.080000,-0.032000,130.000000,4.000000,0.044090
-0.350000,-0.300000,50.000000,1,NONE,0.080000,-0.032000,140.000000,4.000000,0.043109
-0.350000,-0.300000,60.000000,1,NONE,0.080000,-0.032000,150.000000,4.000000,0.031821
-0.350000,-0.300000,70.000000,1,NONE,0.080000,-0.032000,160.000000,4.000000,0.054363
-0.350000,-0.300000,80.000000,1,NONE,0.080000,-0.024000,80.000000,4.000000,0.041960
-0.300000,-0.300000,0.000000,1,NONE,0.080000,-0.040000,0.000000,2.000000,0.033950
-0.300000,-0.300000,10.000000,1,NONE,0.080000,-0.040000,10.000000,2.000000,0.044307
-0.300000,-0.300000,20.000000,1,NONE,0.080000,-0.040000,20.000000,2.000000,0.050278
-0.300000,-0.300000,30.000000,1,NONE,0.080000,-0.040000,30.000000,2.000000,0.049033
-0.300000,-0.300000,40.000000,1,NONE,0.080000,-0.040000,40.000000,2.000000,0.042056
-0.300000,-0.300000,50.000000,1,NONE,0.080000,-0.040000,50.000000,2.000000,0.043606
-0.300000,-0.300000,60.000000,1,NONE,0.080000,-0.040000,60.000000,2.000000,0.040120
-0.300000,-0.300000,70.000000,1,NONE,0.080000,-0.040000,70.000000,2.000000,0.030042
-0.300000,-0.300000,80.000000,1,NONE,0.080000,-0.040000,80.000000,2.000000,0.028756
-0.250000,-0.300000,0.000000,1,NONE,0.080000,-0.040000,0.000000,2.000000,0.031631
-0.250000,-0.300000,10.000000,1,NONE,0.080000,-0.040000,10.000000,2.000000,0.039974
-0.250000,-0.300000,20.000000,1,NONE,0.080000,-0.040000,20.000000,2.000000,0.029560
-0.250000,-0.300000,30.000000,1,NONE,0.080000,-0.040000,30.000000,2.000000,0.051369
-0.250000,-0.300000,40.000000,1,NONE,0.080000,-0.040000,40.000000,2.000000,0.031676
-0.250000,-0.300000,50.000000,1,NONE,0.080000,-0.040000,50.000000,2.000000,0.032068
-0.250000,-0.300000,60.000000,1,NONE,0.080000,-0.040000,60.000000,2.000000,0.029626
-0.250000,-0.300000,70.000000,1,NONE,0.080000,-0.040000,70.000000,2.000000,0.029301
-0.250000,-0.300000,80.000000,1,NONE,0.080000,-0.040000,80.000000,2.000000,0.008442
-0.200000,-0.300000,0.000000,1,NONE,0.080000,-0.040000,0.000000,2.000000,0.041400
-0.200000,-0.300000,10.000000,1,NONE,0.080000,-0.040000,10.000000,2.000000,0.032026
-0.200000,-0.300000,20.000000,1,NONE,0.080000,-0.040000,20.000000,2.000000,0.033823
-0.200000,-0.300000,30.000000,1,NONE,0.080000,-0.040000,30.000000,2.000000,0.039865
-0.200000,-0.300000,40.000000,1,NONE,0.080000,-0.040000,40.000000,2.000000,0.031668
-0.200000,-0.300000,50.000000,1,NONE,0.080000,-0.040000,50.000000,2.000000,0.031319
-0.200000,-0.300000,60.000000,1,NONE,0.080000,-0.040000,60.000000,2.000000,0.048878
-0.200000,-0.300000,70.000000,1,NONE,0.080000,-0.040000,70.000000,2.000000,0.041978
-0.200000,-0.300000,80.000000,1,NONE,0.080000,-0.040000,80.000000,2.000000,0.027848
-0.150000,-0.300000,0.000000,1,NONE,0.080000,-0.040000,0.000000,2.000000,0.033782
-0.150000,-0.300000,10.000000,1,NONE,0.080000,-0.040000,10.000000,-2.000000,0.041018
-0.150000,-0.300000,20.000000,1,NONE,0.080000,-0.040000,20.000000,-4.000000,0.030123
-0.150000,-0.300000,30.000000,1,NONE,0.080000,-0.040000,30.000000,2.000000,0.032834
-0.150000,-0.300000,40.000000,1,NONE,0.080000,-0.040000,40.000000,2.000000,0.022222
-0.150000,-0.300000,50.000000,1,NONE,0.080000,-0.040000,50.000000,2.000000,0.018800
-0.150000,-0.300000,60.000000,1,NONE,0.080000,-0.040000,60.000000,-2.000000,0.031041
-0.150000,-0.300000,70.000000,1,NONE,0.080000,-0.040000,70.000000,2.000000,0.017892
-0.150000,-0.300000,80.000000,1,NONE,0.080000,-0.040000,80.000000,-2.000000,0.042940
-0.100000,-0.300000,0.000000,1,NONE,0.080000,-0.040000,0.000000,-2.000000,0.046731
-0.100000,-0.300000,10.000000,1,NONE,0.080000,-0.040000,100.000000,-2.000000,0.020827
-0.100000,-0.300000,20.000000,1,NONE,0.080000,-0.040000,20.000000,2.000000,0.021651
-0.100000,-0.300000,30.000000,1,NONE,0.080000,-0.040000,30.000000,4.000000,0.019168
-0.100000,-0.300000,40.000000,1,NONE,0.080000,-0.040000,40.000000,-2.000000,0.029556
-0.100000,-0.300000,50.000000,1,NONE,0.080000,-0.040000,50.000000,2.000000,0.029499
-0.100000,-0.300000,60.000000,1,NONE,0.080000,-0.040000,60.000000,2.000000,0.031723
-0.100000,-0.300000,70.000000,1,NONE,0.080000,-0.040000,70.000000,2.000000,0.031253
-0.100000,-0.300000,80.000000,1,NONE,0.080000,-0.040000,80.000000,2.000000,0.030946
-0.050000,-0.300000,0.000000,1,NONE,0.080000,-0.040000,0.000000,2.000000,0.031647
-0.050000,-0.300000,10.000000,1,NONE,0.080000,-0.040000,10.000000,2.000000,0.022064
-0.050000,-0.300000,20.000000,1,NONE,0.080000,-0.040000,20.000000,2.000000,0.021564
-0.050000,-0.300000,30.000000,1,NONE,0.080000,-0.040000,30.000000,2.000000,0.052373
-0.050000,-0.300000,40.000000,1,NONE,0.080000,-0.040000,40.000000,-2.000000,0.030555
-0.050000,-0.300000,50.000000,1,NONE,0.080000,-0.040000,50.000000,-2.000000,0.031912
-0.050000,-0.300000,60.000000,1,NONE,0.080000,-0.040000,60.000000,2.000000,0.040593
-0.050000,-0.300000,70.000000,1,NONE,0.080000,-0.040000,70.000000,2.000000,0.018418
-0.050000,-0.300000,80.000000,1,NONE,0.080000,-0.040000,80.000000,2.000000,0.030324
0.000000,-0.300000,0.000000,1,NONE,0.080000,-0.040000,0.000000,2.000000,0.012898
0.000000,-0.300000,10.000000,1,NONE,0.080000,-0.040000,10.000000,2.000000,0.023114
0.000000,-0.300000,20.000000,1,NONE,0.080000,-0.040000,20.000000,2.000000,0.033150
0.000000,-0.300000,30.000000,1,NONE,0.080000,-0.040000,30.000000,4.000000,0.042552
0.000000,-0.300000,40.000000,1,NONE,0.080000,-0.040000,40.000000,2.000000,0.039437
0.000000,-0.300000,50.000000,1,NONE,0.080000,-0.040000,50.000000,2.000000,0.030591
0.000000,-0.300000,60.000000,1,NONE,0.080000,-0.040000,60.000000,2.000000,0.043818
0.000000,-0.300000,70.000000,1,NONE,0.080000,-0.040000,70.000000,-2.000000,0.019734
0.000000,-0.300000,80.000000,1,NONE,0.080000,-0.040000,80.000000,2.000000,0.040228
0.050000,-0.300000,0.000000,1,NONE,0.080000,-0.040000,0.000000,2.000000,0.031085
0.050000,-0.300000,10.000000,1,NONE,0.080000,-0.040000,10.000000,2.000000,0.039619
0.050000,-0.300000,20.000000,1,NONE,0.080000,-0.040000,20.000000,2.000000,0.051122
0.050000,-0.300000,30.000000,1,NONE,0.080000,-0.040000,120.000000,2.000000,0.027507
0.050000,-0.300000,40.000000,1,NONE,0.080000,-0.040000,130.000000,-2.000000,0.007258
0.050000,-0.300000,50.000000,1,NONE,0.080000,-0.040000,50.000000,2.000000,0.038267
0.050000,-0.300000,60.000000,1,NONE,0.080000,-0.040000,60.000000,-2.000000,0.021756
0.050000,-0.300000,70.000000,1,NONE,0.080000,-0.040000,70.000000,2.000000,0.040404
0.050000,-0.300000,80.000000,1,NONE,0.080000,-0.040000,80.000000,2.000000,0.039595
0.100000,-0.300000,0.000000,1,NONE,0.080000,-0.040000,0.000000,-2.000000,0.031814
0.100000,-0.300000,10.000000,1,NONE,0.080000,-0.040000,10.000000,2.000000,0.033072
0.100000,-0.300000,20.000000,1,NONE,0.080000,-0.040000,20.000000,-2.000000,0.030282
0.100000,-0.300000,30.000000,1,NONE,0.080000,-0.040000,30.000000,2.000000,0.042027
0.100000,-0.300000,40.000000,1,NONE,0.080000,-0.040000,40.000000,2.000000,0.030233
0.100000,-0.300000,50.000000,1,NONE,0.080000,-0.040000,50.000000,2.000000,0.011337
0.100000,-0.300000,60.000000,1,NONE,0.080000,-0.040000,60.000000,-4.000000,0.029528
0.100000,-0.300000,70.000000,1,NONE,0.080000,-0.040000,70.000000,2.000000,0.038993
0.100000,-0.300000,80.000000,1,NONE,0.080000,-0.040000,80.000000,2.000000,0.029402
0.150000,-0.300000,0.000000,1,NONE,0.080000,-0.040000,0.000000,-2.000000,0.034790
0.150000,-0.300000,10.000000,1,NONE,0.080000,-0.040000,10.000000,-2.000000,0.031932
0.150000,-0.300000,20.000000,1,NONE,0.080000,-0.040000,20.000000,-2.000000,0.019291
0.150000,-0.300000,30.000000,1,NONE,0.080000,-0.040000,30.000000,-2.000000,0.018591
0.150000,-0.300000,40.000000,1,NONE,0.080000,-0.040000,40.000000,2.000000,0.020338
0.150000,-0.300000,50.000000,1,NONE,0.080000,-0.040000,50.000000,-4.000000,0.030419
0.150000,-0.300000,60.000000,1,NONE,0.080000,-0.040000,60.000000,-2.000000,0.032999
0.150000,-0.300000,70.000000,1,NONE,0.080000,-0.040000,70.000000,2.000000,0.043483
0.150000,-0.300000,80.000000,1,NONE,0.080000,-0.040000,80.000000,2.000000,0.042863
0.200000,-0.300000,0.000000,1,NONE,0.080000,-0.040000,0.000000,-4.000000,0.034262
0.200000,-0.300000,10.000000,1,NONE,0.080000,-0.040000,10.000000,4.000000,0.028439
0.200000,-0.300000,20.000000,1,NONE,0.080000,-0.040000,20.000000,-4.000000,0.030750
0.200000,-0.300000,30.000000,1,NONE,0.080000,-0.040000,30.000000,-2.000000,0.009788
0.200000,-0.300000,40.000000,1,NONE,0.080000,-0.040000,40.000000,2.000000,0.032062
0.200000,-0.300000,50.000000,1,NONE,0.080000,-0.040000,50.000000,2.000000,0.034638
0.200000,-0.300000,60.000000,1,NONE,0.080000,-0.040000,60.000000,2.000000,0.038117
0.200000,-0.300000,70.000000,1,NONE,0.080000,-0.040000,70.000000,-2.000000,0.041041
0.200000,-0.300000,80.000000,1,NONE,0.080000,-0.040000,80.000000,2.000000,0.040529
0.250000,-0.300000,0.000000,1,NONE,0.080000,-0.040000,0.000000,2.000000,0.030644
0.250000,-0.300000,10.000000,1,NONE,0.080000,-0.040000,10.000000,2.000000,0.032017
0.250000,-0.300000,20.000000,1,NONE,0.080000,-0.040000,20.000000,2.000000,0.030091
0.250000,-0.300000,30.000000,1,NONE,0.080000,-0.040000,30.000000,2.000000,0.032333
0.250000,-0.300000,40.000000,1,NONE,0.080000,-0.040000,40.000000,2.000000,0.040209
0.250000,-0.300000,50.000000,1,NONE,0.080000,-0.040000,50.000000,2.000000,0.051232
0.250000,-0.300000,60.000000,1,NONE,0.080000,-0.040000,60.000000,2.000000,0.053476
0.250000,-0.300000,70.000000,1,NONE,0.080000,-0.040000,70.000000,2.000000,0.030675
0.250000,-0.300000,80.000000,1,NONE,0.080000,-0.040000,80.000000,2.000000,0.051823
0.300000,-0.300000,0.000000,1,NONE,0.080000,-0.040000,0.000000,2.000000,0.040826
0.300000,-0.300000,10.000000,1,NONE,0.080000,-0.040000,10.000000,2.000000,0.031849
0.300000,-0.300000,20.000000,1,NONE,0.080000,-0.040000,20.000000,2.000000,0.035426
0.300000,-0.300000,30.000000,1,NONE,0.080000,-0.040000,30.000000,2.000000,0.040052
0.300000,-0.300000,40.000000,1,NONE,0.080000,-0.040000,40.000000,2.000000,0.010819
0.300000,-0.300000,50.000000,1,NONE,0.080000,-0.040000,50.000000,2.000000,0.030935
0.300000,-0.300000,60.000000,1,NONE,0.080000,-0.040000,60.000000,2.000000,0.044157
0.300000,-0.300000,70.000000,1,NONE,0.080000,-0.040000,70.000000,2.000000,0.037410
0.300000,-0.300000,80.000000,1,NONE,0.080000,-0.040000,80.000000,2.000000,0.030266
0.350000,-0.300000,0.000000,1,NONE,0.080000,-0.024000,90.000000,-4.000000,0.009958
0.350000,-0.300000,10.000000,1,NONE,0.080000,-0.024000,10.000000,-4.000000,0.031062
0.350000,-0.300000,20.000000,1,NONE,0.080000,-0.032000,20.000000,-4.000000,0.032062
0.350000,-0.300000,30.000000,1,NONE,0.080000,-0.032000,30.000000,-4.000000,0.031476
0.350000,-0.300000,40.000000,1,NONE,0.080000,-0.032000,40.000000,-4.000000,0.012119
0.350000,-0.300000,50.000000,1,NONE,0.080000,-0.032000,50.000000,-4.000000,0.030423
0.350000,-0.300000,60.000000,1,NONE,0.080000,-0.032000,60.000000,-4.000000,0.043358
0.350000,-0.300000,70.000000,1,NONE,0.080000,-0.032000,70.000000,-4.000000,0.033124
0.350000,-0.300000,80.000000,1,NONE,0.080000,-0.024000,80.000000,-4.000000,0.042882
0.400000,-0.300000,0.000000,0,PREGRASP_DESCENT_OR_CARRY,nan,nan,nan,nan,0.000000
0.400000,-0.300000,10.000000,0,PREGRASP_DESCENT_OR_CARRY,nan,nan,nan,nan,0.000000
0.400000,-0.300000,20.000000,0,PREGRASP_DESCENT_OR_CARRY,nan,nan,nan,nan,0.000000
0.400000,-0.300000,30.000000,0,PREGRASP_DESCENT_OR_CARRY,nan,nan,nan,nan,0.000000
0.400000,-0.300000,40.000000,0,PREGRASP_DESCENT_OR_CARRY,nan,nan,nan,nan,0.000000
0.400000,-0.300000,50.000000,0,PREGRASP_DESCENT_OR_CARRY,nan,nan,nan,nan,0.000000
0.400000,-0.300000,60.000000,0,PREGRASP_DESCENT_OR_CARRY,nan,nan,nan,nan,0.000000
0.400000,-0.300000,70.000000,0,PREGRASP_DESCENT_OR_CARRY,nan,nan,nan,nan,0.000000
0.400000,-0.300000,80.000000,0,PREGRASP_DESCENT_OR_CARRY,nan,nan,nan,nan,0.000000
0.450000,-0.300000,0.000000,0,PREGRASP_DESCENT_OR_CARRY,nan,nan,nan,nan,0.000000
0.450000,-0.300000,10.000000,0,PREGRASP_DESCENT_OR_CARRY,nan,nan,nan,nan,0.000000
0.450000,-0.300000,20.000000,0,PREGRASP_DESCENT_OR_CARRY,nan,nan,nan,nan,0.000000
0.450000,-0.300000,30.000000,0,PREGRASP_DESCENT_OR_CARRY,nan,nan,nan,nan,0.000000
0.450000,-0.300000,40.000000,0,PREGRASP_DESCENT_OR_CARRY,nan,nan,nan,nan,0.000000
0.450000,-0.300000,50.000000,0,PREGRASP_DESCENT_OR_CARRY,nan,nan,nan,nan,0.000000
0.450000,-0.300000,60.000000,0,PREGRASP_DESCENT_OR_CARRY,nan,nan,nan,nan,0.000000
0.450000,-0.300000,70.000000,0,PREGRASP_DESCENT_OR_CARRY,nan,nan,nan,nan,0.000000
0.450000,-0.300000,80.000000,0,PREGRASP_DESCENT_OR_CARRY,nan,nan,nan,nan,0.000000
0.500000,-0.300000,0.000000,0,PREGRASP_DESCENT_OR_CARRY,nan,nan,nan,nan,0.000000
0.500000,-0.300000,10.000000,0,PREGRASP_DESCENT_OR_CARRY,nan,nan,nan,nan,0.000000
0.500000,-0.300000,20.000000,0,PREGRASP_DESCENT_OR_CARRY,nan,nan,nan,nan,0.000000
0.500000,-0.300000,30.000000,0,PREGRASP_DESCENT_OR_CARRY,nan,nan,nan,nan,0.000000
0.500000,-0.300000,40.000000,0,PREGRASP_DESCENT_OR_CARRY,nan,nan,nan,nan,0.000000
0.500000,-0.300000,50.000000,0,PREGRASP_DESCENT_OR_CARRY,nan,nan,nan,nan,0.000000
0.500000,-0.300000,60.000000,0,PREGRASP_DESCENT_OR_CARRY,nan,nan,nan,nan,0.000000
0.500000,-0.300000,70.000000,0,PREGRASP_DESCENT_OR_CARRY,nan,nan,nan,nan,0.000000
0.500000,-0.300000,80.000000,0,PREGRASP_DESCENT_OR_CARRY,nan,nan,nan,nan,0.000000
0.550000,-0.300000,0.000000,0,PLAN_TOP_OBSERVE,nan,nan,nan,nan,0.000000
0.550000,-0.300000,10.000000,0,PLAN_TOP_OBSERVE,nan,nan,nan,nan,0.000000
0.550000,-0.300000,20.000000,0,PLAN_TOP_OBSERVE,nan,nan,nan,nan,0.000000
0.550000,-0.300000,30.000000,0,PLAN_TOP_OBSERVE,nan,nan,nan,nan,0.000000
0.550000,-0.300000,40.000000,0,PLAN_TOP_OBSERVE,nan,nan,nan,nan,0.000000
0.550000,-0.300000,50.000000,0,PLAN_TOP_OBSERVE,nan,nan,nan,nan,0.000000
0.550000,-0.300000,60.000000,0,PLAN_TOP_OBSERVE,nan,nan,nan,nan,0.000000
0.550000,-0.300000,70.000000,0,PLAN_TOP_OBSERVE,nan,nan,nan,nan,0.000000
0.550000,-0.300000,80.000000,0,PLAN_TOP_OBSERVE,nan,nan,nan,nan,0.000000
0.600000,-0.300000,0.000000,0,PLAN_TOP_OBSERVE,nan,nan,nan,nan,0.000000
0.600000,-0.300000,10.000000,0,PLAN_TOP_OBSERVE,nan,nan,nan,nan,0.000000
0.600000,-0.300000,20.000000,0,PLAN_TOP_OBSERVE,nan,nan,nan,nan,0.000000
0.600000,-0.300000,30.000000,0,PLAN_TOP_OBSERVE,nan,nan,nan,nan,0.000000
0.600000,-0.300000,40.000000,0,PLAN_TOP_OBSERVE,nan,nan,nan,nan,0.000000
0.600000,-0.300000,50.000000,0,PLAN_TOP_OBSERVE,nan,nan,nan,nan,0.000000
0.600000,-0.300000,60.000000,0,PLAN_TOP_OBSERVE,nan,nan,nan,nan,0.000000
0.600000,-0.300000,70.000000,0,PLAN_TOP_OBSERVE,nan,nan,nan,nan,0.000000
0.600000,-0.300000,80.000000,0,PLAN_TOP_OBSERVE,nan,nan,nan,nan,0.000000
0.650000,-0.300000,0.000000,0,PLAN_TOP_OBSERVE,nan,nan,nan,nan,0.000000
0.650000,-0.300000,10.000000,0,PLAN_TOP_OBSERVE,nan,nan,nan,nan,0.000000
0.650000,-0.300000,20.000000,0,PLAN_TOP_OBSERVE,nan,nan,nan,nan,0.000000
0.650000,-0.300000,30.000000,0,PLAN_TOP_OBSERVE,nan,nan,nan,nan,0.000000
0.650000,-0.300000,40.000000,0,PLAN_TOP_OBSERVE,nan,nan,nan,nan,0.000000
0.650000,-0.300000,50.000000,0,PLAN_TOP_OBSERVE,nan,nan,nan,nan,0.000000
0.650000,-0.300000,60.000000,0,PLAN_TOP_OBSERVE,nan,nan,nan,nan,0.000000
0.650000,-0.300000,70.000000,0,PLAN_TOP_OBSERVE,nan,nan,nan,nan,0.000000
0.650000,-0.300000,80.000000,0,PLAN_TOP_OBSERVE,nan,nan,nan,nan,0.000000
0.700000,-0.300000,0.000000,0,PLAN_TOP_OBSERVE,nan,nan,nan,nan,0.000000
0.700000,-0.300000,10.000000,0,PLAN_TOP_OBSERVE,nan,nan,nan,nan,0.000000
0.700000,-0.300000,20.000000,0,PLAN_TOP_OBSERVE,nan,nan,nan,nan,0.000000
0.700000,-0.300000,30.000000,0,PLAN_TOP_OBSERVE,nan,nan,nan,nan,0.000000
0.700000,-0.300000,40.000000,0,PLAN_TOP_OBSERVE,nan,nan,nan,nan,0.000000
0.700000,-0.300000,50.000000,0,PLAN_TOP_OBSERVE,nan,nan,nan,nan,0.000000
0.700000,-0.300000,60.000000,0,PLAN_TOP_OBSERVE,nan,nan,nan,nan,0.000000
0.700000,-0.300000,70.000000,0,PLAN_TOP_OBSERVE,nan,nan,nan,nan,0.000000
0.700000,-0.300000,80.000000,0,PLAN_TOP_OBSERVE,nan,nan,nan,nan,0.000000
-0.700000,-0.250000,0.000000,0,PLAN_TOP_OBSERVE,nan,nan,nan,nan,0.000000
-0.700000,-0.250000,10.000000,0,PLAN_TOP_OBSERVE,nan,nan,nan,nan,0.000000
-0.700000,-0.250000,20.000000,0,PLAN_TOP_OBSERVE,nan,nan,nan,nan,0.000000
-0.700000,-0.250000,30.000000,0,PLAN_TOP_OBSERVE,nan,nan,nan,nan,0.000000
-0.700000,-0.250000,40.000000,0,PLAN_TOP_OBSERVE,nan,nan,nan,nan,0.000000
-0.700000,-0.250000,50.000000,0,PLAN_TOP_OBSERVE,nan,nan,nan,nan,0.000000
-0.700000,-0.250000,60.000000,0,PLAN_TOP_OBSERVE,nan,nan,nan,nan,0.000000
-0.700000,-0.250000,70.000000,0,PLAN_TOP_OBSERVE,nan,nan,nan,nan,0.000000
-0.700000,-0.250000,80.000000,0,PLAN_TOP_OBSERVE,nan,nan,nan,nan,0.000000
-0.650000,-0.250000,0.000000,0,PLAN_TOP_OBSERVE,nan,nan,nan,nan,0.000000
-0.650000,-0.250000,10.000000,0,PLAN_TOP_OBSERVE,nan,nan,nan,nan,0.000000
-0.650000,-0.250000,20.000000,0,PLAN_TOP_OBSERVE,nan,nan,nan,nan,0.000000
-0.650000,-0.250000,30.000000,0,PLAN_TOP_OBSERVE,nan,nan,nan,nan,0.000000
-0.650000,-0.250000,40.000000,0,PLAN_TOP_OBSERVE,nan,nan,nan,nan,0.000000
-0.650000,-0.250000,50.000000,0,PLAN_TOP_OBSERVE,nan,nan,nan,nan,0.000000
-0.650000,-0.250000,60.000000,0,PLAN_TOP_OBSERVE,nan,nan,nan,nan,0.000000
-0.650000,-0.250000,70.000000,0,PLAN_TOP_OBSERVE,nan,nan,nan,nan,0.000000
-0.650000,-0.250000,80.000000,0,PLAN_TOP_OBSERVE,nan,nan,nan,nan,0.000000
-0.600000,-0.250000,0.000000,0,PLAN_TOP_OBSERVE,nan,nan,nan,nan,0.000000
-0.600000,-0.250000,10.000000,0,PLAN_TOP_OBSERVE,nan,nan,nan,nan,0.000000
-0.600000,-0.250000,20.000000,0,PLAN_TOP_OBSERVE,nan,nan,nan,nan,0.000000
-0.600000,-0.250000,30.000000,0,PLAN_TOP_OBSERVE,nan,nan,nan,nan,0.000000
-0.600000,-0.250000,40.000000,0,PLAN_TOP_OBSERVE,nan,nan,nan,nan,0.000000
-0.600000,-0.250000,50.000000,0,PLAN_TOP_OBSERVE,nan,nan,nan,nan,0.000000
-0.600000,-0.250000,60.000000,0,PLAN_TOP_OBSERVE,nan,nan,nan,nan,0.000000
-0.600000,-0.250000,70.000000,0,PLAN_TOP_OBSERVE,nan,nan,nan,nan,0.000000
-0.600000,-0.250000,80.000000,0,PLAN_TOP_OBSERVE,nan,nan,nan,nan,0.000000
-0.550000,-0.250000,0.000000,0,PLAN_TOP_OBSERVE,nan,nan,nan,nan,0.000000
-0.550000,-0.250000,10.000000,0,PLAN_TOP_OBSERVE,nan,nan,nan,nan,0.000000
-0.550000,-0.250000,20.000000,0,PLAN_TOP_OBSERVE,nan,nan,nan,nan,0.000000
-0.550000,-0.250000,30.000000,0,PLAN_TOP_OBSERVE,nan,nan,nan,nan,0.000000
-0.550000,-0.250000,40.000000,0,PLAN_TOP_OBSERVE,nan,nan,nan,nan,0.000000
-0.550000,-0.250000,50.000000,0,PLAN_TOP_OBSERVE,nan,nan,nan,nan,0.000000
-0.550000,-0.250000,60.000000,0,PLAN_TOP_OBSERVE,nan,nan,nan,nan,0.000000
-0.550000,-0.250000,70.000000,0,PLAN_TOP_OBSERVE,nan,nan,nan,nan,0.000000
-0.550000,-0.250000,80.000000,0,PLAN_TOP_OBSERVE,nan,nan,nan,nan,0.000000
-0.500000,-0.250000,0.000000,0,PREGRASP_DESCENT_OR_CARRY,nan,nan,nan,nan,0.000000
-0.500000,-0.250000,10.000000,0,PREGRASP_DESCENT_OR_CARRY,nan,nan,nan,nan,0.000000
-0.500000,-0.250000,20.000000,0,PREGRASP_DESCENT_OR_CARRY,nan,nan,nan,nan,0.000000
-0.500000,-0.250000,30.000000,0,PREGRASP_DESCENT_OR_CARRY,nan,nan,nan,nan,0.000000
-0.500000,-0.250000,40.000000,0,PREGRASP_DESCENT_OR_CARRY,nan,nan,nan,nan,0.000000
-0.500000,-0.250000,50.000000,0,PREGRASP_DESCENT_OR_CARRY,nan,nan,nan,nan,0.000000
-0.500000,-0.250000,60.000000,0,PREGRASP_DESCENT_OR_CARRY,nan,nan,nan,nan,0.000000
-0.500000,-0.250000,70.000000,0,PREGRASP_DESCENT_OR_CARRY,nan,nan,nan,nan,0.000000
-0.500000,-0.250000,80.000000,0,PREGRASP_DESCENT_OR_CARRY,nan,nan,nan,nan,0.000000
-0.450000,-0.250000,0.000000,0,PREGRASP_DESCENT_OR_CARRY,nan,nan,nan,nan,0.000000
-0.450000,-0.250000,10.000000,0,PREGRASP_DESCENT_OR_CARRY,nan,nan,nan,nan,0.000000
-0.450000,-0.250000,20.000000,0,PREGRASP_DESCENT_OR_CARRY,nan,nan,nan,nan,0.000000
-0.450000,-0.250000,30.000000,0,PREGRASP_DESCENT_OR_CARRY,nan,nan,nan,nan,0.000000
-0.450000,-0.250000,40.000000,0,PREGRASP_DESCENT_OR_CARRY,nan,nan,nan,nan,0.000000
-0.450000,-0.250000,50.000000,0,PREGRASP_DESCENT_OR_CARRY,nan,nan,nan,nan,0.000000
-0.450000,-0.250000,60.000000,0,PREGRASP_DESCENT_OR_CARRY,nan,nan,nan,nan,0.000000
-0.450000,-0.250000,70.000000,0,PREGRASP_DESCENT_OR_CARRY,nan,nan,nan,nan,0.000000
-0.450000,-0.250000,80.000000,0,PREGRASP_DESCENT_OR_CARRY,nan,nan,nan,nan,0.000000
-0.400000,-0.250000,0.000000,0,PREGRASP_DESCENT_OR_CARRY,nan,nan,nan,nan,0.000000
-0.400000,-0.250000,10.000000,0,PREGRASP_DESCENT_OR_CARRY,nan,nan,nan,nan,0.000000
-0.400000,-0.250000,20.000000,0,PREGRASP_DESCENT_OR_CARRY,nan,nan,nan,nan,0.000000
-0.400000,-0.250000,30.000000,0,PREGRASP_DESCENT_OR_CARRY,nan,nan,nan,nan,0.000000
-0.400000,-0.250000,40.000000,0,PREGRASP_DESCENT_OR_CARRY,nan,nan,nan,nan,0.000000
-0.400000,-0.250000,50.000000,0,PREGRASP_DESCENT_OR_CARRY,nan,nan,nan,nan,0.000000
-0.400000,-0.250000,60.000000,0,PREGRASP_DESCENT_OR_CARRY,nan,nan,nan,nan,0.000000
-0.400000,-0.250000,70.000000,0,PREGRASP_DESCENT_OR_CARRY,nan,nan,nan,nan,0.000000
-0.400000,-0.250000,80.000000,0,PREGRASP_DESCENT_OR_CARRY,nan,nan,nan,nan,0.000000
-0.350000,-0.250000,0.000000,0,PREGRASP_DESCENT_OR_CARRY,nan,nan,nan,nan,0.000000
-0.350000,-0.250000,10.000000,0,PREGRASP_DESCENT_OR_CARRY,nan,nan,nan,nan,0.000000
-0.350000,-0.250000,20.000000,0,PREGRASP_DESCENT_OR_CARRY,nan,nan,nan,nan,0.000000
-0.350000,-0.250000,30.000000,0,PREGRASP_DESCENT_OR_CARRY,nan,nan,nan,nan,0.000000
-0.350000,-0.250000,40.000000,0,PREGRASP_DESCENT_OR_CARRY,nan,nan,nan,nan,0.000000
-0.350000,-0.250000,50.000000,0,PREGRASP_DESCENT_OR_CARRY,nan,nan,nan,nan,0.000000
-0.350000,-0.250000,60.000000,0,PREGRASP_DESCENT_OR_CARRY,nan,nan,nan,nan,0.000000
-0.350000,-0.250000,70.000000,0,PREGRASP_DESCENT_OR_CARRY,nan,nan,nan,nan,0.000000
-0.350000,-0.250000,80.000000,0,PREGRASP_DESCENT_OR_CARRY,nan,nan,nan,nan,0.000000
-0.300000,-0.250000,0.000000,0,PREGRASP_DESCENT_OR_CARRY,nan,nan,nan,nan,0.000000
-0.300000,-0.250000,10.000000,0,PREGRASP_DESCENT_OR_CARRY,nan,nan,nan,nan,0.000000
-0.300000,-0.250000,20.000000,0,PREGRASP_DESCENT_OR_CARRY,nan,nan,nan,nan,0.000000
-0.300000,-0.250000,30.000000,0,PREGRASP_DESCENT_OR_CARRY,nan,nan,nan,nan,0.000000
-0.300000,-0.250000,40.000000,0,PREGRASP_DESCENT_OR_CARRY,nan,nan,nan,nan,0.000000
-0.300000,-0.250000,50.000000,0,PREGRASP_DESCENT_OR_CARRY,nan,nan,nan,nan,0.000000
-0.300000,-0.250000,60.000000,0,PREGRASP_DESCENT_OR_CARRY,nan,nan,nan,nan,0.000000
-0.300000,-0.250000,70.000000,0,PREGRASP_DESCENT_OR_CARRY,nan,nan,nan,nan,0.000000
-0.300000,-0.250000,80.000000,0,PREGRASP_DESCENT_OR_CARRY,nan,nan,nan,nan,0.000000
-0.250000,-0.250000,0.000000,0,PREGRASP_DESCENT_OR_CARRY,nan,nan,nan,nan,0.000000
-0.250000,-0.250000,10.000000,0,PREGRASP_DESCENT_OR_CARRY,nan,nan,nan,nan,0.000000
-0.250000,-0.250000,20.000000,0,PREGRASP_DESCENT_OR_CARRY,nan,nan,nan,nan,0.000000
-0.250000,-0.250000,30.000000,0,PREGRASP_DESCENT_OR_CARRY,nan,nan,nan,nan,0.000000
-0.250000,-0.250000,40.000000,0,PREGRASP_DESCENT_OR_CARRY,nan,nan,nan,nan,0.000000
-0.250000,-0.250000,50.000000,0,PREGRASP_DESCENT_OR_CARRY,nan,nan,nan,nan,0.000000
-0.250000,-0.250000,60.000000,0,PREGRASP_DESCENT_OR_CARRY,nan,nan,nan,nan,0.000000
-0.250000,-0.250000,70.000000,0,PREGRASP_DESCENT_OR_CARRY,nan,nan,nan,nan,0.000000
-0.250000,-0.250000,80.000000,0,PREGRASP_DESCENT_OR_CARRY,nan,nan,nan,nan,0.000000
-0.200000,-0.250000,0.000000,0,PREGRASP_DESCENT_OR_CARRY,nan,nan,nan,nan,0.000000
-0.200000,-0.250000,10.000000,0,PREGRASP_DESCENT_OR_CARRY,nan,nan,nan,nan,0.000000
-0.200000,-0.250000,20.000000,0,PREGRASP_DESCENT_OR_CARRY,nan,nan,nan,nan,0.000000
-0.200000,-0.250000,30.000000,0,PREGRASP_DESCENT_OR_CARRY,nan,nan,nan,nan,0.000000
-0.200000,-0.250000,40.000000,0,PREGRASP_DESCENT_OR_CARRY,nan,nan,nan,nan,0.000000
-0.200000,-0.250000,50.000000,0,PREGRASP_DESCENT_OR_CARRY,nan,nan,nan,nan,0.000000
-0.200000,-0.250000,60.000000,0,PREGRASP_DESCENT_OR_CARRY,nan,nan,nan,nan,0.000000
-0.200000,-0.250000,70.000000,0,PREGRASP_DESCENT_OR_CARRY,nan,nan,nan,nan,0.000000
-0.200000,-0.250000,80.000000,0,PREGRASP_DESCENT_OR_CARRY,nan,nan,nan,nan,0.000000
-0.150000,-0.250000,0.000000,0,PREGRASP_DESCENT_OR_CARRY,nan,nan,nan,nan,0.000000
-0.150000,-0.250000,10.000000,0,PREGRASP_DESCENT_OR_CARRY,nan,nan,nan,nan,0.000000
-0.150000,-0.250000,20.000000,0,PREGRASP_DESCENT_OR_CARRY,nan,nan,nan,nan,0.000000
-0.150000,-0.250000,30.000000,0,PREGRASP_DESCENT_OR_CARRY,nan,nan,nan,nan,0.000000
-0.150000,-0.250000,40.000000,0,PREGRASP_DESCENT_OR_CARRY,nan,nan,nan,nan,0.000000
-0.150000,-0.250000,50.000000,0,PREGRASP_DESCENT_OR_CARRY,nan,nan,nan,nan,0.000000
-0.150000,-0.250000,60.000000,0,PREGRASP_DESCENT_OR_CARRY,nan,nan,nan,nan,0.000000
-0.150000,-0.250000,70.000000,0,PREGRASP_DESCENT_OR_CARRY,nan,nan,nan,nan,0.000000
-0.150000,-0.250000,80.000000,0,PREGRASP_DESCENT_OR_CARRY,nan,nan,nan,nan,0.000000
-0.100000,-0.250000,0.000000,0,PREGRASP_DESCENT_OR_CARRY,nan,nan,nan,nan,0.000000
-0.100000,-0.250000,10.000000,0,PREGRASP_DESCENT_OR_CARRY,nan,nan,nan,nan,0.000000
-0.100000,-0.250000,20.000000,0,PREGRASP_DESCENT_OR_CARRY,nan,nan,nan,nan,0.000000
-0.100000,-0.250000,30.000000,0,PREGRASP_DESCENT_OR_CARRY,nan,nan,nan,nan,0.000000
-0.100000,-0.250000,40.000000,0,PREGRASP_DESCENT_OR_CARRY,nan,nan,nan,nan,0.000000
-0.100000,-0.250000,50.000000,0,PREGRASP_DESCENT_OR_CARRY,nan,nan,nan,nan,0.000000
-0.100000,-0.250000,60.000000,0,PREGRASP_DESCENT_OR_CARRY,nan,nan,nan,nan,0.000000
-0.100000,-0.250000,70.000000,0,PREGRASP_DESCENT_OR_CARRY,nan,nan,nan,nan,0.000000
-0.100000,-0.250000,80.000000,0,PREGRASP_DESCENT_OR_CARRY,nan,nan,nan,nan,0.000000
-0.050000,-0.250000,0.000000,0,PREGRASP_DESCENT_OR_CARRY,nan,nan,nan,nan,0.000000
-0.050000,-0.250000,10.000000,0,PREGRASP_DESCENT_OR_CARRY,nan,nan,nan,nan,0.000000
-0.050000,-0.250000,20.000000,0,PREGRASP_DESCENT_OR_CARRY,nan,nan,nan,nan,0.000000
-0.050000,-0.250000,30.000000,0,PREGRASP_DESCENT_OR_CARRY,nan,nan,nan,nan,0.000000
-0.050000,-0.250000,40.000000,0,PREGRASP_DESCENT_OR_CARRY,nan,nan,nan,nan,0.000000
-0.050000,-0.250000,50.000000,0,PREGRASP_DESCENT_OR_CARRY,nan,nan,nan,nan,0.000000
-0.050000,-0.250000,60.000000,0,PREGRASP_DESCENT_OR_CARRY,nan,nan,nan,nan,0.000000
-0.050000,-0.250000,70.000000,0,PREGRASP_DESCENT_OR_CARRY,nan,nan,nan,nan,0.000000
-0.050000,-0.250000,80.000000,0,PREGRASP_DESCENT_OR_CARRY,nan,nan,nan,nan,0.000000
0.000000,-0.250000,0.000000,0,PREGRASP_DESCENT_OR_CARRY,nan,nan,nan,nan,0.000000
0.000000,-0.250000,10.000000,0,PREGRASP_DESCENT_OR_CARRY,nan,nan,nan,nan,0.000000
0.000000,-0.250000,20.000000,0,PREGRASP_DESCENT_OR_CARRY,nan,nan,nan,nan,0.000000
0.000000,-0.250000,30.000000,0,PREGRASP_DESCENT_OR_CARRY,nan,nan,nan,nan,0.000000
0.000000,-0.250000,40.000000,0,PREGRASP_DESCENT_OR_CARRY,nan,nan,nan,nan,0.000000
0.000000,-0.250000,50.000000,0,PREGRASP_DESCENT_OR_CARRY,nan,nan,nan,nan,0.000000
0.000000,-0.250000,60.000000,0,PREGRASP_DESCENT_OR_CARRY,nan,nan,nan,nan,0.000000
0.000000,-0.250000,70.000000,0,PREGRASP_DESCENT_OR_CARRY,nan,nan,nan,nan,0.000000
0.000000,-0.250000,80.000000,0,PREGRASP_DESCENT_OR_CARRY,nan,nan,nan,nan,0.000000
0.050000,-0.250000,0.000000,1,NONE,0.080000,-0.040000,0.000000,-4.000000,0.040845
0.050000,-0.250000,10.000000,1,NONE,0.050000,-0.040000,10.000000,-2.000000,0.035337
0.050000,-0.250000,20.000000,1,NONE,0.050000,-0.040000,20.000000,-2.000000,0.061521
0.050000,-0.250000,30.000000,1,NONE,0.080000,-0.032000,30.000000,2.000000,0.031321
0.050000,-0.250000,40.000000,1,NONE,0.080000,-0.040000,40.000000,-4.000000,0.063342
0.050000,-0.250000,50.000000,1,NONE,0.080000,-0.024000,50.000000,2.000000,0.045419
0.050000,-0.250000,60.000000,1,NONE,0.080000,-0.032000,60.000000,2.000000,0.021734
0.050000,-0.250000,70.000000,1,NONE,0.080000,-0.040000,70.000000,2.000000,0.022019
0.050000,-0.250000,80.000000,1,NONE,0.080000,-0.032000,80.000000,2.000000,0.043957
0.100000,-0.250000,0.000000,1,NONE,0.080000,-0.040000,0.000000,4.000000,0.030879
0.100000,-0.250000,10.000000,1,NONE,0.080000,-0.032000,10.000000,4.000000,0.033353
0.100000,-0.250000,20.000000,1,NONE,0.080000,-0.040000,20.000000,4.000000,0.052825
0.100000,-0.250000,30.000000,1,NONE,0.080000,-0.040000,30.000000,4.000000,0.053245
0.100000,-0.250000,40.000000,1,NONE,0.080000,-0.032000,40.000000,4.000000,0.029190
0.100000,-0.250000,50.000000,1,NONE,0.080000,-0.032000,50.000000,2.000000,0.034317
0.100000,-0.250000,60.000000,1,NONE,0.080000,-0.040000,60.000000,2.000000,0.050464
0.100000,-0.250000,70.000000,1,NONE,0.080000,-0.040000,70.000000,2.000000,0.053314
0.100000,-0.250000,80.000000,1,NONE,0.080000,-0.040000,80.000000,2.000000,0.031153
0.150000,-0.250000,0.000000,1,NONE,0.080000,-0.040000,90.000000,2.000000,0.051892
0.150000,-0.250000,10.000000,1,NONE,0.080000,-0.040000,10.000000,2.000000,0.043804
0.150000,-0.250000,20.000000,1,NONE,0.080000,-0.040000,20.000000,2.000000,0.031145
0.150000,-0.250000,30.000000,1,NONE,0.080000,-0.040000,30.000000,2.000000,0.043289
0.150000,-0.250000,40.000000,1,NONE,0.080000,-0.040000,130.000000,2.000000,0.044412
0.150000,-0.250000,50.000000,1,NONE,0.080000,-0.024000,50.000000,-4.000000,0.053412
0.150000,-0.250000,60.000000,1,NONE,0.080000,-0.040000,60.000000,2.000000,0.040141
0.150000,-0.250000,70.000000,1,NONE,0.080000,-0.040000,70.000000,2.000000,0.028126
0.150000,-0.250000,80.000000,1,NONE,0.080000,-0.040000,80.000000,4.000000,0.033100
0.200000,-0.250000,0.000000,1,NONE,0.080000,-0.040000,0.000000,-2.000000,0.034831
0.200000,-0.250000,10.000000,1,NONE,0.080000,-0.040000,10.000000,-2.000000,0.042053
0.200000,-0.250000,20.000000,1,NONE,0.080000,-0.040000,20.000000,4.000000,0.042684
0.200000,-0.250000,30.000000,1,NONE,0.080000,-0.040000,30.000000,2.000000,0.030263
0.200000,-0.250000,40.000000,1,NONE,0.080000,-0.040000,40.000000,-2.000000,0.020240
0.200000,-0.250000,50.000000,1,NONE,0.080000,-0.040000,50.000000,2.000000,0.042418
0.200000,-0.250000,60.000000,1,NONE,0.080000,-0.040000,60.000000,-2.000000,0.041658
0.200000,-0.250000,70.000000,1,NONE,0.080000,-0.040000,70.000000,2.000000,0.029550
0.200000,-0.250000,80.000000,1,NONE,0.080000,-0.040000,80.000000,-2.000000,0.029986
0.250000,-0.250000,0.000000,1,NONE,0.080000,-0.040000,0.000000,2.000000,0.055985
0.250000,-0.250000,10.000000,1,NONE,0.080000,-0.040000,10.000000,4.000000,0.045101
0.250000,-0.250000,20.000000,1,NONE,0.080000,-0.040000,20.000000,2.000000,0.035916
0.250000,-0.250000,30.000000,1,NONE,0.080000,-0.040000,30.000000,2.000000,0.055162
0.250000,-0.250000,40.000000,1,NONE,0.080000,-0.040000,40.000000,4.000000,0.040965
0.250000,-0.250000,50.000000,1,NONE,0.080000,-0.040000,50.000000,4.000000,0.031232
0.250000,-0.250000,60.000000,1,NONE,0.080000,-0.040000,60.000000,2.000000,0.035296
0.250000,-0.250000,70.000000,1,NONE,0.080000,-0.040000,70.000000,-2.000000,0.022323
0.250000,-0.250000,80.000000,1,NONE,0.080000,-0.040000,80.000000,2.000000,0.030725
0.300000,-0.250000,0.000000,1,NONE,0.080000,-0.040000,0.000000,2.000000,0.056006
0.300000,-0.250000,10.000000,1,NONE,0.080000,-0.040000,10.000000,2.000000,0.043962
0.300000,-0.250000,20.000000,1,NONE,0.080000,-0.040000,20.000000,2.000000,0.045758
0.300000,-0.250000,30.000000,1,NONE,0.080000,-0.040000,30.000000,2.000000,0.032954
0.300000,-0.250000,40.000000,1,NONE,0.080000,-0.040000,40.000000,2.000000,0.041671
0.300000,-0.250000,50.000000,1,NONE,0.080000,-0.040000,50.000000,2.000000,0.048396
0.300000,-0.250000,60.000000,1,NONE,0.080000,-0.040000,60.000000,2.000000,0.010226
0.300000,-0.250000,70.000000,1,NONE,0.080000,-0.040000,70.000000,2.000000,0.034521
0.300000,-0.250000,80.000000,1,NONE,0.080000,-0.040000,80.000000,2.000000,0.049434
0.350000,-0.250000,0.000000,1,NONE,0.080000,-0.040000,0.000000,2.000000,0.034838
0.350000,-0.250000,10.000000,1,NONE,0.080000,-0.040000,10.000000,-2.000000,0.052164
0.350000,-0.250000,20.000000,1,NONE,0.080000,-0.040000,20.000000,-2.000000,0.046155
0.350000,-0.250000,30.000000,1,NONE,0.080000,-0.040000,30.000000,2.000000,0.043128
0.350000,-0.250000,40.000000,1,NONE,0.080000,-0.040000,40.000000,2.000000,0.030257
0.350000,-0.250000,50.000000,1,NONE,0.080000,-0.040000,50.000000,2.000000,0.041371
0.350000,-0.250000,60.000000,1,NONE,0.080000,-0.040000,60.000000,2.000000,0.018883
0.350000,-0.250000,70.000000,1,NONE,0.080000,-0.040000,70.000000,2.000000,0.032824
0.350000,-0.250000,80.000000,1,NONE,0.080000,-0.040000,80.000000,2.000000,0.041335
0.400000,-0.250000,0.000000,0,PREGRASP_DESCENT_OR_CARRY,nan,nan,nan,nan,0.000000
0.400000,-0.250000,10.000000,0,PREGRASP_DESCENT_OR_CARRY,nan,nan,nan,nan,0.000000
0.400000,-0.250000,20.000000,0,PREGRASP_DESCENT_OR_CARRY,nan,nan,nan,nan,0.000000
0.400000,-0.250000,30.000000,0,PREGRASP_DESCENT_OR_CARRY,nan,nan,nan,nan,0.000000
0.400000,-0.250000,40.000000,0,PREGRASP_DESCENT_OR_CARRY,nan,nan,nan,nan,0.000000
0.400000,-0.250000,50.000000,0,PREGRASP_DESCENT_OR_CARRY,nan,nan,nan,nan,0.000000
0.400000,-0.250000,60.000000,0,PREGRASP_DESCENT_OR_CARRY,nan,nan,nan,nan,0.000000
0.400000,-0.250000,70.000000,0,PREGRASP_DESCENT_OR_CARRY,nan,nan,nan,nan,0.000000
0.400000,-0.250000,80.000000,0,PREGRASP_DESCENT_OR_CARRY,nan,nan,nan,nan,0.000000
0.450000,-0.250000,0.000000,0,PREGRASP_DESCENT_OR_CARRY,nan,nan,nan,nan,0.000000
0.450000,-0.250000,10.000000,0,PREGRASP_DESCENT_OR_CARRY,nan,nan,nan,nan,0.000000
0.450000,-0.250000,20.000000,0,PREGRASP_DESCENT_OR_CARRY,nan,nan,nan,nan,0.000000
0.450000,-0.250000,30.000000,0,PREGRASP_DESCENT_OR_CARRY,nan,nan,nan,nan,0.000000
0.450000,-0.250000,40.000000,0,PREGRASP_DESCENT_OR_CARRY,nan,nan,nan,nan,0.000000
0.450000,-0.250000,50.000000,0,PREGRASP_DESCENT_OR_CARRY,nan,nan,nan,nan,0.000000
0.450000,-0.250000,60.000000,0,PREGRASP_DESCENT_OR_CARRY,nan,nan,nan,nan,0.000000
0.450000,-0.250000,70.000000,0,PREGRASP_DESCENT_OR_CARRY,nan,nan,nan,nan,0.000000
0.450000,-0.250000,80.000000,0,PREGRASP_DESCENT_OR_CARRY,nan,nan,nan,nan,0.000000
0.500000,-0.250000,0.000000,0,PREGRASP_DESCENT_OR_CARRY,nan,nan,nan,nan,0.000000
0.500000,-0.250000,10.000000,0,PREGRASP_DESCENT_OR_CARRY,nan,nan,nan,nan,0.000000
0.500000,-0.250000,20.000000,0,PREGRASP_DESCENT_OR_CARRY,nan,nan,nan,nan,0.000000
0.500000,-0.250000,30.000000,0,PREGRASP_DESCENT_OR_CARRY,nan,nan,nan,nan,0.000000
0.500000,-0.250000,40.000000,0,PREGRASP_DESCENT_OR_CARRY,nan,nan,nan,nan,0.000000
0.500000,-0.250000,50.000000,0,PREGRASP_DESCENT_OR_CARRY,nan,nan,nan,nan,0.000000
0.500000,-0.250000,60.000000,0,PREGRASP_DESCENT_OR_CARRY,nan,nan,nan,nan,0.000000
0.500000,-0.250000,70.000000,0,PREGRASP_DESCENT_OR_CARRY,nan,nan,nan,nan,0.000000
0.500000,-0.250000,80.000000,0,PREGRASP_DESCENT_OR_CARRY,nan,nan,nan,nan,0.000000
0.550000,-0.250000,0.000000,0,PLAN_TOP_OBSERVE,nan,nan,nan,nan,0.000000
0.550000,-0.250000,10.000000,0,PLAN_TOP_OBSERVE,nan,nan,nan,nan,0.000000
0.550000,-0.250000,20.000000,0,PLAN_TOP_OBSERVE,nan,nan,nan,nan,0.000000
0.550000,-0.250000,30.000000,0,PLAN_TOP_OBSERVE,nan,nan,nan,nan,0.000000
0.550000,-0.250000,40.000000,0,PLAN_TOP_OBSERVE,nan,nan,nan,nan,0.000000
0.550000,-0.250000,50.000000,0,PLAN_TOP_OBSERVE,nan,nan,nan,nan,0.000000
0.550000,-0.250000,60.000000,0,PLAN_TOP_OBSERVE,nan,nan,nan,nan,0.000000
0.550000,-0.250000,70.000000,0,PLAN_TOP_OBSERVE,nan,nan,nan,nan,0.000000
0.550000,-0.250000,80.000000,0,PLAN_TOP_OBSERVE,nan,nan,nan,nan,0.000000
0.600000,-0.250000,0.000000,0,PLAN_TOP_OBSERVE,nan,nan,nan,nan,0.000000
0.600000,-0.250000,10.000000,0,PLAN_TOP_OBSERVE,nan,nan,nan,nan,0.000000
0.600000,-0.250000,20.000000,0,PLAN_TOP_OBSERVE,nan,nan,nan,nan,0.000000
0.600000,-0.250000,30.000000,0,PLAN_TOP_OBSERVE,nan,nan,nan,nan,0.000000
0.600000,-0.250000,40.000000,0,PLAN_TOP_OBSERVE,nan,nan,nan,nan,0.000000
0.600000,-0.250000,50.000000,0,PLAN_TOP_OBSERVE,nan,nan,nan,nan,0.000000
0.600000,-0.250000,60.000000,0,PLAN_TOP_OBSERVE,nan,nan,nan,nan,0.000000
0.600000,-0.250000,70.000000,0,PLAN_TOP_OBSERVE,nan,nan,nan,nan,0.000000
0.600000,-0.250000,80.000000,0,PLAN_TOP_OBSERVE,nan,nan,nan,nan,0.000000
0.650000,-0.250000,0.000000,0,PLAN_TOP_OBSERVE,nan,nan,nan,nan,0.000000
0.650000,-0.250000,10.000000,0,PLAN_TOP_OBSERVE,nan,nan,nan,nan,0.000000
0.650000,-0.250000,20.000000,0,PLAN_TOP_OBSERVE,nan,nan,nan,nan,0.000000
0.650000,-0.250000,30.000000,0,PLAN_TOP_OBSERVE,nan,nan,nan,nan,0.000000
0.650000,-0.250000,40.000000,0,PLAN_TOP_OBSERVE,nan,nan,nan,nan,0.000000
0.650000,-0.250000,50.000000,0,PLAN_TOP_OBSERVE,nan,nan,nan,nan,0.000000
0.650000,-0.250000,60.000000,0,PLAN_TOP_OBSERVE,nan,nan,nan,nan,0.000000
0.650000,-0.250000,70.000000,0,PLAN_TOP_OBSERVE,nan,nan,nan,nan,0.000000
0.650000,-0.250000,80.000000,0,PLAN_TOP_OBSERVE,nan,nan,nan,nan,0.000000
0.700000,-0.250000,0.000000,0,PLAN_TOP_OBSERVE,nan,nan,nan,nan,0.000000
0.700000,-0.250000,10.000000,0,PLAN_TOP_OBSERVE,nan,nan,nan,nan,0.000000
0.700000,-0.250000,20.000000,0,PLAN_TOP_OBSERVE,nan,nan,nan,nan,0.000000
0.700000,-0.250000,30.000000,0,PLAN_TOP_OBSERVE,nan,nan,nan,nan,0.000000
0.700000,-0.250000,40.000000,0,PLAN_TOP_OBSERVE,nan,nan,nan,nan,0.000000
0.700000,-0.250000,50.000000,0,PLAN_TOP_OBSERVE,nan,nan,nan,nan,0.000000
0.700000,-0.250000,60.000000,0,PLAN_TOP_OBSERVE,nan,nan,nan,nan,0.000000
0.700000,-0.250000,70.000000,0,PLAN_TOP_OBSERVE,nan,nan,nan,nan,0.000000
0.700000,-0.250000,80.000000,0,PLAN_TOP_OBSERVE,nan,nan,nan,nan,0.000000
-0.700000,-0.200000,0.000000,0,PLAN_TOP_OBSERVE,nan,nan,nan,nan,0.000000
-0.700000,-0.200000,10.000000,0,PLAN_TOP_OBSERVE,nan,nan,nan,nan,0.000000
-0.700000,-0.200000,20.000000,0,PLAN_TOP_OBSERVE,nan,nan,nan,nan,0.000000
-0.700000,-0.200000,30.000000,0,PLAN_TOP_OBSERVE,nan,nan,nan,nan,0.000000
-0.700000,-0.200000,40.000000,0,PLAN_TOP_OBSERVE,nan,nan,nan,nan,0.000000
-0.700000,-0.200000,50.000000,0,PLAN_TOP_OBSERVE,nan,nan,nan,nan,0.000000
-0.700000,-0.200000,60.000000,0,PLAN_TOP_OBSERVE,nan,nan,nan,nan,0.000000
-0.700000,-0.200000,70.000000,0,PLAN_TOP_OBSERVE,nan,nan,nan,nan,0.000000
-0.700000,-0.200000,80.000000,0,PLAN_TOP_OBSERVE,nan,nan,nan,nan,0.000000
-0.650000,-0.200000,0.000000,0,PLAN_TOP_OBSERVE,nan,nan,nan,nan,0.000000
-0.650000,-0.200000,10.000000,0,PLAN_TOP_OBSERVE,nan,nan,nan,nan,0.000000
-0.650000,-0.200000,20.000000,0,PLAN_TOP_OBSERVE,nan,nan,nan,nan,0.000000
-0.650000,-0.200000,30.000000,0,PLAN_TOP_OBSERVE,nan,nan,nan,nan,0.000000
-0.650000,-0.200000,40.000000,0,PLAN_TOP_OBSERVE,nan,nan,nan,nan,0.000000
-0.650000,-0.200000,50.000000,0,PLAN_TOP_OBSERVE,nan,nan,nan,nan,0.000000
-0.650000,-0.200000,60.000000,0,PLAN_TOP_OBSERVE,nan,nan,nan,nan,0.000000
-0.650000,-0.200000,70.000000,0,PLAN_TOP_OBSERVE,nan,nan,nan,nan,0.000000
-0.650000,-0.200000,80.000000,0,PLAN_TOP_OBSERVE,nan,nan,nan,nan,0.000000
-0.600000,-0.200000,0.000000,0,PLAN_TOP_OBSERVE,nan,nan,nan,nan,0.000000
-0.600000,-0.200000,10.000000,0,PLAN_TOP_OBSERVE,nan,nan,nan,nan,0.000000
-0.600000,-0.200000,20.000000,0,PLAN_TOP_OBSERVE,nan,nan,nan,nan,0.000000
-0.600000,-0.200000,30.000000,0,PLAN_TOP_OBSERVE,nan,nan,nan,nan,0.000000
-0.600000,-0.200000,40.000000,0,PLAN_TOP_OBSERVE,nan,nan,nan,nan,0.000000
-0.600000,-0.200000,50.000000,0,PLAN_TOP_OBSERVE,nan,nan,nan,nan,0.000000
-0.600000,-0.200000,60.000000,0,PLAN_TOP_OBSERVE,nan,nan,nan,nan,0.000000
-0.600000,-0.200000,70.000000,0,PLAN_TOP_OBSERVE,nan,nan,nan,nan,0.000000
-0.600000,-0.200000,80.000000,0,PLAN_TOP_OBSERVE,nan,nan,nan,nan,0.000000
-0.550000,-0.200000,0.000000,0,PREGRASP_DESCENT_OR_CARRY,nan,nan,nan,nan,0.000000
-0.550000,-0.200000,10.000000,0,PREGRASP_DESCENT_OR_CARRY,nan,nan,nan,nan,0.000000
-0.550000,-0.200000,20.000000,0,PREGRASP_DESCENT_OR_CARRY,nan,nan,nan,nan,0.000000
-0.550000,-0.200000,30.000000,0,PREGRASP_DESCENT_OR_CARRY,nan,nan,nan,nan,0.000000
-0.550000,-0.200000,40.000000,0,PREGRASP_DESCENT_OR_CARRY,nan,nan,nan,nan,0.000000
-0.550000,-0.200000,50.000000,0,PREGRASP_DESCENT_OR_CARRY,nan,nan,nan,nan,0.000000
-0.550000,-0.200000,60.000000,0,PREGRASP_DESCENT_OR_CARRY,nan,nan,nan,nan,0.000000
-0.550000,-0.200000,70.000000,0,PREGRASP_DESCENT_OR_CARRY,nan,nan,nan,nan,0.000000
-0.550000,-0.200000,80.000000,0,PREGRASP_DESCENT_OR_CARRY,nan,nan,nan,nan,0.000000
-0.500000,-0.200000,0.000000,0,PREGRASP_DESCENT_OR_CARRY,nan,nan,nan,nan,0.000000
-0.500000,-0.200000,10.000000,0,PREGRASP_DESCENT_OR_CARRY,nan,nan,nan,nan,0.000000
-0.500000,-0.200000,20.000000,0,PREGRASP_DESCENT_OR_CARRY,nan,nan,nan,nan,0.000000
-0.500000,-0.200000,30.000000,0,PREGRASP_DESCENT_OR_CARRY,nan,nan,nan,nan,0.000000
-0.500000,-0.200000,40.000000,0,PREGRASP_DESCENT_OR_CARRY,nan,nan,nan,nan,0.000000
-0.500000,-0.200000,50.000000,0,PREGRASP_DESCENT_OR_CARRY,nan,nan,nan,nan,0.000000
-0.500000,-0.200000,60.000000,0,PREGRASP_DESCENT_OR_CARRY,nan,nan,nan,nan,0.000000
-0.500000,-0.200000,70.000000,0,PREGRASP_DESCENT_OR_CARRY,nan,nan,nan,nan,0.000000
-0.500000,-0.200000,80.000000,0,PREGRASP_DESCENT_OR_CARRY,nan,nan,nan,nan,0.000000
-0.450000,-0.200000,0.000000,0,TARGET_OVERLAPS_GO2_FOOTPRINT,nan,nan,nan,nan,0.000000
-0.450000,-0.200000,10.000000,0,TARGET_OVERLAPS_GO2_FOOTPRINT,nan,nan,nan,nan,0.000000
-0.450000,-0.200000,20.000000,0,TARGET_OVERLAPS_GO2_FOOTPRINT,nan,nan,nan,nan,0.000000
-0.450000,-0.200000,30.000000,0,TARGET_OVERLAPS_GO2_FOOTPRINT,nan,nan,nan,nan,0.000000
-0.450000,-0.200000,40.000000,0,TARGET_OVERLAPS_GO2_FOOTPRINT,nan,nan,nan,nan,0.000000
-0.450000,-0.200000,50.000000,0,TARGET_OVERLAPS_GO2_FOOTPRINT,nan,nan,nan,nan,0.000000
-0.450000,-0.200000,60.000000,0,TARGET_OVERLAPS_GO2_FOOTPRINT,nan,nan,nan,nan,0.000000
-0.450000,-0.200000,70.000000,0,TARGET_OVERLAPS_GO2_FOOTPRINT,nan,nan,nan,nan,0.000000
-0.450000,-0.200000,80.000000,0,TARGET_OVERLAPS_GO2_FOOTPRINT,nan,nan,nan,nan,0.000000
-0.400000,-0.200000,0.000000,0,TARGET_OVERLAPS_GO2_FOOTPRINT,nan,nan,nan,nan,0.000000
-0.400000,-0.200000,10.000000,0,TARGET_OVERLAPS_GO2_FOOTPRINT,nan,nan,nan,nan,0.000000
-0.400000,-0.200000,20.000000,0,TARGET_OVERLAPS_GO2_FOOTPRINT,nan,nan,nan,nan,0.000000
-0.400000,-0.200000,30.000000,0,TARGET_OVERLAPS_GO2_FOOTPRINT,nan,nan,nan,nan,0.000000
-0.400000,-0.200000,40.000000,0,TARGET_OVERLAPS_GO2_FOOTPRINT,nan,nan,nan,nan,0.000000
-0.400000,-0.200000,50.000000,0,TARGET_OVERLAPS_GO2_FOOTPRINT,nan,nan,nan,nan,0.000000
-0.400000,-0.200000,60.000000,0,TARGET_OVERLAPS_GO2_FOOTPRINT,nan,nan,nan,nan,0.000000
-0.400000,-0.200000,70.000000,0,TARGET_OVERLAPS_GO2_FOOTPRINT,nan,nan,nan,nan,0.000000
-0.400000,-0.200000,80.000000,0,TARGET_OVERLAPS_GO2_FOOTPRINT,nan,nan,nan,nan,0.000000
-0.350000,-0.200000,0.000000,0,TARGET_OVERLAPS_GO2_FOOTPRINT,nan,nan,nan,nan,0.000000
-0.350000,-0.200000,10.000000,0,TARGET_OVERLAPS_GO2_FOOTPRINT,nan,nan,nan,nan,0.000000
-0.350000,-0.200000,20.000000,0,TARGET_OVERLAPS_GO2_FOOTPRINT,nan,nan,nan,nan,0.000000
-0.350000,-0.200000,30.000000,0,TARGET_OVERLAPS_GO2_FOOTPRINT,nan,nan,nan,nan,0.000000
-0.350000,-0.200000,40.000000,0,TARGET_OVERLAPS_GO2_FOOTPRINT,nan,nan,nan,nan,0.000000
-0.350000,-0.200000,50.000000,0,TARGET_OVERLAPS_GO2_FOOTPRINT,nan,nan,nan,nan,0.000000
-0.350000,-0.200000,60.000000,0,TARGET_OVERLAPS_GO2_FOOTPRINT,nan,nan,nan,nan,0.000000
-0.350000,-0.200000,70.000000,0,TARGET_OVERLAPS_GO2_FOOTPRINT,nan,nan,nan,nan,0.000000
-0.350000,-0.200000,80.000000,0,TARGET_OVERLAPS_GO2_FOOTPRINT,nan,nan,nan,nan,0.000000
-0.300000,-0.200000,0.000000,0,TARGET_OVERLAPS_GO2_FOOTPRINT,nan,nan,nan,nan,0.000000
-0.300000,-0.200000,10.000000,0,TARGET_OVERLAPS_GO2_FOOTPRINT,nan,nan,nan,nan,0.000000
-0.300000,-0.200000,20.000000,0,TARGET_OVERLAPS_GO2_FOOTPRINT,nan,nan,nan,nan,0.000000
-0.300000,-0.200000,30.000000,0,TARGET_OVERLAPS_GO2_FOOTPRINT,nan,nan,nan,nan,0.000000
-0.300000,-0.200000,40.000000,0,TARGET_OVERLAPS_GO2_FOOTPRINT,nan,nan,nan,nan,0.000000
-0.300000,-0.200000,50.000000,0,TARGET_OVERLAPS_GO2_FOOTPRINT,nan,nan,nan,nan,0.000000
-0.300000,-0.200000,60.000000,0,TARGET_OVERLAPS_GO2_FOOTPRINT,nan,nan,nan,nan,0.000000
-0.300000,-0.200000,70.000000,0,TARGET_OVERLAPS_GO2_FOOTPRINT,nan,nan,nan,nan,0.000000
-0.300000,-0.200000,80.000000,0,TARGET_OVERLAPS_GO2_FOOTPRINT,nan,nan,nan,nan,0.000000
-0.250000,-0.200000,0.000000,0,TARGET_OVERLAPS_GO2_FOOTPRINT,nan,nan,nan,nan,0.000000
-0.250000,-0.200000,10.000000,0,TARGET_OVERLAPS_GO2_FOOTPRINT,nan,nan,nan,nan,0.000000
-0.250000,-0.200000,20.000000,0,TARGET_OVERLAPS_GO2_FOOTPRINT,nan,nan,nan,nan,0.000000
-0.250000,-0.200000,30.000000,0,TARGET_OVERLAPS_GO2_FOOTPRINT,nan,nan,nan,nan,0.000000
-0.250000,-0.200000,40.000000,0,TARGET_OVERLAPS_GO2_FOOTPRINT,nan,nan,nan,nan,0.000000
-0.250000,-0.200000,50.000000,0,TARGET_OVERLAPS_GO2_FOOTPRINT,nan,nan,nan,nan,0.000000
-0.250000,-0.200000,60.000000,0,TARGET_OVERLAPS_GO2_FOOTPRINT,nan,nan,nan,nan,0.000000
-0.250000,-0.200000,70.000000,0,TARGET_OVERLAPS_GO2_FOOTPRINT,nan,nan,nan,nan,0.000000
-0.250000,-0.200000,80.000000,0,TARGET_OVERLAPS_GO2_FOOTPRINT,nan,nan,nan,nan,0.000000
-0.200000,-0.200000,0.000000,0,TARGET_OVERLAPS_GO2_FOOTPRINT,nan,nan,nan,nan,0.000000
-0.200000,-0.200000,10.000000,0,TARGET_OVERLAPS_GO2_FOOTPRINT,nan,nan,nan,nan,0.000000
-0.200000,-0.200000,20.000000,0,TARGET_OVERLAPS_GO2_FOOTPRINT,nan,nan,nan,nan,0.000000
-0.200000,-0.200000,30.000000,0,TARGET_OVERLAPS_GO2_FOOTPRINT,nan,nan,nan,nan,0.000000
-0.200000,-0.200000,40.000000,0,TARGET_OVERLAPS_GO2_FOOTPRINT,nan,nan,nan,nan,0.000000
-0.200000,-0.200000,50.000000,0,TARGET_OVERLAPS_GO2_FOOTPRINT,nan,nan,nan,nan,0.000000
-0.200000,-0.200000,60.000000,0,TARGET_OVERLAPS_GO2_FOOTPRINT,nan,nan,nan,nan,0.000000
-0.200000,-0.200000,70.000000,0,TARGET_OVERLAPS_GO2_FOOTPRINT,nan,nan,nan,nan,0.000000
-0.200000,-0.200000,80.000000,0,TARGET_OVERLAPS_GO2_FOOTPRINT,nan,nan,nan,nan,0.000000
-0.150000,-0.200000,0.000000,0,TARGET_OVERLAPS_GO2_FOOTPRINT,nan,nan,nan,nan,0.000000
-0.150000,-0.200000,10.000000,0,TARGET_OVERLAPS_GO2_FOOTPRINT,nan,nan,nan,nan,0.000000
-0.150000,-0.200000,20.000000,0,TARGET_OVERLAPS_GO2_FOOTPRINT,nan,nan,nan,nan,0.000000
-0.150000,-0.200000,30.000000,0,TARGET_OVERLAPS_GO2_FOOTPRINT,nan,nan,nan,nan,0.000000
-0.150000,-0.200000,40.000000,0,TARGET_OVERLAPS_GO2_FOOTPRINT,nan,nan,nan,nan,0.000000
-0.150000,-0.200000,50.000000,0,TARGET_OVERLAPS_GO2_FOOTPRINT,nan,nan,nan,nan,0.000000
-0.150000,-0.200000,60.000000,0,TARGET_OVERLAPS_GO2_FOOTPRINT,nan,nan,nan,nan,0.000000
-0.150000,-0.200000,70.000000,0,TARGET_OVERLAPS_GO2_FOOTPRINT,nan,nan,nan,nan,0.000000
-0.150000,-0.200000,80.000000,0,TARGET_OVERLAPS_GO2_FOOTPRINT,nan,nan,nan,nan,0.000000
-0.100000,-0.200000,0.000000,0,TARGET_OVERLAPS_GO2_FOOTPRINT,nan,nan,nan,nan,0.000000
-0.100000,-0.200000,10.000000,0,TARGET_OVERLAPS_GO2_FOOTPRINT,nan,nan,nan,nan,0.000000
-0.100000,-0.200000,20.000000,0,TARGET_OVERLAPS_GO2_FOOTPRINT,nan,nan,nan,nan,0.000000
-0.100000,-0.200000,30.000000,0,TARGET_OVERLAPS_GO2_FOOTPRINT,nan,nan,nan,nan,0.000000
-0.100000,-0.200000,40.000000,0,TARGET_OVERLAPS_GO2_FOOTPRINT,nan,nan,nan,nan,0.000000
-0.100000,-0.200000,50.000000,0,TARGET_OVERLAPS_GO2_FOOTPRINT,nan,nan,nan,nan,0.000000
-0.100000,-0.200000,60.000000,0,TARGET_OVERLAPS_GO2_FOOTPRINT,nan,nan,nan,nan,0.000000
-0.100000,-0.200000,70.000000,0,TARGET_OVERLAPS_GO2_FOOTPRINT,nan,nan,nan,nan,0.000000
-0.100000,-0.200000,80.000000,0,TARGET_OVERLAPS_GO2_FOOTPRINT,nan,nan,nan,nan,0.000000
-0.050000,-0.200000,0.000000,0,TARGET_OVERLAPS_GO2_FOOTPRINT,nan,nan,nan,nan,0.000000
-0.050000,-0.200000,10.000000,0,TARGET_OVERLAPS_GO2_FOOTPRINT,nan,nan,nan,nan,0.000000
-0.050000,-0.200000,20.000000,0,TARGET_OVERLAPS_GO2_FOOTPRINT,nan,nan,nan,nan,0.000000
-0.050000,-0.200000,30.000000,0,TARGET_OVERLAPS_GO2_FOOTPRINT,nan,nan,nan,nan,0.000000
-0.050000,-0.200000,40.000000,0,TARGET_OVERLAPS_GO2_FOOTPRINT,nan,nan,nan,nan,0.000000
-0.050000,-0.200000,50.000000,0,TARGET_OVERLAPS_GO2_FOOTPRINT,nan,nan,nan,nan,0.000000
-0.050000,-0.200000,60.000000,0,TARGET_OVERLAPS_GO2_FOOTPRINT,nan,nan,nan,nan,0.000000
-0.050000,-0.200000,70.000000,0,TARGET_OVERLAPS_GO2_FOOTPRINT,nan,nan,nan,nan,0.000000
-0.050000,-0.200000,80.000000,0,TARGET_OVERLAPS_GO2_FOOTPRINT,nan,nan,nan,nan,0.000000
0.000000,-0.200000,0.000000,0,TARGET_OVERLAPS_GO2_FOOTPRINT,nan,nan,nan,nan,0.000000
0.000000,-0.200000,10.000000,0,TARGET_OVERLAPS_GO2_FOOTPRINT,nan,nan,nan,nan,0.000000
0.000000,-0.200000,20.000000,0,TARGET_OVERLAPS_GO2_FOOTPRINT,nan,nan,nan,nan,0.000000
0.000000,-0.200000,30.000000,0,TARGET_OVERLAPS_GO2_FOOTPRINT,nan,nan,nan,nan,0.000000
0.000000,-0.200000,40.000000,0,TARGET_OVERLAPS_GO2_FOOTPRINT,nan,nan,nan,nan,0.000000
0.000000,-0.200000,50.000000,0,TARGET_OVERLAPS_GO2_FOOTPRINT,nan,nan,nan,nan,0.000000
0.000000,-0.200000,60.000000,0,TARGET_OVERLAPS_GO2_FOOTPRINT,nan,nan,nan,nan,0.000000
0.000000,-0.200000,70.000000,0,TARGET_OVERLAPS_GO2_FOOTPRINT,nan,nan,nan,nan,0.000000
0.000000,-0.200000,80.000000,0,TARGET_OVERLAPS_GO2_FOOTPRINT,nan,nan,nan,nan,0.000000
0.050000,-0.200000,0.000000,0,TARGET_OVERLAPS_GO2_FOOTPRINT,nan,nan,nan,nan,0.000000
0.050000,-0.200000,10.000000,0,TARGET_OVERLAPS_GO2_FOOTPRINT,nan,nan,nan,nan,0.000000
0.050000,-0.200000,20.000000,0,TARGET_OVERLAPS_GO2_FOOTPRINT,nan,nan,nan,nan,0.000000
0.050000,-0.200000,30.000000,0,TARGET_OVERLAPS_GO2_FOOTPRINT,nan,nan,nan,nan,0.000000
0.050000,-0.200000,40.000000,0,TARGET_OVERLAPS_GO2_FOOTPRINT,nan,nan,nan,nan,0.000000
0.050000,-0.200000,50.000000,0,TARGET_OVERLAPS_GO2_FOOTPRINT,nan,nan,nan,nan,0.000000
0.050000,-0.200000,60.000000,0,TARGET_OVERLAPS_GO2_FOOTPRINT,nan,nan,nan,nan,0.000000
0.050000,-0.200000,70.000000,0,TARGET_OVERLAPS_GO2_FOOTPRINT,nan,nan,nan,nan,0.000000
0.050000,-0.200000,80.000000,0,TARGET_OVERLAPS_GO2_FOOTPRINT,nan,nan,nan,nan,0.000000
0.100000,-0.200000,0.000000,0,TARGET_OVERLAPS_GO2_FOOTPRINT,nan,nan,nan,nan,0.000000
0.100000,-0.200000,10.000000,0,TARGET_OVERLAPS_GO2_FOOTPRINT,nan,nan,nan,nan,0.000000
0.100000,-0.200000,20.000000,0,TARGET_OVERLAPS_GO2_FOOTPRINT,nan,nan,nan,nan,0.000000
0.100000,-0.200000,30.000000,0,TARGET_OVERLAPS_GO2_FOOTPRINT,nan,nan,nan,nan,0.000000
0.100000,-0.200000,40.000000,0,TARGET_OVERLAPS_GO2_FOOTPRINT,nan,nan,nan,nan,0.000000
0.100000,-0.200000,50.000000,0,TARGET_OVERLAPS_GO2_FOOTPRINT,nan,nan,nan,nan,0.000000
0.100000,-0.200000,60.000000,0,TARGET_OVERLAPS_GO2_FOOTPRINT,nan,nan,nan,nan,0.000000
0.100000,-0.200000,70.000000,0,TARGET_OVERLAPS_GO2_FOOTPRINT,nan,nan,nan,nan,0.000000
0.100000,-0.200000,80.000000,0,TARGET_OVERLAPS_GO2_FOOTPRINT,nan,nan,nan,nan,0.000000
0.150000,-0.200000,0.000000,0,TARGET_OVERLAPS_GO2_FOOTPRINT,nan,nan,nan,nan,0.000000
0.150000,-0.200000,10.000000,0,TARGET_OVERLAPS_GO2_FOOTPRINT,nan,nan,nan,nan,0.000000
0.150000,-0.200000,20.000000,0,TARGET_OVERLAPS_GO2_FOOTPRINT,nan,nan,nan,nan,0.000000
0.150000,-0.200000,30.000000,0,TARGET_OVERLAPS_GO2_FOOTPRINT,nan,nan,nan,nan,0.000000
0.150000,-0.200000,40.000000,0,TARGET_OVERLAPS_GO2_FOOTPRINT,nan,nan,nan,nan,0.000000
0.150000,-0.200000,50.000000,0,TARGET_OVERLAPS_GO2_FOOTPRINT,nan,nan,nan,nan,0.000000
0.150000,-0.200000,60.000000,0,TARGET_OVERLAPS_GO2_FOOTPRINT,nan,nan,nan,nan,0.000000
0.150000,-0.200000,70.000000,0,TARGET_OVERLAPS_GO2_FOOTPRINT,nan,nan,nan,nan,0.000000
0.150000,-0.200000,80.000000,0,TARGET_OVERLAPS_GO2_FOOTPRINT,nan,nan,nan,nan,0.000000
0.200000,-0.200000,0.000000,0,TARGET_OVERLAPS_GO2_FOOTPRINT,nan,nan,nan,nan,0.000000
0.200000,-0.200000,10.000000,0,TARGET_OVERLAPS_GO2_FOOTPRINT,nan,nan,nan,nan,0.000000
0.200000,-0.200000,20.000000,0,TARGET_OVERLAPS_GO2_FOOTPRINT,nan,nan,nan,nan,0.000000
0.200000,-0.200000,30.000000,0,TARGET_OVERLAPS_GO2_FOOTPRINT,nan,nan,nan,nan,0.000000
0.200000,-0.200000,40.000000,0,TARGET_OVERLAPS_GO2_FOOTPRINT,nan,nan,nan,nan,0.000000
0.200000,-0.200000,50.000000,0,TARGET_OVERLAPS_GO2_FOOTPRINT,nan,nan,nan,nan,0.000000
0.200000,-0.200000,60.000000,0,TARGET_OVERLAPS_GO2_FOOTPRINT,nan,nan,nan,nan,0.000000
0.200000,-0.200000,70.000000,0,TARGET_OVERLAPS_GO2_FOOTPRINT,nan,nan,nan,nan,0.000000
0.200000,-0.200000,80.000000,0,TARGET_OVERLAPS_GO2_FOOTPRINT,nan,nan,nan,nan,0.000000
0.250000,-0.200000,0.000000,0,TARGET_OVERLAPS_GO2_FOOTPRINT,nan,nan,nan,nan,0.000000
0.250000,-0.200000,10.000000,0,TARGET_OVERLAPS_GO2_FOOTPRINT,nan,nan,nan,nan,0.000000
0.250000,-0.200000,20.000000,0,TARGET_OVERLAPS_GO2_FOOTPRINT,nan,nan,nan,nan,0.000000
0.250000,-0.200000,30.000000,0,TARGET_OVERLAPS_GO2_FOOTPRINT,nan,nan,nan,nan,0.000000
0.250000,-0.200000,40.000000,0,TARGET_OVERLAPS_GO2_FOOTPRINT,nan,nan,nan,nan,0.000000
0.250000,-0.200000,50.000000,0,TARGET_OVERLAPS_GO2_FOOTPRINT,nan,nan,nan,nan,0.000000
0.250000,-0.200000,60.000000,0,TARGET_OVERLAPS_GO2_FOOTPRINT,nan,nan,nan,nan,0.000000
0.250000,-0.200000,70.000000,0,TARGET_OVERLAPS_GO2_FOOTPRINT,nan,nan,nan,nan,0.000000
0.250000,-0.200000,80.000000,0,TARGET_OVERLAPS_GO2_FOOTPRINT,nan,nan,nan,nan,0.000000
0.300000,-0.200000,0.000000,0,TARGET_OVERLAPS_GO2_FOOTPRINT,nan,nan,nan,nan,0.000000
0.300000,-0.200000,10.000000,0,TARGET_OVERLAPS_GO2_FOOTPRINT,nan,nan,nan,nan,0.000000
0.300000,-0.200000,20.000000,0,TARGET_OVERLAPS_GO2_FOOTPRINT,nan,nan,nan,nan,0.000000
0.300000,-0.200000,30.000000,0,TARGET_OVERLAPS_GO2_FOOTPRINT,nan,nan,nan,nan,0.000000
0.300000,-0.200000,40.000000,0,TARGET_OVERLAPS_GO2_FOOTPRINT,nan,nan,nan,nan,0.000000
0.300000,-0.200000,50.000000,0,TARGET_OVERLAPS_GO2_FOOTPRINT,nan,nan,nan,nan,0.000000
0.300000,-0.200000,60.000000,0,TARGET_OVERLAPS_GO2_FOOTPRINT,nan,nan,nan,nan,0.000000
0.300000,-0.200000,70.000000,0,TARGET_OVERLAPS_GO2_FOOTPRINT,nan,nan,nan,nan,0.000000
0.300000,-0.200000,80.000000,0,TARGET_OVERLAPS_GO2_FOOTPRINT,nan,nan,nan,nan,0.000000
0.350000,-0.200000,0.000000,0,TARGET_OVERLAPS_GO2_FOOTPRINT,nan,nan,nan,nan,0.000000
0.350000,-0.200000,10.000000,0,TARGET_OVERLAPS_GO2_FOOTPRINT,nan,nan,nan,nan,0.000000
0.350000,-0.200000,20.000000,0,TARGET_OVERLAPS_GO2_FOOTPRINT,nan,nan,nan,nan,0.000000
0.350000,-0.200000,30.000000,0,TARGET_OVERLAPS_GO2_FOOTPRINT,nan,nan,nan,nan,0.000000
0.350000,-0.200000,40.000000,0,TARGET_OVERLAPS_GO2_FOOTPRINT,nan,nan,nan,nan,0.000000
0.350000,-0.200000,50.000000,0,TARGET_OVERLAPS_GO2_FOOTPRINT,nan,nan,nan,nan,0.000000
0.350000,-0.200000,60.000000,0,TARGET_OVERLAPS_GO2_FOOTPRINT,nan,nan,nan,nan,0.000000
0.350000,-0.200000,70.000000,0,TARGET_OVERLAPS_GO2_FOOTPRINT,nan,nan,nan,nan,0.000000
0.350000,-0.200000,80.000000,0,TARGET_OVERLAPS_GO2_FOOTPRINT,nan,nan,nan,nan,0.000000
0.400000,-0.200000,0.000000,1,NONE,0.080000,-0.040000,90.000000,-2.000000,0.041021
0.400000,-0.200000,10.000000,1,NONE,0.080000,-0.024000,10.000000,2.000000,0.049631
0.400000,-0.200000,20.000000,1,NONE,0.080000,-0.024000,20.000000,2.000000,0.048678
0.400000,-0.200000,30.000000,1,NONE,0.080000,-0.024000,120.000000,2.000000,0.040487
0.400000,-0.200000,40.000000,1,NONE,0.080000,-0.024000,130.000000,2.000000,0.043801
0.400000,-0.200000,50.000000,1,NONE,0.080000,-0.040000,50.000000,-2.000000,0.028056
0.400000,-0.200000,60.000000,1,NONE,0.080000,-0.040000,60.000000,-2.000000,0.031604
0.400000,-0.200000,70.000000,1,NONE,0.080000,-0.040000,70.000000,-2.000000,0.043023
0.400000,-0.200000,80.000000,1,NONE,0.080000,-0.040000,80.000000,-2.000000,0.044673
0.450000,-0.200000,0.000000,0,PREGRASP_DESCENT_OR_CARRY,nan,nan,nan,nan,0.000000
0.450000,-0.200000,10.000000,0,PREGRASP_DESCENT_OR_CARRY,nan,nan,nan,nan,0.000000
0.450000,-0.200000,20.000000,0,PREGRASP_DESCENT_OR_CARRY,nan,nan,nan,nan,0.000000
0.450000,-0.200000,30.000000,0,PREGRASP_DESCENT_OR_CARRY,nan,nan,nan,nan,0.000000
0.450000,-0.200000,40.000000,0,PREGRASP_DESCENT_OR_CARRY,nan,nan,nan,nan,0.000000
0.450000,-0.200000,50.000000,0,PREGRASP_DESCENT_OR_CARRY,nan,nan,nan,nan,0.000000
0.450000,-0.200000,60.000000,0,PREGRASP_DESCENT_OR_CARRY,nan,nan,nan,nan,0.000000
0.450000,-0.200000,70.000000,0,PREGRASP_DESCENT_OR_CARRY,nan,nan,nan,nan,0.000000
0.450000,-0.200000,80.000000,0,PREGRASP_DESCENT_OR_CARRY,nan,nan,nan,nan,0.000000
0.500000,-0.200000,0.000000,0,PREGRASP_DESCENT_OR_CARRY,nan,nan,nan,nan,0.000000
0.500000,-0.200000,10.000000,0,PREGRASP_DESCENT_OR_CARRY,nan,nan,nan,nan,0.000000
0.500000,-0.200000,20.000000,0,PREGRASP_DESCENT_OR_CARRY,nan,nan,nan,nan,0.000000
0.500000,-0.200000,30.000000,0,PREGRASP_DESCENT_OR_CARRY,nan,nan,nan,nan,0.000000
0.500000,-0.200000,40.000000,0,PREGRASP_DESCENT_OR_CARRY,nan,nan,nan,nan,0.000000
0.500000,-0.200000,50.000000,0,PREGRASP_DESCENT_OR_CARRY,nan,nan,nan,nan,0.000000
0.500000,-0.200000,60.000000,0,PREGRASP_DESCENT_OR_CARRY,nan,nan,nan,nan,0.000000
0.500000,-0.200000,70.000000,0,PREGRASP_DESCENT_OR_CARRY,nan,nan,nan,nan,0.000000
0.500000,-0.200000,80.000000,0,PREGRASP_DESCENT_OR_CARRY,nan,nan,nan,nan,0.000000
0.550000,-0.200000,0.000000,0,PREGRASP_DESCENT_OR_CARRY,nan,nan,nan,nan,0.000000
0.550000,-0.200000,10.000000,0,PREGRASP_DESCENT_OR_CARRY,nan,nan,nan,nan,0.000000
0.550000,-0.200000,20.000000,0,PREGRASP_DESCENT_OR_CARRY,nan,nan,nan,nan,0.000000
0.550000,-0.200000,30.000000,0,PREGRASP_DESCENT_OR_CARRY,nan,nan,nan,nan,0.000000
0.550000,-0.200000,40.000000,0,PREGRASP_DESCENT_OR_CARRY,nan,nan,nan,nan,0.000000
0.550000,-0.200000,50.000000,0,PREGRASP_DESCENT_OR_CARRY,nan,nan,nan,nan,0.000000
0.550000,-0.200000,60.000000,0,PREGRASP_DESCENT_OR_CARRY,nan,nan,nan,nan,0.000000
0.550000,-0.200000,70.000000,0,PREGRASP_DESCENT_OR_CARRY,nan,nan,nan,nan,0.000000
0.550000,-0.200000,80.000000,0,PREGRASP_DESCENT_OR_CARRY,nan,nan,nan,nan,0.000000
0.600000,-0.200000,0.000000,0,PLAN_TOP_OBSERVE,nan,nan,nan,nan,0.000000
0.600000,-0.200000,10.000000,0,PLAN_TOP_OBSERVE,nan,nan,nan,nan,0.000000
0.600000,-0.200000,20.000000,0,PLAN_TOP_OBSERVE,nan,nan,nan,nan,0.000000
0.600000,-0.200000,30.000000,0,PLAN_TOP_OBSERVE,nan,nan,nan,nan,0.000000
0.600000,-0.200000,40.000000,0,PLAN_TOP_OBSERVE,nan,nan,nan,nan,0.000000
0.600000,-0.200000,50.000000,0,PLAN_TOP_OBSERVE,nan,nan,nan,nan,0.000000
0.600000,-0.200000,60.000000,0,PLAN_TOP_OBSERVE,nan,nan,nan,nan,0.000000
0.600000,-0.200000,70.000000,0,PLAN_TOP_OBSERVE,nan,nan,nan,nan,0.000000
0.600000,-0.200000,80.000000,0,PLAN_TOP_OBSERVE,nan,nan,nan,nan,0.000000
0.650000,-0.200000,0.000000,0,PLAN_TOP_OBSERVE,nan,nan,nan,nan,0.000000
0.650000,-0.200000,10.000000,0,PLAN_TOP_OBSERVE,nan,nan,nan,nan,0.000000
0.650000,-0.200000,20.000000,0,PLAN_TOP_OBSERVE,nan,nan,nan,nan,0.000000
0.650000,-0.200000,30.000000,0,PLAN_TOP_OBSERVE,nan,nan,nan,nan,0.000000
0.650000,-0.200000,40.000000,0,PLAN_TOP_OBSERVE,nan,nan,nan,nan,0.000000
0.650000,-0.200000,50.000000,0,PLAN_TOP_OBSERVE,nan,nan,nan,nan,0.000000
0.650000,-0.200000,60.000000,0,PLAN_TOP_OBSERVE,nan,nan,nan,nan,0.000000
0.650000,-0.200000,70.000000,0,PLAN_TOP_OBSERVE,nan,nan,nan,nan,0.000000
0.650000,-0.200000,80.000000,0,PLAN_TOP_OBSERVE,nan,nan,nan,nan,0.000000
0.700000,-0.200000,0.000000,0,PLAN_TOP_OBSERVE,nan,nan,nan,nan,0.000000
0.700000,-0.200000,10.000000,0,PLAN_TOP_OBSERVE,nan,nan,nan,nan,0.000000
0.700000,-0.200000,20.000000,0,PLAN_TOP_OBSERVE,nan,nan,nan,nan,0.000000
0.700000,-0.200000,30.000000,0,PLAN_TOP_OBSERVE,nan,nan,nan,nan,0.000000
0.700000,-0.200000,40.000000,0,PLAN_TOP_OBSERVE,nan,nan,nan,nan,0.000000
0.700000,-0.200000,50.000000,0,PLAN_TOP_OBSERVE,nan,nan,nan,nan,0.000000
0.700000,-0.200000,60.000000,0,PLAN_TOP_OBSERVE,nan,nan,nan,nan,0.000000
0.700000,-0.200000,70.000000,0,PLAN_TOP_OBSERVE,nan,nan,nan,nan,0.000000
0.700000,-0.200000,80.000000,0,PLAN_TOP_OBSERVE,nan,nan,nan,nan,0.000000
-0.700000,-0.150000,0.000000,0,PLAN_TOP_OBSERVE,nan,nan,nan,nan,0.000000
-0.700000,-0.150000,10.000000,0,PLAN_TOP_OBSERVE,nan,nan,nan,nan,0.000000
-0.700000,-0.150000,20.000000,0,PLAN_TOP_OBSERVE,nan,nan,nan,nan,0.000000
-0.700000,-0.150000,30.000000,0,PLAN_TOP_OBSERVE,nan,nan,nan,nan,0.000000
-0.700000,-0.150000,40.000000,0,PLAN_TOP_OBSERVE,nan,nan,nan,nan,0.000000
-0.700000,-0.150000,50.000000,0,PLAN_TOP_OBSERVE,nan,nan,nan,nan,0.000000
-0.700000,-0.150000,60.000000,0,PLAN_TOP_OBSERVE,nan,nan,nan,nan,0.000000
-0.700000,-0.150000,70.000000,0,PLAN_TOP_OBSERVE,nan,nan,nan,nan,0.000000
-0.700000,-0.150000,80.000000,0,PLAN_TOP_OBSERVE,nan,nan,nan,nan,0.000000
-0.650000,-0.150000,0.000000,0,PLAN_TOP_OBSERVE,nan,nan,nan,nan,0.000000
-0.650000,-0.150000,10.000000,0,PLAN_TOP_OBSERVE,nan,nan,nan,nan,0.000000
-0.650000,-0.150000,20.000000,0,PLAN_TOP_OBSERVE,nan,nan,nan,nan,0.000000
-0.650000,-0.150000,30.000000,0,PLAN_TOP_OBSERVE,nan,nan,nan,nan,0.000000
-0.650000,-0.150000,40.000000,0,PLAN_TOP_OBSERVE,nan,nan,nan,nan,0.000000
-0.650000,-0.150000,50.000000,0,PLAN_TOP_OBSERVE,nan,nan,nan,nan,0.000000
-0.650000,-0.150000,60.000000,0,PLAN_TOP_OBSERVE,nan,nan,nan,nan,0.000000
-0.650000,-0.150000,70.000000,0,PLAN_TOP_OBSERVE,nan,nan,nan,nan,0.000000
-0.650000,-0.150000,80.000000,0,PLAN_TOP_OBSERVE,nan,nan,nan,nan,0.000000
-0.600000,-0.150000,0.000000,0,PLAN_TOP_OBSERVE,nan,nan,nan,nan,0.000000
-0.600000,-0.150000,10.000000,0,PLAN_TOP_OBSERVE,nan,nan,nan,nan,0.000000
-0.600000,-0.150000,20.000000,0,PLAN_TOP_OBSERVE,nan,nan,nan,nan,0.000000
-0.600000,-0.150000,30.000000,0,PLAN_TOP_OBSERVE,nan,nan,nan,nan,0.000000
-0.600000,-0.150000,40.000000,0,PLAN_TOP_OBSERVE,nan,nan,nan,nan,0.000000
-0.600000,-0.150000,50.000000,0,PLAN_TOP_OBSERVE,nan,nan,nan,nan,0.000000
-0.600000,-0.150000,60.000000,0,PLAN_TOP_OBSERVE,nan,nan,nan,nan,0.000000
-0.600000,-0.150000,70.000000,0,PLAN_TOP_OBSERVE,nan,nan,nan,nan,0.000000
-0.600000,-0.150000,80.000000,0,PLAN_TOP_OBSERVE,nan,nan,nan,nan,0.000000
-0.550000,-0.150000,0.000000,0,PLAN_TOP_OBSERVE,nan,nan,nan,nan,0.000000
-0.550000,-0.150000,10.000000,0,PLAN_TOP_OBSERVE,nan,nan,nan,nan,0.000000
-0.550000,-0.150000,20.000000,0,PLAN_TOP_OBSERVE,nan,nan,nan,nan,0.000000
-0.550000,-0.150000,30.000000,0,PLAN_TOP_OBSERVE,nan,nan,nan,nan,0.000000
-0.550000,-0.150000,40.000000,0,PLAN_TOP_OBSERVE,nan,nan,nan,nan,0.000000
-0.550000,-0.150000,50.000000,0,PLAN_TOP_OBSERVE,nan,nan,nan,nan,0.000000
-0.550000,-0.150000,60.000000,0,PLAN_TOP_OBSERVE,nan,nan,nan,nan,0.000000
-0.550000,-0.150000,70.000000,0,PLAN_TOP_OBSERVE,nan,nan,nan,nan,0.000000
-0.550000,-0.150000,80.000000,0,PLAN_TOP_OBSERVE,nan,nan,nan,nan,0.000000
-0.500000,-0.150000,0.000000,0,PREGRASP_DESCENT_OR_CARRY,nan,nan,nan,nan,0.000000
-0.500000,-0.150000,10.000000,0,PREGRASP_DESCENT_OR_CARRY,nan,nan,nan,nan,0.000000
-0.500000,-0.150000,20.000000,0,PREGRASP_DESCENT_OR_CARRY,nan,nan,nan,nan,0.000000
-0.500000,-0.150000,30.000000,0,PREGRASP_DESCENT_OR_CARRY,nan,nan,nan,nan,0.000000
-0.500000,-0.150000,40.000000,0,PREGRASP_DESCENT_OR_CARRY,nan,nan,nan,nan,0.000000
-0.500000,-0.150000,50.000000,0,PREGRASP_DESCENT_OR_CARRY,nan,nan,nan,nan,0.000000
-0.500000,-0.150000,60.000000,0,PREGRASP_DESCENT_OR_CARRY,nan,nan,nan,nan,0.000000
-0.500000,-0.150000,70.000000,0,PREGRASP_DESCENT_OR_CARRY,nan,nan,nan,nan,0.000000
-0.500000,-0.150000,80.000000,0,PREGRASP_DESCENT_OR_CARRY,nan,nan,nan,nan,0.000000
-0.450000,-0.150000,0.000000,0,TARGET_OVERLAPS_GO2_FOOTPRINT,nan,nan,nan,nan,0.000000
-0.450000,-0.150000,10.000000,0,TARGET_OVERLAPS_GO2_FOOTPRINT,nan,nan,nan,nan,0.000000
-0.450000,-0.150000,20.000000,0,TARGET_OVERLAPS_GO2_FOOTPRINT,nan,nan,nan,nan,0.000000
-0.450000,-0.150000,30.000000,0,TARGET_OVERLAPS_GO2_FOOTPRINT,nan,nan,nan,nan,0.000000
-0.450000,-0.150000,40.000000,0,TARGET_OVERLAPS_GO2_FOOTPRINT,nan,nan,nan,nan,0.000000
-0.450000,-0.150000,50.000000,0,TARGET_OVERLAPS_GO2_FOOTPRINT,nan,nan,nan,nan,0.000000
-0.450000,-0.150000,60.000000,0,TARGET_OVERLAPS_GO2_FOOTPRINT,nan,nan,nan,nan,0.000000
-0.450000,-0.150000,70.000000,0,TARGET_OVERLAPS_GO2_FOOTPRINT,nan,nan,nan,nan,0.000000
-0.450000,-0.150000,80.000000,0,TARGET_OVERLAPS_GO2_FOOTPRINT,nan,nan,nan,nan,0.000000
-0.400000,-0.150000,0.000000,0,TARGET_OVERLAPS_GO2_FOOTPRINT,nan,nan,nan,nan,0.000000
-0.400000,-0.150000,10.000000,0,TARGET_OVERLAPS_GO2_FOOTPRINT,nan,nan,nan,nan,0.000000
-0.400000,-0.150000,20.000000,0,TARGET_OVERLAPS_GO2_FOOTPRINT,nan,nan,nan,nan,0.000000
-0.400000,-0.150000,30.000000,0,TARGET_OVERLAPS_GO2_FOOTPRINT,nan,nan,nan,nan,0.000000
-0.400000,-0.150000,40.000000,0,TARGET_OVERLAPS_GO2_FOOTPRINT,nan,nan,nan,nan,0.000000
-0.400000,-0.150000,50.000000,0,TARGET_OVERLAPS_GO2_FOOTPRINT,nan,nan,nan,nan,0.000000
-0.400000,-0.150000,60.000000,0,TARGET_OVERLAPS_GO2_FOOTPRINT,nan,nan,nan,nan,0.000000
-0.400000,-0.150000,70.000000,0,TARGET_OVERLAPS_GO2_FOOTPRINT,nan,nan,nan,nan,0.000000
-0.400000,-0.150000,80.000000,0,TARGET_OVERLAPS_GO2_FOOTPRINT,nan,nan,nan,nan,0.000000
-0.350000,-0.150000,0.000000,0,TARGET_OVERLAPS_GO2_FOOTPRINT,nan,nan,nan,nan,0.000000
-0.350000,-0.150000,10.000000,0,TARGET_OVERLAPS_GO2_FOOTPRINT,nan,nan,nan,nan,0.000000
-0.350000,-0.150000,20.000000,0,TARGET_OVERLAPS_GO2_FOOTPRINT,nan,nan,nan,nan,0.000000
-0.350000,-0.150000,30.000000,0,TARGET_OVERLAPS_GO2_FOOTPRINT,nan,nan,nan,nan,0.000000
-0.350000,-0.150000,40.000000,0,TARGET_OVERLAPS_GO2_FOOTPRINT,nan,nan,nan,nan,0.000000
-0.350000,-0.150000,50.000000,0,TARGET_OVERLAPS_GO2_FOOTPRINT,nan,nan,nan,nan,0.000000
-0.350000,-0.150000,60.000000,0,TARGET_OVERLAPS_GO2_FOOTPRINT,nan,nan,nan,nan,0.000000
-0.350000,-0.150000,70.000000,0,TARGET_OVERLAPS_GO2_FOOTPRINT,nan,nan,nan,nan,0.000000
-0.350000,-0.150000,80.000000,0,TARGET_OVERLAPS_GO2_FOOTPRINT,nan,nan,nan,nan,0.000000
-0.300000,-0.150000,0.000000,0,TARGET_OVERLAPS_GO2_FOOTPRINT,nan,nan,nan,nan,0.000000
-0.300000,-0.150000,10.000000,0,TARGET_OVERLAPS_GO2_FOOTPRINT,nan,nan,nan,nan,0.000000
-0.300000,-0.150000,20.000000,0,TARGET_OVERLAPS_GO2_FOOTPRINT,nan,nan,nan,nan,0.000000
-0.300000,-0.150000,30.000000,0,TARGET_OVERLAPS_GO2_FOOTPRINT,nan,nan,nan,nan,0.000000
-0.300000,-0.150000,40.000000,0,TARGET_OVERLAPS_GO2_FOOTPRINT,nan,nan,nan,nan,0.000000
-0.300000,-0.150000,50.000000,0,TARGET_OVERLAPS_GO2_FOOTPRINT,nan,nan,nan,nan,0.000000
-0.300000,-0.150000,60.000000,0,TARGET_OVERLAPS_GO2_FOOTPRINT,nan,nan,nan,nan,0.000000
-0.300000,-0.150000,70.000000,0,TARGET_OVERLAPS_GO2_FOOTPRINT,nan,nan,nan,nan,0.000000
-0.300000,-0.150000,80.000000,0,TARGET_OVERLAPS_GO2_FOOTPRINT,nan,nan,nan,nan,0.000000
-0.250000,-0.150000,0.000000,0,TARGET_OVERLAPS_GO2_FOOTPRINT,nan,nan,nan,nan,0.000000
-0.250000,-0.150000,10.000000,0,TARGET_OVERLAPS_GO2_FOOTPRINT,nan,nan,nan,nan,0.000000
-0.250000,-0.150000,20.000000,0,TARGET_OVERLAPS_GO2_FOOTPRINT,nan,nan,nan,nan,0.000000
-0.250000,-0.150000,30.000000,0,TARGET_OVERLAPS_GO2_FOOTPRINT,nan,nan,nan,nan,0.000000
-0.250000,-0.150000,40.000000,0,TARGET_OVERLAPS_GO2_FOOTPRINT,nan,nan,nan,nan,0.000000
-0.250000,-0.150000,50.000000,0,TARGET_OVERLAPS_GO2_FOOTPRINT,nan,nan,nan,nan,0.000000
-0.250000,-0.150000,60.000000,0,TARGET_OVERLAPS_GO2_FOOTPRINT,nan,nan,nan,nan,0.000000
-0.250000,-0.150000,70.000000,0,TARGET_OVERLAPS_GO2_FOOTPRINT,nan,nan,nan,nan,0.000000
-0.250000,-0.150000,80.000000,0,TARGET_OVERLAPS_GO2_FOOTPRINT,nan,nan,nan,nan,0.000000
-0.200000,-0.150000,0.000000,0,TARGET_OVERLAPS_GO2_FOOTPRINT,nan,nan,nan,nan,0.000000
-0.200000,-0.150000,10.000000,0,TARGET_OVERLAPS_GO2_FOOTPRINT,nan,nan,nan,nan,0.000000
-0.200000,-0.150000,20.000000,0,TARGET_OVERLAPS_GO2_FOOTPRINT,nan,nan,nan,nan,0.000000
-0.200000,-0.150000,30.000000,0,TARGET_OVERLAPS_GO2_FOOTPRINT,nan,nan,nan,nan,0.000000
-0.200000,-0.150000,40.000000,0,TARGET_OVERLAPS_GO2_FOOTPRINT,nan,nan,nan,nan,0.000000
-0.200000,-0.150000,50.000000,0,TARGET_OVERLAPS_GO2_FOOTPRINT,nan,nan,nan,nan,0.000000
-0.200000,-0.150000,60.000000,0,TARGET_OVERLAPS_GO2_FOOTPRINT,nan,nan,nan,nan,0.000000
-0.200000,-0.150000,70.000000,0,TARGET_OVERLAPS_GO2_FOOTPRINT,nan,nan,nan,nan,0.000000
-0.200000,-0.150000,80.000000,0,TARGET_OVERLAPS_GO2_FOOTPRINT,nan,nan,nan,nan,0.000000
-0.150000,-0.150000,0.000000,0,TARGET_OVERLAPS_GO2_FOOTPRINT,nan,nan,nan,nan,0.000000
-0.150000,-0.150000,10.000000,0,TARGET_OVERLAPS_GO2_FOOTPRINT,nan,nan,nan,nan,0.000000
-0.150000,-0.150000,20.000000,0,TARGET_OVERLAPS_GO2_FOOTPRINT,nan,nan,nan,nan,0.000000
-0.150000,-0.150000,30.000000,0,TARGET_OVERLAPS_GO2_FOOTPRINT,nan,nan,nan,nan,0.000000
-0.150000,-0.150000,40.000000,0,TARGET_OVERLAPS_GO2_FOOTPRINT,nan,nan,nan,nan,0.000000
-0.150000,-0.150000,50.000000,0,TARGET_OVERLAPS_GO2_FOOTPRINT,nan,nan,nan,nan,0.000000
-0.150000,-0.150000,60.000000,0,TARGET_OVERLAPS_GO2_FOOTPRINT,nan,nan,nan,nan,0.000000
-0.150000,-0.150000,70.000000,0,TARGET_OVERLAPS_GO2_FOOTPRINT,nan,nan,nan,nan,0.000000
-0.150000,-0.150000,80.000000,0,TARGET_OVERLAPS_GO2_FOOTPRINT,nan,nan,nan,nan,0.000000
-0.100000,-0.150000,0.000000,0,TARGET_OVERLAPS_GO2_FOOTPRINT,nan,nan,nan,nan,0.000000
-0.100000,-0.150000,10.000000,0,TARGET_OVERLAPS_GO2_FOOTPRINT,nan,nan,nan,nan,0.000000
-0.100000,-0.150000,20.000000,0,TARGET_OVERLAPS_GO2_FOOTPRINT,nan,nan,nan,nan,0.000000
-0.100000,-0.150000,30.000000,0,TARGET_OVERLAPS_GO2_FOOTPRINT,nan,nan,nan,nan,0.000000
-0.100000,-0.150000,40.000000,0,TARGET_OVERLAPS_GO2_FOOTPRINT,nan,nan,nan,nan,0.000000
-0.100000,-0.150000,50.000000,0,TARGET_OVERLAPS_GO2_FOOTPRINT,nan,nan,nan,nan,0.000000
-0.100000,-0.150000,60.000000,0,TARGET_OVERLAPS_GO2_FOOTPRINT,nan,nan,nan,nan,0.000000
-0.100000,-0.150000,70.000000,0,TARGET_OVERLAPS_GO2_FOOTPRINT,nan,nan,nan,nan,0.000000
-0.100000,-0.150000,80.000000,0,TARGET_OVERLAPS_GO2_FOOTPRINT,nan,nan,nan,nan,0.000000
-0.050000,-0.150000,0.000000,0,TARGET_OVERLAPS_GO2_FOOTPRINT,nan,nan,nan,nan,0.000000
-0.050000,-0.150000,10.000000,0,TARGET_OVERLAPS_GO2_FOOTPRINT,nan,nan,nan,nan,0.000000
-0.050000,-0.150000,20.000000,0,TARGET_OVERLAPS_GO2_FOOTPRINT,nan,nan,nan,nan,0.000000
-0.050000,-0.150000,30.000000,0,TARGET_OVERLAPS_GO2_FOOTPRINT,nan,nan,nan,nan,0.000000
-0.050000,-0.150000,40.000000,0,TARGET_OVERLAPS_GO2_FOOTPRINT,nan,nan,nan,nan,0.000000
-0.050000,-0.150000,50.000000,0,TARGET_OVERLAPS_GO2_FOOTPRINT,nan,nan,nan,nan,0.000000
-0.050000,-0.150000,60.000000,0,TARGET_OVERLAPS_GO2_FOOTPRINT,nan,nan,nan,nan,0.000000
-0.050000,-0.150000,70.000000,0,TARGET_OVERLAPS_GO2_FOOTPRINT,nan,nan,nan,nan,0.000000
-0.050000,-0.150000,80.000000,0,TARGET_OVERLAPS_GO2_FOOTPRINT,nan,nan,nan,nan,0.000000
0.000000,-0.150000,0.000000,0,TARGET_OVERLAPS_GO2_FOOTPRINT,nan,nan,nan,nan,0.000000
0.000000,-0.150000,10.000000,0,TARGET_OVERLAPS_GO2_FOOTPRINT,nan,nan,nan,nan,0.000000
0.000000,-0.150000,20.000000,0,TARGET_OVERLAPS_GO2_FOOTPRINT,nan,nan,nan,nan,0.000000
0.000000,-0.150000,30.000000,0,TARGET_OVERLAPS_GO2_FOOTPRINT,nan,nan,nan,nan,0.000000
0.000000,-0.150000,40.000000,0,TARGET_OVERLAPS_GO2_FOOTPRINT,nan,nan,nan,nan,0.000000
0.000000,-0.150000,50.000000,0,TARGET_OVERLAPS_GO2_FOOTPRINT,nan,nan,nan,nan,0.000000
0.000000,-0.150000,60.000000,0,TARGET_OVERLAPS_GO2_FOOTPRINT,nan,nan,nan,nan,0.000000
0.000000,-0.150000,70.000000,0,TARGET_OVERLAPS_GO2_FOOTPRINT,nan,nan,nan,nan,0.000000
0.000000,-0.150000,80.000000,0,TARGET_OVERLAPS_GO2_FOOTPRINT,nan,nan,nan,nan,0.000000
0.050000,-0.150000,0.000000,0,TARGET_OVERLAPS_GO2_FOOTPRINT,nan,nan,nan,nan,0.000000
0.050000,-0.150000,10.000000,0,TARGET_OVERLAPS_GO2_FOOTPRINT,nan,nan,nan,nan,0.000000
0.050000,-0.150000,20.000000,0,TARGET_OVERLAPS_GO2_FOOTPRINT,nan,nan,nan,nan,0.000000
0.050000,-0.150000,30.000000,0,TARGET_OVERLAPS_GO2_FOOTPRINT,nan,nan,nan,nan,0.000000
0.050000,-0.150000,40.000000,0,TARGET_OVERLAPS_GO2_FOOTPRINT,nan,nan,nan,nan,0.000000
0.050000,-0.150000,50.000000,0,TARGET_OVERLAPS_GO2_FOOTPRINT,nan,nan,nan,nan,0.000000
0.050000,-0.150000,60.000000,0,TARGET_OVERLAPS_GO2_FOOTPRINT,nan,nan,nan,nan,0.000000
0.050000,-0.150000,70.000000,0,TARGET_OVERLAPS_GO2_FOOTPRINT,nan,nan,nan,nan,0.000000
0.050000,-0.150000,80.000000,0,TARGET_OVERLAPS_GO2_FOOTPRINT,nan,nan,nan,nan,0.000000
0.100000,-0.150000,0.000000,0,TARGET_OVERLAPS_GO2_FOOTPRINT,nan,nan,nan,nan,0.000000
0.100000,-0.150000,10.000000,0,TARGET_OVERLAPS_GO2_FOOTPRINT,nan,nan,nan,nan,0.000000
0.100000,-0.150000,20.000000,0,TARGET_OVERLAPS_GO2_FOOTPRINT,nan,nan,nan,nan,0.000000
0.100000,-0.150000,30.000000,0,TARGET_OVERLAPS_GO2_FOOTPRINT,nan,nan,nan,nan,0.000000
0.100000,-0.150000,40.000000,0,TARGET_OVERLAPS_GO2_FOOTPRINT,nan,nan,nan,nan,0.000000
0.100000,-0.150000,50.000000,0,TARGET_OVERLAPS_GO2_FOOTPRINT,nan,nan,nan,nan,0.000000
0.100000,-0.150000,60.000000,0,TARGET_OVERLAPS_GO2_FOOTPRINT,nan,nan,nan,nan,0.000000
0.100000,-0.150000,70.000000,0,TARGET_OVERLAPS_GO2_FOOTPRINT,nan,nan,nan,nan,0.000000
0.100000,-0.150000,80.000000,0,TARGET_OVERLAPS_GO2_FOOTPRINT,nan,nan,nan,nan,0.000000
0.150000,-0.150000,0.000000,0,TARGET_OVERLAPS_GO2_FOOTPRINT,nan,nan,nan,nan,0.000000
0.150000,-0.150000,10.000000,0,TARGET_OVERLAPS_GO2_FOOTPRINT,nan,nan,nan,nan,0.000000
0.150000,-0.150000,20.000000,0,TARGET_OVERLAPS_GO2_FOOTPRINT,nan,nan,nan,nan,0.000000
0.150000,-0.150000,30.000000,0,TARGET_OVERLAPS_GO2_FOOTPRINT,nan,nan,nan,nan,0.000000
0.150000,-0.150000,40.000000,0,TARGET_OVERLAPS_GO2_FOOTPRINT,nan,nan,nan,nan,0.000000
0.150000,-0.150000,50.000000,0,TARGET_OVERLAPS_GO2_FOOTPRINT,nan,nan,nan,nan,0.000000
0.150000,-0.150000,60.000000,0,TARGET_OVERLAPS_GO2_FOOTPRINT,nan,nan,nan,nan,0.000000
0.150000,-0.150000,70.000000,0,TARGET_OVERLAPS_GO2_FOOTPRINT,nan,nan,nan,nan,0.000000
0.150000,-0.150000,80.000000,0,TARGET_OVERLAPS_GO2_FOOTPRINT,nan,nan,nan,nan,0.000000
0.200000,-0.150000,0.000000,0,TARGET_OVERLAPS_GO2_FOOTPRINT,nan,nan,nan,nan,0.000000
0.200000,-0.150000,10.000000,0,TARGET_OVERLAPS_GO2_FOOTPRINT,nan,nan,nan,nan,0.000000
0.200000,-0.150000,20.000000,0,TARGET_OVERLAPS_GO2_FOOTPRINT,nan,nan,nan,nan,0.000000
0.200000,-0.150000,30.000000,0,TARGET_OVERLAPS_GO2_FOOTPRINT,nan,nan,nan,nan,0.000000
0.200000,-0.150000,40.000000,0,TARGET_OVERLAPS_GO2_FOOTPRINT,nan,nan,nan,nan,0.000000
0.200000,-0.150000,50.000000,0,TARGET_OVERLAPS_GO2_FOOTPRINT,nan,nan,nan,nan,0.000000
0.200000,-0.150000,60.000000,0,TARGET_OVERLAPS_GO2_FOOTPRINT,nan,nan,nan,nan,0.000000
0.200000,-0.150000,70.000000,0,TARGET_OVERLAPS_GO2_FOOTPRINT,nan,nan,nan,nan,0.000000
0.200000,-0.150000,80.000000,0,TARGET_OVERLAPS_GO2_FOOTPRINT,nan,nan,nan,nan,0.000000
0.250000,-0.150000,0.000000,0,TARGET_OVERLAPS_GO2_FOOTPRINT,nan,nan,nan,nan,0.000000
0.250000,-0.150000,10.000000,0,TARGET_OVERLAPS_GO2_FOOTPRINT,nan,nan,nan,nan,0.000000
0.250000,-0.150000,20.000000,0,TARGET_OVERLAPS_GO2_FOOTPRINT,nan,nan,nan,nan,0.000000
0.250000,-0.150000,30.000000,0,TARGET_OVERLAPS_GO2_FOOTPRINT,nan,nan,nan,nan,0.000000
0.250000,-0.150000,40.000000,0,TARGET_OVERLAPS_GO2_FOOTPRINT,nan,nan,nan,nan,0.000000
0.250000,-0.150000,50.000000,0,TARGET_OVERLAPS_GO2_FOOTPRINT,nan,nan,nan,nan,0.000000
0.250000,-0.150000,60.000000,0,TARGET_OVERLAPS_GO2_FOOTPRINT,nan,nan,nan,nan,0.000000
0.250000,-0.150000,70.000000,0,TARGET_OVERLAPS_GO2_FOOTPRINT,nan,nan,nan,nan,0.000000
0.250000,-0.150000,80.000000,0,TARGET_OVERLAPS_GO2_FOOTPRINT,nan,nan,nan,nan,0.000000
0.300000,-0.150000,0.000000,0,TARGET_OVERLAPS_GO2_FOOTPRINT,nan,nan,nan,nan,0.000000
0.300000,-0.150000,10.000000,0,TARGET_OVERLAPS_GO2_FOOTPRINT,nan,nan,nan,nan,0.000000
0.300000,-0.150000,20.000000,0,TARGET_OVERLAPS_GO2_FOOTPRINT,nan,nan,nan,nan,0.000000
0.300000,-0.150000,30.000000,0,TARGET_OVERLAPS_GO2_FOOTPRINT,nan,nan,nan,nan,0.000000
0.300000,-0.150000,40.000000,0,TARGET_OVERLAPS_GO2_FOOTPRINT,nan,nan,nan,nan,0.000000
0.300000,-0.150000,50.000000,0,TARGET_OVERLAPS_GO2_FOOTPRINT,nan,nan,nan,nan,0.000000
0.300000,-0.150000,60.000000,0,TARGET_OVERLAPS_GO2_FOOTPRINT,nan,nan,nan,nan,0.000000
0.300000,-0.150000,70.000000,0,TARGET_OVERLAPS_GO2_FOOTPRINT,nan,nan,nan,nan,0.000000
0.300000,-0.150000,80.000000,0,TARGET_OVERLAPS_GO2_FOOTPRINT,nan,nan,nan,nan,0.000000
0.350000,-0.150000,0.000000,0,TARGET_OVERLAPS_GO2_FOOTPRINT,nan,nan,nan,nan,0.000000
0.350000,-0.150000,10.000000,0,TARGET_OVERLAPS_GO2_FOOTPRINT,nan,nan,nan,nan,0.000000
0.350000,-0.150000,20.000000,0,TARGET_OVERLAPS_GO2_FOOTPRINT,nan,nan,nan,nan,0.000000
0.350000,-0.150000,30.000000,0,TARGET_OVERLAPS_GO2_FOOTPRINT,nan,nan,nan,nan,0.000000
0.350000,-0.150000,40.000000,0,TARGET_OVERLAPS_GO2_FOOTPRINT,nan,nan,nan,nan,0.000000
0.350000,-0.150000,50.000000,0,TARGET_OVERLAPS_GO2_FOOTPRINT,nan,nan,nan,nan,0.000000
0.350000,-0.150000,60.000000,0,TARGET_OVERLAPS_GO2_FOOTPRINT,nan,nan,nan,nan,0.000000
0.350000,-0.150000,70.000000,0,TARGET_OVERLAPS_GO2_FOOTPRINT,nan,nan,nan,nan,0.000000
0.350000,-0.150000,80.000000,0,TARGET_OVERLAPS_GO2_FOOTPRINT,nan,nan,nan,nan,0.000000
0.400000,-0.150000,0.000000,0,PREGRASP_DESCENT_OR_CARRY,nan,nan,nan,nan,0.000000
0.400000,-0.150000,10.000000,0,PREGRASP_DESCENT_OR_CARRY,nan,nan,nan,nan,0.000000
0.400000,-0.150000,20.000000,0,PREGRASP_DESCENT_OR_CARRY,nan,nan,nan,nan,0.000000
0.400000,-0.150000,30.000000,0,PREGRASP_DESCENT_OR_CARRY,nan,nan,nan,nan,0.000000
0.400000,-0.150000,40.000000,0,PREGRASP_DESCENT_OR_CARRY,nan,nan,nan,nan,0.000000
0.400000,-0.150000,50.000000,0,PREGRASP_DESCENT_OR_CARRY,nan,nan,nan,nan,0.000000
0.400000,-0.150000,60.000000,0,PREGRASP_DESCENT_OR_CARRY,nan,nan,nan,nan,0.000000
0.400000,-0.150000,70.000000,0,PREGRASP_DESCENT_OR_CARRY,nan,nan,nan,nan,0.000000
0.400000,-0.150000,80.000000,0,PREGRASP_DESCENT_OR_CARRY,nan,nan,nan,nan,0.000000
0.450000,-0.150000,0.000000,0,PREGRASP_DESCENT_OR_CARRY,nan,nan,nan,nan,0.000000
0.450000,-0.150000,10.000000,0,PREGRASP_DESCENT_OR_CARRY,nan,nan,nan,nan,0.000000
0.450000,-0.150000,20.000000,0,PREGRASP_DESCENT_OR_CARRY,nan,nan,nan,nan,0.000000
0.450000,-0.150000,30.000000,0,PREGRASP_DESCENT_OR_CARRY,nan,nan,nan,nan,0.000000
0.450000,-0.150000,40.000000,0,PREGRASP_DESCENT_OR_CARRY,nan,nan,nan,nan,0.000000
0.450000,-0.150000,50.000000,0,PREGRASP_DESCENT_OR_CARRY,nan,nan,nan,nan,0.000000
0.450000,-0.150000,60.000000,0,PREGRASP_DESCENT_OR_CARRY,nan,nan,nan,nan,0.000000
0.450000,-0.150000,70.000000,0,PREGRASP_DESCENT_OR_CARRY,nan,nan,nan,nan,0.000000
0.450000,-0.150000,80.000000,0,PREGRASP_DESCENT_OR_CARRY,nan,nan,nan,nan,0.000000
0.500000,-0.150000,0.000000,0,PREGRASP_DESCENT_OR_CARRY,nan,nan,nan,nan,0.000000
0.500000,-0.150000,10.000000,0,PREGRASP_DESCENT_OR_CARRY,nan,nan,nan,nan,0.000000
0.500000,-0.150000,20.000000,0,PREGRASP_DESCENT_OR_CARRY,nan,nan,nan,nan,0.000000
0.500000,-0.150000,30.000000,0,PREGRASP_DESCENT_OR_CARRY,nan,nan,nan,nan,0.000000
0.500000,-0.150000,40.000000,0,PREGRASP_DESCENT_OR_CARRY,nan,nan,nan,nan,0.000000
0.500000,-0.150000,50.000000,0,PREGRASP_DESCENT_OR_CARRY,nan,nan,nan,nan,0.000000
0.500000,-0.150000,60.000000,0,PREGRASP_DESCENT_OR_CARRY,nan,nan,nan,nan,0.000000
0.500000,-0.150000,70.000000,0,PREGRASP_DESCENT_OR_CARRY,nan,nan,nan,nan,0.000000
0.500000,-0.150000,80.000000,0,PREGRASP_DESCENT_OR_CARRY,nan,nan,nan,nan,0.000000
0.550000,-0.150000,0.000000,0,PREGRASP_DESCENT_OR_CARRY,nan,nan,nan,nan,0.000000
0.550000,-0.150000,10.000000,0,PREGRASP_DESCENT_OR_CARRY,nan,nan,nan,nan,0.000000
0.550000,-0.150000,20.000000,0,PREGRASP_DESCENT_OR_CARRY,nan,nan,nan,nan,0.000000
0.550000,-0.150000,30.000000,0,PREGRASP_DESCENT_OR_CARRY,nan,nan,nan,nan,0.000000
0.550000,-0.150000,40.000000,0,PREGRASP_DESCENT_OR_CARRY,nan,nan,nan,nan,0.000000
0.550000,-0.150000,50.000000,0,PREGRASP_DESCENT_OR_CARRY,nan,nan,nan,nan,0.000000
0.550000,-0.150000,60.000000,0,PREGRASP_DESCENT_OR_CARRY,nan,nan,nan,nan,0.000000
0.550000,-0.150000,70.000000,0,PREGRASP_DESCENT_OR_CARRY,nan,nan,nan,nan,0.000000
0.550000,-0.150000,80.000000,0,PREGRASP_DESCENT_OR_CARRY,nan,nan,nan,nan,0.000000
0.600000,-0.150000,0.000000,0,PLAN_TOP_OBSERVE,nan,nan,nan,nan,0.000000
0.600000,-0.150000,10.000000,0,PLAN_TOP_OBSERVE,nan,nan,nan,nan,0.000000
0.600000,-0.150000,20.000000,0,PLAN_TOP_OBSERVE,nan,nan,nan,nan,0.000000
0.600000,-0.150000,30.000000,0,PLAN_TOP_OBSERVE,nan,nan,nan,nan,0.000000
0.600000,-0.150000,40.000000,0,PLAN_TOP_OBSERVE,nan,nan,nan,nan,0.000000
0.600000,-0.150000,50.000000,0,PLAN_TOP_OBSERVE,nan,nan,nan,nan,0.000000
0.600000,-0.150000,60.000000,0,PLAN_TOP_OBSERVE,nan,nan,nan,nan,0.000000
0.600000,-0.150000,70.000000,0,PLAN_TOP_OBSERVE,nan,nan,nan,nan,0.000000
0.600000,-0.150000,80.000000,0,PLAN_TOP_OBSERVE,nan,nan,nan,nan,0.000000
0.650000,-0.150000,0.000000,0,PLAN_TOP_OBSERVE,nan,nan,nan,nan,0.000000
0.650000,-0.150000,10.000000,0,PLAN_TOP_OBSERVE,nan,nan,nan,nan,0.000000
0.650000,-0.150000,20.000000,0,PLAN_TOP_OBSERVE,nan,nan,nan,nan,0.000000
0.650000,-0.150000,30.000000,0,PLAN_TOP_OBSERVE,nan,nan,nan,nan,0.000000
0.650000,-0.150000,40.000000,0,PLAN_TOP_OBSERVE,nan,nan,nan,nan,0.000000
0.650000,-0.150000,50.000000,0,PLAN_TOP_OBSERVE,nan,nan,nan,nan,0.000000
0.650000,-0.150000,60.000000,0,PLAN_TOP_OBSERVE,nan,nan,nan,nan,0.000000
0.650000,-0.150000,70.000000,0,PLAN_TOP_OBSERVE,nan,nan,nan,nan,0.000000
0.650000,-0.150000,80.000000,0,PLAN_TOP_OBSERVE,nan,nan,nan,nan,0.000000
0.700000,-0.150000,0.000000,0,PLAN_TOP_OBSERVE,nan,nan,nan,nan,0.000000
0.700000,-0.150000,10.000000,0,PLAN_TOP_OBSERVE,nan,nan,nan,nan,0.000000
0.700000,-0.150000,20.000000,0,PLAN_TOP_OBSERVE,nan,nan,nan,nan,0.000000
0.700000,-0.150000,30.000000,0,PLAN_TOP_OBSERVE,nan,nan,nan,nan,0.000000
0.700000,-0.150000,40.000000,0,PLAN_TOP_OBSERVE,nan,nan,nan,nan,0.000000
0.700000,-0.150000,50.000000,0,PLAN_TOP_OBSERVE,nan,nan,nan,nan,0.000000
0.700000,-0.150000,60.000000,0,PLAN_TOP_OBSERVE,nan,nan,nan,nan,0.000000
0.700000,-0.150000,70.000000,0,PLAN_TOP_OBSERVE,nan,nan,nan,nan,0.000000
0.700000,-0.150000,80.000000,0,PLAN_TOP_OBSERVE,nan,nan,nan,nan,0.000000
-0.700000,-0.100000,0.000000,0,PLAN_TOP_OBSERVE,nan,nan,nan,nan,0.000000
-0.700000,-0.100000,10.000000,0,PLAN_TOP_OBSERVE,nan,nan,nan,nan,0.000000
-0.700000,-0.100000,20.000000,0,PLAN_TOP_OBSERVE,nan,nan,nan,nan,0.000000
-0.700000,-0.100000,30.000000,0,PLAN_TOP_OBSERVE,nan,nan,nan,nan,0.000000
-0.700000,-0.100000,40.000000,0,PLAN_TOP_OBSERVE,nan,nan,nan,nan,0.000000
-0.700000,-0.100000,50.000000,0,PLAN_TOP_OBSERVE,nan,nan,nan,nan,0.000000
-0.700000,-0.100000,60.000000,0,PLAN_TOP_OBSERVE,nan,nan,nan,nan,0.000000
-0.700000,-0.100000,70.000000,0,PLAN_TOP_OBSERVE,nan,nan,nan,nan,0.000000
-0.700000,-0.100000,80.000000,0,PLAN_TOP_OBSERVE,nan,nan,nan,nan,0.000000
-0.650000,-0.100000,0.000000,0,PLAN_TOP_OBSERVE,nan,nan,nan,nan,0.000000
-0.650000,-0.100000,10.000000,0,PLAN_TOP_OBSERVE,nan,nan,nan,nan,0.000000
-0.650000,-0.100000,20.000000,0,PLAN_TOP_OBSERVE,nan,nan,nan,nan,0.000000
-0.650000,-0.100000,30.000000,0,PLAN_TOP_OBSERVE,nan,nan,nan,nan,0.000000
-0.650000,-0.100000,40.000000,0,PLAN_TOP_OBSERVE,nan,nan,nan,nan,0.000000
-0.650000,-0.100000,50.000000,0,PLAN_TOP_OBSERVE,nan,nan,nan,nan,0.000000
-0.650000,-0.100000,60.000000,0,PLAN_TOP_OBSERVE,nan,nan,nan,nan,0.000000
-0.650000,-0.100000,70.000000,0,PLAN_TOP_OBSERVE,nan,nan,nan,nan,0.000000
-0.650000,-0.100000,80.000000,0,PLAN_TOP_OBSERVE,nan,nan,nan,nan,0.000000
-0.600000,-0.100000,0.000000,0,PLAN_TOP_OBSERVE,nan,nan,nan,nan,0.000000
-0.600000,-0.100000,10.000000,0,PLAN_TOP_OBSERVE,nan,nan,nan,nan,0.000000
-0.600000,-0.100000,20.000000,0,PLAN_TOP_OBSERVE,nan,nan,nan,nan,0.000000
-0.600000,-0.100000,30.000000,0,PLAN_TOP_OBSERVE,nan,nan,nan,nan,0.000000
-0.600000,-0.100000,40.000000,0,PLAN_TOP_OBSERVE,nan,nan,nan,nan,0.000000
-0.600000,-0.100000,50.000000,0,PLAN_TOP_OBSERVE,nan,nan,nan,nan,0.000000
-0.600000,-0.100000,60.000000,0,PLAN_TOP_OBSERVE,nan,nan,nan,nan,0.000000
-0.600000,-0.100000,70.000000,0,PLAN_TOP_OBSERVE,nan,nan,nan,nan,0.000000
-0.600000,-0.100000,80.000000,0,PLAN_TOP_OBSERVE,nan,nan,nan,nan,0.000000
-0.550000,-0.100000,0.000000,0,PLAN_TOP_OBSERVE,nan,nan,nan,nan,0.000000
-0.550000,-0.100000,10.000000,0,PLAN_TOP_OBSERVE,nan,nan,nan,nan,0.000000
-0.550000,-0.100000,20.000000,0,PLAN_TOP_OBSERVE,nan,nan,nan,nan,0.000000
-0.550000,-0.100000,30.000000,0,PLAN_TOP_OBSERVE,nan,nan,nan,nan,0.000000
-0.550000,-0.100000,40.000000,0,PLAN_TOP_OBSERVE,nan,nan,nan,nan,0.000000
-0.550000,-0.100000,50.000000,0,PLAN_TOP_OBSERVE,nan,nan,nan,nan,0.000000
-0.550000,-0.100000,60.000000,0,PLAN_TOP_OBSERVE,nan,nan,nan,nan,0.000000
-0.550000,-0.100000,70.000000,0,PLAN_TOP_OBSERVE,nan,nan,nan,nan,0.000000
-0.550000,-0.100000,80.000000,0,PLAN_TOP_OBSERVE,nan,nan,nan,nan,0.000000
-0.500000,-0.100000,0.000000,0,PREGRASP_DESCENT_OR_CARRY,nan,nan,nan,nan,0.000000
-0.500000,-0.100000,10.000000,0,PREGRASP_DESCENT_OR_CARRY,nan,nan,nan,nan,0.000000
-0.500000,-0.100000,20.000000,0,PREGRASP_DESCENT_OR_CARRY,nan,nan,nan,nan,0.000000
-0.500000,-0.100000,30.000000,0,PREGRASP_DESCENT_OR_CARRY,nan,nan,nan,nan,0.000000
-0.500000,-0.100000,40.000000,0,PREGRASP_DESCENT_OR_CARRY,nan,nan,nan,nan,0.000000
-0.500000,-0.100000,50.000000,0,PREGRASP_DESCENT_OR_CARRY,nan,nan,nan,nan,0.000000
-0.500000,-0.100000,60.000000,0,PREGRASP_DESCENT_OR_CARRY,nan,nan,nan,nan,0.000000
-0.500000,-0.100000,70.000000,0,PREGRASP_DESCENT_OR_CARRY,nan,nan,nan,nan,0.000000
-0.500000,-0.100000,80.000000,0,PREGRASP_DESCENT_OR_CARRY,nan,nan,nan,nan,0.000000
-0.450000,-0.100000,0.000000,0,TARGET_OVERLAPS_GO2_FOOTPRINT,nan,nan,nan,nan,0.000000
-0.450000,-0.100000,10.000000,0,TARGET_OVERLAPS_GO2_FOOTPRINT,nan,nan,nan,nan,0.000000
-0.450000,-0.100000,20.000000,0,TARGET_OVERLAPS_GO2_FOOTPRINT,nan,nan,nan,nan,0.000000
-0.450000,-0.100000,30.000000,0,TARGET_OVERLAPS_GO2_FOOTPRINT,nan,nan,nan,nan,0.000000
-0.450000,-0.100000,40.000000,0,TARGET_OVERLAPS_GO2_FOOTPRINT,nan,nan,nan,nan,0.000000
-0.450000,-0.100000,50.000000,0,TARGET_OVERLAPS_GO2_FOOTPRINT,nan,nan,nan,nan,0.000000
-0.450000,-0.100000,60.000000,0,TARGET_OVERLAPS_GO2_FOOTPRINT,nan,nan,nan,nan,0.000000
-0.450000,-0.100000,70.000000,0,TARGET_OVERLAPS_GO2_FOOTPRINT,nan,nan,nan,nan,0.000000
-0.450000,-0.100000,80.000000,0,TARGET_OVERLAPS_GO2_FOOTPRINT,nan,nan,nan,nan,0.000000
-0.400000,-0.100000,0.000000,0,TARGET_OVERLAPS_GO2_FOOTPRINT,nan,nan,nan,nan,0.000000
-0.400000,-0.100000,10.000000,0,TARGET_OVERLAPS_GO2_FOOTPRINT,nan,nan,nan,nan,0.000000
-0.400000,-0.100000,20.000000,0,TARGET_OVERLAPS_GO2_FOOTPRINT,nan,nan,nan,nan,0.000000
-0.400000,-0.100000,30.000000,0,TARGET_OVERLAPS_GO2_FOOTPRINT,nan,nan,nan,nan,0.000000
-0.400000,-0.100000,40.000000,0,TARGET_OVERLAPS_GO2_FOOTPRINT,nan,nan,nan,nan,0.000000
-0.400000,-0.100000,50.000000,0,TARGET_OVERLAPS_GO2_FOOTPRINT,nan,nan,nan,nan,0.000000
-0.400000,-0.100000,60.000000,0,TARGET_OVERLAPS_GO2_FOOTPRINT,nan,nan,nan,nan,0.000000
-0.400000,-0.100000,70.000000,0,TARGET_OVERLAPS_GO2_FOOTPRINT,nan,nan,nan,nan,0.000000
-0.400000,-0.100000,80.000000,0,TARGET_OVERLAPS_GO2_FOOTPRINT,nan,nan,nan,nan,0.000000
-0.350000,-0.100000,0.000000,0,TARGET_OVERLAPS_GO2_FOOTPRINT,nan,nan,nan,nan,0.000000
-0.350000,-0.100000,10.000000,0,TARGET_OVERLAPS_GO2_FOOTPRINT,nan,nan,nan,nan,0.000000
-0.350000,-0.100000,20.000000,0,TARGET_OVERLAPS_GO2_FOOTPRINT,nan,nan,nan,nan,0.000000
-0.350000,-0.100000,30.000000,0,TARGET_OVERLAPS_GO2_FOOTPRINT,nan,nan,nan,nan,0.000000
-0.350000,-0.100000,40.000000,0,TARGET_OVERLAPS_GO2_FOOTPRINT,nan,nan,nan,nan,0.000000
-0.350000,-0.100000,50.000000,0,TARGET_OVERLAPS_GO2_FOOTPRINT,nan,nan,nan,nan,0.000000
-0.350000,-0.100000,60.000000,0,TARGET_OVERLAPS_GO2_FOOTPRINT,nan,nan,nan,nan,0.000000
-0.350000,-0.100000,70.000000,0,TARGET_OVERLAPS_GO2_FOOTPRINT,nan,nan,nan,nan,0.000000
-0.350000,-0.100000,80.000000,0,TARGET_OVERLAPS_GO2_FOOTPRINT,nan,nan,nan,nan,0.000000
-0.300000,-0.100000,0.000000,0,TARGET_OVERLAPS_GO2_FOOTPRINT,nan,nan,nan,nan,0.000000
-0.300000,-0.100000,10.000000,0,TARGET_OVERLAPS_GO2_FOOTPRINT,nan,nan,nan,nan,0.000000
-0.300000,-0.100000,20.000000,0,TARGET_OVERLAPS_GO2_FOOTPRINT,nan,nan,nan,nan,0.000000
-0.300000,-0.100000,30.000000,0,TARGET_OVERLAPS_GO2_FOOTPRINT,nan,nan,nan,nan,0.000000
-0.300000,-0.100000,40.000000,0,TARGET_OVERLAPS_GO2_FOOTPRINT,nan,nan,nan,nan,0.000000
-0.300000,-0.100000,50.000000,0,TARGET_OVERLAPS_GO2_FOOTPRINT,nan,nan,nan,nan,0.000000
-0.300000,-0.100000,60.000000,0,TARGET_OVERLAPS_GO2_FOOTPRINT,nan,nan,nan,nan,0.000000
-0.300000,-0.100000,70.000000,0,TARGET_OVERLAPS_GO2_FOOTPRINT,nan,nan,nan,nan,0.000000
-0.300000,-0.100000,80.000000,0,TARGET_OVERLAPS_GO2_FOOTPRINT,nan,nan,nan,nan,0.000000
-0.250000,-0.100000,0.000000,0,TARGET_OVERLAPS_GO2_FOOTPRINT,nan,nan,nan,nan,0.000000
-0.250000,-0.100000,10.000000,0,TARGET_OVERLAPS_GO2_FOOTPRINT,nan,nan,nan,nan,0.000000
-0.250000,-0.100000,20.000000,0,TARGET_OVERLAPS_GO2_FOOTPRINT,nan,nan,nan,nan,0.000000
-0.250000,-0.100000,30.000000,0,TARGET_OVERLAPS_GO2_FOOTPRINT,nan,nan,nan,nan,0.000000
-0.250000,-0.100000,40.000000,0,TARGET_OVERLAPS_GO2_FOOTPRINT,nan,nan,nan,nan,0.000000
-0.250000,-0.100000,50.000000,0,TARGET_OVERLAPS_GO2_FOOTPRINT,nan,nan,nan,nan,0.000000
-0.250000,-0.100000,60.000000,0,TARGET_OVERLAPS_GO2_FOOTPRINT,nan,nan,nan,nan,0.000000
-0.250000,-0.100000,70.000000,0,TARGET_OVERLAPS_GO2_FOOTPRINT,nan,nan,nan,nan,0.000000
-0.250000,-0.100000,80.000000,0,TARGET_OVERLAPS_GO2_FOOTPRINT,nan,nan,nan,nan,0.000000
-0.200000,-0.100000,0.000000,0,TARGET_OVERLAPS_GO2_FOOTPRINT,nan,nan,nan,nan,0.000000
-0.200000,-0.100000,10.000000,0,TARGET_OVERLAPS_GO2_FOOTPRINT,nan,nan,nan,nan,0.000000
-0.200000,-0.100000,20.000000,0,TARGET_OVERLAPS_GO2_FOOTPRINT,nan,nan,nan,nan,0.000000
-0.200000,-0.100000,30.000000,0,TARGET_OVERLAPS_GO2_FOOTPRINT,nan,nan,nan,nan,0.000000
-0.200000,-0.100000,40.000000,0,TARGET_OVERLAPS_GO2_FOOTPRINT,nan,nan,nan,nan,0.000000
-0.200000,-0.100000,50.000000,0,TARGET_OVERLAPS_GO2_FOOTPRINT,nan,nan,nan,nan,0.000000
-0.200000,-0.100000,60.000000,0,TARGET_OVERLAPS_GO2_FOOTPRINT,nan,nan,nan,nan,0.000000
-0.200000,-0.100000,70.000000,0,TARGET_OVERLAPS_GO2_FOOTPRINT,nan,nan,nan,nan,0.000000
-0.200000,-0.100000,80.000000,0,TARGET_OVERLAPS_GO2_FOOTPRINT,nan,nan,nan,nan,0.000000
-0.150000,-0.100000,0.000000,0,TARGET_OVERLAPS_GO2_FOOTPRINT,nan,nan,nan,nan,0.000000
-0.150000,-0.100000,10.000000,0,TARGET_OVERLAPS_GO2_FOOTPRINT,nan,nan,nan,nan,0.000000
-0.150000,-0.100000,20.000000,0,TARGET_OVERLAPS_GO2_FOOTPRINT,nan,nan,nan,nan,0.000000
-0.150000,-0.100000,30.000000,0,TARGET_OVERLAPS_GO2_FOOTPRINT,nan,nan,nan,nan,0.000000
-0.150000,-0.100000,40.000000,0,TARGET_OVERLAPS_GO2_FOOTPRINT,nan,nan,nan,nan,0.000000
-0.150000,-0.100000,50.000000,0,TARGET_OVERLAPS_GO2_FOOTPRINT,nan,nan,nan,nan,0.000000
-0.150000,-0.100000,60.000000,0,TARGET_OVERLAPS_GO2_FOOTPRINT,nan,nan,nan,nan,0.000000
-0.150000,-0.100000,70.000000,0,TARGET_OVERLAPS_GO2_FOOTPRINT,nan,nan,nan,nan,0.000000
-0.150000,-0.100000,80.000000,0,TARGET_OVERLAPS_GO2_FOOTPRINT,nan,nan,nan,nan,0.000000
-0.100000,-0.100000,0.000000,0,TARGET_OVERLAPS_GO2_FOOTPRINT,nan,nan,nan,nan,0.000000
-0.100000,-0.100000,10.000000,0,TARGET_OVERLAPS_GO2_FOOTPRINT,nan,nan,nan,nan,0.000000
-0.100000,-0.100000,20.000000,0,TARGET_OVERLAPS_GO2_FOOTPRINT,nan,nan,nan,nan,0.000000
-0.100000,-0.100000,30.000000,0,TARGET_OVERLAPS_GO2_FOOTPRINT,nan,nan,nan,nan,0.000000
-0.100000,-0.100000,40.000000,0,TARGET_OVERLAPS_GO2_FOOTPRINT,nan,nan,nan,nan,0.000000
-0.100000,-0.100000,50.000000,0,TARGET_OVERLAPS_GO2_FOOTPRINT,nan,nan,nan,nan,0.000000
-0.100000,-0.100000,60.000000,0,TARGET_OVERLAPS_GO2_FOOTPRINT,nan,nan,nan,nan,0.000000
-0.100000,-0.100000,70.000000,0,TARGET_OVERLAPS_GO2_FOOTPRINT,nan,nan,nan,nan,0.000000
-0.100000,-0.100000,80.000000,0,TARGET_OVERLAPS_GO2_FOOTPRINT,nan,nan,nan,nan,0.000000
-0.050000,-0.100000,0.000000,0,TARGET_OVERLAPS_GO2_FOOTPRINT,nan,nan,nan,nan,0.000000
-0.050000,-0.100000,10.000000,0,TARGET_OVERLAPS_GO2_FOOTPRINT,nan,nan,nan,nan,0.000000
-0.050000,-0.100000,20.000000,0,TARGET_OVERLAPS_GO2_FOOTPRINT,nan,nan,nan,nan,0.000000
-0.050000,-0.100000,30.000000,0,TARGET_OVERLAPS_GO2_FOOTPRINT,nan,nan,nan,nan,0.000000
-0.050000,-0.100000,40.000000,0,TARGET_OVERLAPS_GO2_FOOTPRINT,nan,nan,nan,nan,0.000000
-0.050000,-0.100000,50.000000,0,TARGET_OVERLAPS_GO2_FOOTPRINT,nan,nan,nan,nan,0.000000
-0.050000,-0.100000,60.000000,0,TARGET_OVERLAPS_GO2_FOOTPRINT,nan,nan,nan,nan,0.000000
-0.050000,-0.100000,70.000000,0,TARGET_OVERLAPS_GO2_FOOTPRINT,nan,nan,nan,nan,0.000000
-0.050000,-0.100000,80.000000,0,TARGET_OVERLAPS_GO2_FOOTPRINT,nan,nan,nan,nan,0.000000
0.000000,-0.100000,0.000000,0,TARGET_OVERLAPS_GO2_FOOTPRINT,nan,nan,nan,nan,0.000000
0.000000,-0.100000,10.000000,0,TARGET_OVERLAPS_GO2_FOOTPRINT,nan,nan,nan,nan,0.000000
0.000000,-0.100000,20.000000,0,TARGET_OVERLAPS_GO2_FOOTPRINT,nan,nan,nan,nan,0.000000
0.000000,-0.100000,30.000000,0,TARGET_OVERLAPS_GO2_FOOTPRINT,nan,nan,nan,nan,0.000000
0.000000,-0.100000,40.000000,0,TARGET_OVERLAPS_GO2_FOOTPRINT,nan,nan,nan,nan,0.000000
0.000000,-0.100000,50.000000,0,TARGET_OVERLAPS_GO2_FOOTPRINT,nan,nan,nan,nan,0.000000
0.000000,-0.100000,60.000000,0,TARGET_OVERLAPS_GO2_FOOTPRINT,nan,nan,nan,nan,0.000000
0.000000,-0.100000,70.000000,0,TARGET_OVERLAPS_GO2_FOOTPRINT,nan,nan,nan,nan,0.000000
0.000000,-0.100000,80.000000,0,TARGET_OVERLAPS_GO2_FOOTPRINT,nan,nan,nan,nan,0.000000
0.050000,-0.100000,0.000000,0,TARGET_OVERLAPS_GO2_FOOTPRINT,nan,nan,nan,nan,0.000000
0.050000,-0.100000,10.000000,0,TARGET_OVERLAPS_GO2_FOOTPRINT,nan,nan,nan,nan,0.000000
0.050000,-0.100000,20.000000,0,TARGET_OVERLAPS_GO2_FOOTPRINT,nan,nan,nan,nan,0.000000
0.050000,-0.100000,30.000000,0,TARGET_OVERLAPS_GO2_FOOTPRINT,nan,nan,nan,nan,0.000000
0.050000,-0.100000,40.000000,0,TARGET_OVERLAPS_GO2_FOOTPRINT,nan,nan,nan,nan,0.000000
0.050000,-0.100000,50.000000,0,TARGET_OVERLAPS_GO2_FOOTPRINT,nan,nan,nan,nan,0.000000
0.050000,-0.100000,60.000000,0,TARGET_OVERLAPS_GO2_FOOTPRINT,nan,nan,nan,nan,0.000000
0.050000,-0.100000,70.000000,0,TARGET_OVERLAPS_GO2_FOOTPRINT,nan,nan,nan,nan,0.000000
0.050000,-0.100000,80.000000,0,TARGET_OVERLAPS_GO2_FOOTPRINT,nan,nan,nan,nan,0.000000
0.100000,-0.100000,0.000000,0,TARGET_OVERLAPS_GO2_FOOTPRINT,nan,nan,nan,nan,0.000000
0.100000,-0.100000,10.000000,0,TARGET_OVERLAPS_GO2_FOOTPRINT,nan,nan,nan,nan,0.000000
0.100000,-0.100000,20.000000,0,TARGET_OVERLAPS_GO2_FOOTPRINT,nan,nan,nan,nan,0.000000
0.100000,-0.100000,30.000000,0,TARGET_OVERLAPS_GO2_FOOTPRINT,nan,nan,nan,nan,0.000000
0.100000,-0.100000,40.000000,0,TARGET_OVERLAPS_GO2_FOOTPRINT,nan,nan,nan,nan,0.000000
0.100000,-0.100000,50.000000,0,TARGET_OVERLAPS_GO2_FOOTPRINT,nan,nan,nan,nan,0.000000
0.100000,-0.100000,60.000000,0,TARGET_OVERLAPS_GO2_FOOTPRINT,nan,nan,nan,nan,0.000000
0.100000,-0.100000,70.000000,0,TARGET_OVERLAPS_GO2_FOOTPRINT,nan,nan,nan,nan,0.000000
0.100000,-0.100000,80.000000,0,TARGET_OVERLAPS_GO2_FOOTPRINT,nan,nan,nan,nan,0.000000
0.150000,-0.100000,0.000000,0,TARGET_OVERLAPS_GO2_FOOTPRINT,nan,nan,nan,nan,0.000000
0.150000,-0.100000,10.000000,0,TARGET_OVERLAPS_GO2_FOOTPRINT,nan,nan,nan,nan,0.000000
0.150000,-0.100000,20.000000,0,TARGET_OVERLAPS_GO2_FOOTPRINT,nan,nan,nan,nan,0.000000
0.150000,-0.100000,30.000000,0,TARGET_OVERLAPS_GO2_FOOTPRINT,nan,nan,nan,nan,0.000000
0.150000,-0.100000,40.000000,0,TARGET_OVERLAPS_GO2_FOOTPRINT,nan,nan,nan,nan,0.000000
0.150000,-0.100000,50.000000,0,TARGET_OVERLAPS_GO2_FOOTPRINT,nan,nan,nan,nan,0.000000
0.150000,-0.100000,60.000000,0,TARGET_OVERLAPS_GO2_FOOTPRINT,nan,nan,nan,nan,0.000000
0.150000,-0.100000,70.000000,0,TARGET_OVERLAPS_GO2_FOOTPRINT,nan,nan,nan,nan,0.000000
0.150000,-0.100000,80.000000,0,TARGET_OVERLAPS_GO2_FOOTPRINT,nan,nan,nan,nan,0.000000
0.200000,-0.100000,0.000000,0,TARGET_OVERLAPS_GO2_FOOTPRINT,nan,nan,nan,nan,0.000000
0.200000,-0.100000,10.000000,0,TARGET_OVERLAPS_GO2_FOOTPRINT,nan,nan,nan,nan,0.000000
0.200000,-0.100000,20.000000,0,TARGET_OVERLAPS_GO2_FOOTPRINT,nan,nan,nan,nan,0.000000
0.200000,-0.100000,30.000000,0,TARGET_OVERLAPS_GO2_FOOTPRINT,nan,nan,nan,nan,0.000000
0.200000,-0.100000,40.000000,0,TARGET_OVERLAPS_GO2_FOOTPRINT,nan,nan,nan,nan,0.000000
0.200000,-0.100000,50.000000,0,TARGET_OVERLAPS_GO2_FOOTPRINT,nan,nan,nan,nan,0.000000
0.200000,-0.100000,60.000000,0,TARGET_OVERLAPS_GO2_FOOTPRINT,nan,nan,nan,nan,0.000000
0.200000,-0.100000,70.000000,0,TARGET_OVERLAPS_GO2_FOOTPRINT,nan,nan,nan,nan,0.000000
0.200000,-0.100000,80.000000,0,TARGET_OVERLAPS_GO2_FOOTPRINT,nan,nan,nan,nan,0.000000
0.250000,-0.100000,0.000000,0,TARGET_OVERLAPS_GO2_FOOTPRINT,nan,nan,nan,nan,0.000000
0.250000,-0.100000,10.000000,0,TARGET_OVERLAPS_GO2_FOOTPRINT,nan,nan,nan,nan,0.000000
0.250000,-0.100000,20.000000,0,TARGET_OVERLAPS_GO2_FOOTPRINT,nan,nan,nan,nan,0.000000
0.250000,-0.100000,30.000000,0,TARGET_OVERLAPS_GO2_FOOTPRINT,nan,nan,nan,nan,0.000000
0.250000,-0.100000,40.000000,0,TARGET_OVERLAPS_GO2_FOOTPRINT,nan,nan,nan,nan,0.000000
0.250000,-0.100000,50.000000,0,TARGET_OVERLAPS_GO2_FOOTPRINT,nan,nan,nan,nan,0.000000
0.250000,-0.100000,60.000000,0,TARGET_OVERLAPS_GO2_FOOTPRINT,nan,nan,nan,nan,0.000000
0.250000,-0.100000,70.000000,0,TARGET_OVERLAPS_GO2_FOOTPRINT,nan,nan,nan,nan,0.000000
0.250000,-0.100000,80.000000,0,TARGET_OVERLAPS_GO2_FOOTPRINT,nan,nan,nan,nan,0.000000
0.300000,-0.100000,0.000000,0,TARGET_OVERLAPS_GO2_FOOTPRINT,nan,nan,nan,nan,0.000000
0.300000,-0.100000,10.000000,0,TARGET_OVERLAPS_GO2_FOOTPRINT,nan,nan,nan,nan,0.000000
0.300000,-0.100000,20.000000,0,TARGET_OVERLAPS_GO2_FOOTPRINT,nan,nan,nan,nan,0.000000
0.300000,-0.100000,30.000000,0,TARGET_OVERLAPS_GO2_FOOTPRINT,nan,nan,nan,nan,0.000000
0.300000,-0.100000,40.000000,0,TARGET_OVERLAPS_GO2_FOOTPRINT,nan,nan,nan,nan,0.000000
0.300000,-0.100000,50.000000,0,TARGET_OVERLAPS_GO2_FOOTPRINT,nan,nan,nan,nan,0.000000
0.300000,-0.100000,60.000000,0,TARGET_OVERLAPS_GO2_FOOTPRINT,nan,nan,nan,nan,0.000000
0.300000,-0.100000,70.000000,0,TARGET_OVERLAPS_GO2_FOOTPRINT,nan,nan,nan,nan,0.000000
0.300000,-0.100000,80.000000,0,TARGET_OVERLAPS_GO2_FOOTPRINT,nan,nan,nan,nan,0.000000
0.350000,-0.100000,0.000000,0,TARGET_OVERLAPS_GO2_FOOTPRINT,nan,nan,nan,nan,0.000000
0.350000,-0.100000,10.000000,0,TARGET_OVERLAPS_GO2_FOOTPRINT,nan,nan,nan,nan,0.000000
0.350000,-0.100000,20.000000,0,TARGET_OVERLAPS_GO2_FOOTPRINT,nan,nan,nan,nan,0.000000
0.350000,-0.100000,30.000000,0,TARGET_OVERLAPS_GO2_FOOTPRINT,nan,nan,nan,nan,0.000000
0.350000,-0.100000,40.000000,0,TARGET_OVERLAPS_GO2_FOOTPRINT,nan,nan,nan,nan,0.000000
0.350000,-0.100000,50.000000,0,TARGET_OVERLAPS_GO2_FOOTPRINT,nan,nan,nan,nan,0.000000
0.350000,-0.100000,60.000000,0,TARGET_OVERLAPS_GO2_FOOTPRINT,nan,nan,nan,nan,0.000000
0.350000,-0.100000,70.000000,0,TARGET_OVERLAPS_GO2_FOOTPRINT,nan,nan,nan,nan,0.000000
0.350000,-0.100000,80.000000,0,TARGET_OVERLAPS_GO2_FOOTPRINT,nan,nan,nan,nan,0.000000
0.400000,-0.100000,0.000000,0,PREGRASP_DESCENT_OR_CARRY,nan,nan,nan,nan,0.000000
0.400000,-0.100000,10.000000,0,PREGRASP_DESCENT_OR_CARRY,nan,nan,nan,nan,0.000000
0.400000,-0.100000,20.000000,0,PREGRASP_DESCENT_OR_CARRY,nan,nan,nan,nan,0.000000
0.400000,-0.100000,30.000000,0,PREGRASP_DESCENT_OR_CARRY,nan,nan,nan,nan,0.000000
0.400000,-0.100000,40.000000,0,PREGRASP_DESCENT_OR_CARRY,nan,nan,nan,nan,0.000000
0.400000,-0.100000,50.000000,0,PREGRASP_DESCENT_OR_CARRY,nan,nan,nan,nan,0.000000
0.400000,-0.100000,60.000000,0,PREGRASP_DESCENT_OR_CARRY,nan,nan,nan,nan,0.000000
0.400000,-0.100000,70.000000,0,PREGRASP_DESCENT_OR_CARRY,nan,nan,nan,nan,0.000000
0.400000,-0.100000,80.000000,0,PREGRASP_DESCENT_OR_CARRY,nan,nan,nan,nan,0.000000
0.450000,-0.100000,0.000000,1,NONE,0.080000,-0.032000,90.000000,-4.000000,0.031194
0.450000,-0.100000,10.000000,1,NONE,0.080000,-0.032000,100.000000,-4.000000,0.031648
0.450000,-0.100000,20.000000,1,NONE,0.080000,-0.024000,110.000000,-4.000000,0.039622
0.450000,-0.100000,30.000000,1,NONE,0.080000,-0.024000,120.000000,-4.000000,0.036400
0.450000,-0.100000,40.000000,1,NONE,0.080000,-0.024000,-140.000000,4.000000,0.076378
0.450000,-0.100000,50.000000,1,NONE,0.080000,-0.032000,-130.000000,4.000000,0.062200
0.450000,-0.100000,60.000000,1,NONE,0.080000,-0.032000,60.000000,-4.000000,0.044550
0.450000,-0.100000,70.000000,1,NONE,0.080000,-0.032000,70.000000,-4.000000,0.042371
0.450000,-0.100000,80.000000,1,NONE,0.080000,-0.032000,80.000000,-4.000000,0.034365
0.500000,-0.100000,0.000000,0,PREGRASP_DESCENT_OR_CARRY,nan,nan,nan,nan,0.000000
0.500000,-0.100000,10.000000,0,PREGRASP_DESCENT_OR_CARRY,nan,nan,nan,nan,0.000000
0.500000,-0.100000,20.000000,0,PREGRASP_DESCENT_OR_CARRY,nan,nan,nan,nan,0.000000
0.500000,-0.100000,30.000000,0,PREGRASP_DESCENT_OR_CARRY,nan,nan,nan,nan,0.000000
0.500000,-0.100000,40.000000,0,PREGRASP_DESCENT_OR_CARRY,nan,nan,nan,nan,0.000000
0.500000,-0.100000,50.000000,0,PREGRASP_DESCENT_OR_CARRY,nan,nan,nan,nan,0.000000
0.500000,-0.100000,60.000000,0,PREGRASP_DESCENT_OR_CARRY,nan,nan,nan,nan,0.000000
0.500000,-0.100000,70.000000,0,PREGRASP_DESCENT_OR_CARRY,nan,nan,nan,nan,0.000000
0.500000,-0.100000,80.000000,0,PREGRASP_DESCENT_OR_CARRY,nan,nan,nan,nan,0.000000
0.550000,-0.100000,0.000000,0,PREGRASP_DESCENT_OR_CARRY,nan,nan,nan,nan,0.000000
0.550000,-0.100000,10.000000,0,PREGRASP_DESCENT_OR_CARRY,nan,nan,nan,nan,0.000000
0.550000,-0.100000,20.000000,0,PREGRASP_DESCENT_OR_CARRY,nan,nan,nan,nan,0.000000
0.550000,-0.100000,30.000000,0,PREGRASP_DESCENT_OR_CARRY,nan,nan,nan,nan,0.000000
0.550000,-0.100000,40.000000,0,PREGRASP_DESCENT_OR_CARRY,nan,nan,nan,nan,0.000000
0.550000,-0.100000,50.000000,0,PREGRASP_DESCENT_OR_CARRY,nan,nan,nan,nan,0.000000
0.550000,-0.100000,60.000000,0,PREGRASP_DESCENT_OR_CARRY,nan,nan,nan,nan,0.000000
0.550000,-0.100000,70.000000,0,PREGRASP_DESCENT_OR_CARRY,nan,nan,nan,nan,0.000000
0.550000,-0.100000,80.000000,0,PREGRASP_DESCENT_OR_CARRY,nan,nan,nan,nan,0.000000
0.600000,-0.100000,0.000000,0,PLAN_TOP_OBSERVE,nan,nan,nan,nan,0.000000
0.600000,-0.100000,10.000000,0,PLAN_TOP_OBSERVE,nan,nan,nan,nan,0.000000
0.600000,-0.100000,20.000000,0,PLAN_TOP_OBSERVE,nan,nan,nan,nan,0.000000
0.600000,-0.100000,30.000000,0,PLAN_TOP_OBSERVE,nan,nan,nan,nan,0.000000
0.600000,-0.100000,40.000000,0,PLAN_TOP_OBSERVE,nan,nan,nan,nan,0.000000
0.600000,-0.100000,50.000000,0,PLAN_TOP_OBSERVE,nan,nan,nan,nan,0.000000
0.600000,-0.100000,60.000000,0,PLAN_TOP_OBSERVE,nan,nan,nan,nan,0.000000
0.600000,-0.100000,70.000000,0,PLAN_TOP_OBSERVE,nan,nan,nan,nan,0.000000
0.600000,-0.100000,80.000000,0,PLAN_TOP_OBSERVE,nan,nan,nan,nan,0.000000
0.650000,-0.100000,0.000000,0,PLAN_TOP_OBSERVE,nan,nan,nan,nan,0.000000
0.650000,-0.100000,10.000000,0,PLAN_TOP_OBSERVE,nan,nan,nan,nan,0.000000
0.650000,-0.100000,20.000000,0,PLAN_TOP_OBSERVE,nan,nan,nan,nan,0.000000
0.650000,-0.100000,30.000000,0,PLAN_TOP_OBSERVE,nan,nan,nan,nan,0.000000
0.650000,-0.100000,40.000000,0,PLAN_TOP_OBSERVE,nan,nan,nan,nan,0.000000
0.650000,-0.100000,50.000000,0,PLAN_TOP_OBSERVE,nan,nan,nan,nan,0.000000
0.650000,-0.100000,60.000000,0,PLAN_TOP_OBSERVE,nan,nan,nan,nan,0.000000
0.650000,-0.100000,70.000000,0,PLAN_TOP_OBSERVE,nan,nan,nan,nan,0.000000
0.650000,-0.100000,80.000000,0,PLAN_TOP_OBSERVE,nan,nan,nan,nan,0.000000
0.700000,-0.100000,0.000000,0,PLAN_TOP_OBSERVE,nan,nan,nan,nan,0.000000
0.700000,-0.100000,10.000000,0,PLAN_TOP_OBSERVE,nan,nan,nan,nan,0.000000
0.700000,-0.100000,20.000000,0,PLAN_TOP_OBSERVE,nan,nan,nan,nan,0.000000
0.700000,-0.100000,30.000000,0,PLAN_TOP_OBSERVE,nan,nan,nan,nan,0.000000
0.700000,-0.100000,40.000000,0,PLAN_TOP_OBSERVE,nan,nan,nan,nan,0.000000
0.700000,-0.100000,50.000000,0,PLAN_TOP_OBSERVE,nan,nan,nan,nan,0.000000
0.700000,-0.100000,60.000000,0,PLAN_TOP_OBSERVE,nan,nan,nan,nan,0.000000
0.700000,-0.100000,70.000000,0,PLAN_TOP_OBSERVE,nan,nan,nan,nan,0.000000
0.700000,-0.100000,80.000000,0,PLAN_TOP_OBSERVE,nan,nan,nan,nan,0.000000
-0.700000,-0.050000,0.000000,0,PLAN_TOP_OBSERVE,nan,nan,nan,nan,0.000000
-0.700000,-0.050000,10.000000,0,PLAN_TOP_OBSERVE,nan,nan,nan,nan,0.000000
-0.700000,-0.050000,20.000000,0,PLAN_TOP_OBSERVE,nan,nan,nan,nan,0.000000
-0.700000,-0.050000,30.000000,0,PLAN_TOP_OBSERVE,nan,nan,nan,nan,0.000000
-0.700000,-0.050000,40.000000,0,PLAN_TOP_OBSERVE,nan,nan,nan,nan,0.000000
-0.700000,-0.050000,50.000000,0,PLAN_TOP_OBSERVE,nan,nan,nan,nan,0.000000
-0.700000,-0.050000,60.000000,0,PLAN_TOP_OBSERVE,nan,nan,nan,nan,0.000000
-0.700000,-0.050000,70.000000,0,PLAN_TOP_OBSERVE,nan,nan,nan,nan,0.000000
-0.700000,-0.050000,80.000000,0,PLAN_TOP_OBSERVE,nan,nan,nan,nan,0.000000
-0.650000,-0.050000,0.000000,0,PLAN_TOP_OBSERVE,nan,nan,nan,nan,0.000000
-0.650000,-0.050000,10.000000,0,PLAN_TOP_OBSERVE,nan,nan,nan,nan,0.000000
-0.650000,-0.050000,20.000000,0,PLAN_TOP_OBSERVE,nan,nan,nan,nan,0.000000
-0.650000,-0.050000,30.000000,0,PLAN_TOP_OBSERVE,nan,nan,nan,nan,0.000000
-0.650000,-0.050000,40.000000,0,PLAN_TOP_OBSERVE,nan,nan,nan,nan,0.000000
-0.650000,-0.050000,50.000000,0,PLAN_TOP_OBSERVE,nan,nan,nan,nan,0.000000
-0.650000,-0.050000,60.000000,0,PLAN_TOP_OBSERVE,nan,nan,nan,nan,0.000000
-0.650000,-0.050000,70.000000,0,PLAN_TOP_OBSERVE,nan,nan,nan,nan,0.000000
-0.650000,-0.050000,80.000000,0,PLAN_TOP_OBSERVE,nan,nan,nan,nan,0.000000
-0.600000,-0.050000,0.000000,0,PLAN_TOP_OBSERVE,nan,nan,nan,nan,0.000000
-0.600000,-0.050000,10.000000,0,PLAN_TOP_OBSERVE,nan,nan,nan,nan,0.000000
-0.600000,-0.050000,20.000000,0,PLAN_TOP_OBSERVE,nan,nan,nan,nan,0.000000
-0.600000,-0.050000,30.000000,0,PLAN_TOP_OBSERVE,nan,nan,nan,nan,0.000000
-0.600000,-0.050000,40.000000,0,PLAN_TOP_OBSERVE,nan,nan,nan,nan,0.000000
-0.600000,-0.050000,50.000000,0,PLAN_TOP_OBSERVE,nan,nan,nan,nan,0.000000
-0.600000,-0.050000,60.000000,0,PLAN_TOP_OBSERVE,nan,nan,nan,nan,0.000000
-0.600000,-0.050000,70.000000,0,PLAN_TOP_OBSERVE,nan,nan,nan,nan,0.000000
-0.600000,-0.050000,80.000000,0,PLAN_TOP_OBSERVE,nan,nan,nan,nan,0.000000
-0.550000,-0.050000,0.000000,0,PLAN_TOP_OBSERVE,nan,nan,nan,nan,0.000000
-0.550000,-0.050000,10.000000,0,PLAN_TOP_OBSERVE,nan,nan,nan,nan,0.000000
-0.550000,-0.050000,20.000000,0,PLAN_TOP_OBSERVE,nan,nan,nan,nan,0.000000
-0.550000,-0.050000,30.000000,0,PLAN_TOP_OBSERVE,nan,nan,nan,nan,0.000000
-0.550000,-0.050000,40.000000,0,PLAN_TOP_OBSERVE,nan,nan,nan,nan,0.000000
-0.550000,-0.050000,50.000000,0,PLAN_TOP_OBSERVE,nan,nan,nan,nan,0.000000
-0.550000,-0.050000,60.000000,0,PLAN_TOP_OBSERVE,nan,nan,nan,nan,0.000000
-0.550000,-0.050000,70.000000,0,PLAN_TOP_OBSERVE,nan,nan,nan,nan,0.000000
-0.550000,-0.050000,80.000000,0,PLAN_TOP_OBSERVE,nan,nan,nan,nan,0.000000
-0.500000,-0.050000,0.000000,0,PLAN_TOP_OBSERVE,nan,nan,nan,nan,0.000000
-0.500000,-0.050000,10.000000,0,PLAN_TOP_OBSERVE,nan,nan,nan,nan,0.000000
-0.500000,-0.050000,20.000000,0,PLAN_TOP_OBSERVE,nan,nan,nan,nan,0.000000
-0.500000,-0.050000,30.000000,0,PLAN_TOP_OBSERVE,nan,nan,nan,nan,0.000000
-0.500000,-0.050000,40.000000,0,PLAN_TOP_OBSERVE,nan,nan,nan,nan,0.000000
-0.500000,-0.050000,50.000000,0,PLAN_TOP_OBSERVE,nan,nan,nan,nan,0.000000
-0.500000,-0.050000,60.000000,0,PLAN_TOP_OBSERVE,nan,nan,nan,nan,0.000000
-0.500000,-0.050000,70.000000,0,PLAN_TOP_OBSERVE,nan,nan,nan,nan,0.000000
-0.500000,-0.050000,80.000000,0,PLAN_TOP_OBSERVE,nan,nan,nan,nan,0.000000
-0.450000,-0.050000,0.000000,0,TARGET_OVERLAPS_GO2_FOOTPRINT,nan,nan,nan,nan,0.000000
-0.450000,-0.050000,10.000000,0,TARGET_OVERLAPS_GO2_FOOTPRINT,nan,nan,nan,nan,0.000000
-0.450000,-0.050000,20.000000,0,TARGET_OVERLAPS_GO2_FOOTPRINT,nan,nan,nan,nan,0.000000
-0.450000,-0.050000,30.000000,0,TARGET_OVERLAPS_GO2_FOOTPRINT,nan,nan,nan,nan,0.000000
-0.450000,-0.050000,40.000000,0,TARGET_OVERLAPS_GO2_FOOTPRINT,nan,nan,nan,nan,0.000000
-0.450000,-0.050000,50.000000,0,TARGET_OVERLAPS_GO2_FOOTPRINT,nan,nan,nan,nan,0.000000
-0.450000,-0.050000,60.000000,0,TARGET_OVERLAPS_GO2_FOOTPRINT,nan,nan,nan,nan,0.000000
-0.450000,-0.050000,70.000000,0,TARGET_OVERLAPS_GO2_FOOTPRINT,nan,nan,nan,nan,0.000000
-0.450000,-0.050000,80.000000,0,TARGET_OVERLAPS_GO2_FOOTPRINT,nan,nan,nan,nan,0.000000
-0.400000,-0.050000,0.000000,0,TARGET_OVERLAPS_GO2_FOOTPRINT,nan,nan,nan,nan,0.000000
-0.400000,-0.050000,10.000000,0,TARGET_OVERLAPS_GO2_FOOTPRINT,nan,nan,nan,nan,0.000000
-0.400000,-0.050000,20.000000,0,TARGET_OVERLAPS_GO2_FOOTPRINT,nan,nan,nan,nan,0.000000
-0.400000,-0.050000,30.000000,0,TARGET_OVERLAPS_GO2_FOOTPRINT,nan,nan,nan,nan,0.000000
-0.400000,-0.050000,40.000000,0,TARGET_OVERLAPS_GO2_FOOTPRINT,nan,nan,nan,nan,0.000000
-0.400000,-0.050000,50.000000,0,TARGET_OVERLAPS_GO2_FOOTPRINT,nan,nan,nan,nan,0.000000
-0.400000,-0.050000,60.000000,0,TARGET_OVERLAPS_GO2_FOOTPRINT,nan,nan,nan,nan,0.000000
-0.400000,-0.050000,70.000000,0,TARGET_OVERLAPS_GO2_FOOTPRINT,nan,nan,nan,nan,0.000000
-0.400000,-0.050000,80.000000,0,TARGET_OVERLAPS_GO2_FOOTPRINT,nan,nan,nan,nan,0.000000
-0.350000,-0.050000,0.000000,0,TARGET_OVERLAPS_GO2_FOOTPRINT,nan,nan,nan,nan,0.000000
-0.350000,-0.050000,10.000000,0,TARGET_OVERLAPS_GO2_FOOTPRINT,nan,nan,nan,nan,0.000000
-0.350000,-0.050000,20.000000,0,TARGET_OVERLAPS_GO2_FOOTPRINT,nan,nan,nan,nan,0.000000
-0.350000,-0.050000,30.000000,0,TARGET_OVERLAPS_GO2_FOOTPRINT,nan,nan,nan,nan,0.000000
-0.350000,-0.050000,40.000000,0,TARGET_OVERLAPS_GO2_FOOTPRINT,nan,nan,nan,nan,0.000000
-0.350000,-0.050000,50.000000,0,TARGET_OVERLAPS_GO2_FOOTPRINT,nan,nan,nan,nan,0.000000
-0.350000,-0.050000,60.000000,0,TARGET_OVERLAPS_GO2_FOOTPRINT,nan,nan,nan,nan,0.000000
-0.350000,-0.050000,70.000000,0,TARGET_OVERLAPS_GO2_FOOTPRINT,nan,nan,nan,nan,0.000000
-0.350000,-0.050000,80.000000,0,TARGET_OVERLAPS_GO2_FOOTPRINT,nan,nan,nan,nan,0.000000
-0.300000,-0.050000,0.000000,0,TARGET_OVERLAPS_GO2_FOOTPRINT,nan,nan,nan,nan,0.000000
-0.300000,-0.050000,10.000000,0,TARGET_OVERLAPS_GO2_FOOTPRINT,nan,nan,nan,nan,0.000000
-0.300000,-0.050000,20.000000,0,TARGET_OVERLAPS_GO2_FOOTPRINT,nan,nan,nan,nan,0.000000
-0.300000,-0.050000,30.000000,0,TARGET_OVERLAPS_GO2_FOOTPRINT,nan,nan,nan,nan,0.000000
-0.300000,-0.050000,40.000000,0,TARGET_OVERLAPS_GO2_FOOTPRINT,nan,nan,nan,nan,0.000000
-0.300000,-0.050000,50.000000,0,TARGET_OVERLAPS_GO2_FOOTPRINT,nan,nan,nan,nan,0.000000
-0.300000,-0.050000,60.000000,0,TARGET_OVERLAPS_GO2_FOOTPRINT,nan,nan,nan,nan,0.000000
-0.300000,-0.050000,70.000000,0,TARGET_OVERLAPS_GO2_FOOTPRINT,nan,nan,nan,nan,0.000000
-0.300000,-0.050000,80.000000,0,TARGET_OVERLAPS_GO2_FOOTPRINT,nan,nan,nan,nan,0.000000
-0.250000,-0.050000,0.000000,0,TARGET_OVERLAPS_GO2_FOOTPRINT,nan,nan,nan,nan,0.000000
-0.250000,-0.050000,10.000000,0,TARGET_OVERLAPS_GO2_FOOTPRINT,nan,nan,nan,nan,0.000000
-0.250000,-0.050000,20.000000,0,TARGET_OVERLAPS_GO2_FOOTPRINT,nan,nan,nan,nan,0.000000
-0.250000,-0.050000,30.000000,0,TARGET_OVERLAPS_GO2_FOOTPRINT,nan,nan,nan,nan,0.000000
-0.250000,-0.050000,40.000000,0,TARGET_OVERLAPS_GO2_FOOTPRINT,nan,nan,nan,nan,0.000000
-0.250000,-0.050000,50.000000,0,TARGET_OVERLAPS_GO2_FOOTPRINT,nan,nan,nan,nan,0.000000
-0.250000,-0.050000,60.000000,0,TARGET_OVERLAPS_GO2_FOOTPRINT,nan,nan,nan,nan,0.000000
-0.250000,-0.050000,70.000000,0,TARGET_OVERLAPS_GO2_FOOTPRINT,nan,nan,nan,nan,0.000000
-0.250000,-0.050000,80.000000,0,TARGET_OVERLAPS_GO2_FOOTPRINT,nan,nan,nan,nan,0.000000
-0.200000,-0.050000,0.000000,0,TARGET_OVERLAPS_GO2_FOOTPRINT,nan,nan,nan,nan,0.000000
-0.200000,-0.050000,10.000000,0,TARGET_OVERLAPS_GO2_FOOTPRINT,nan,nan,nan,nan,0.000000
-0.200000,-0.050000,20.000000,0,TARGET_OVERLAPS_GO2_FOOTPRINT,nan,nan,nan,nan,0.000000
-0.200000,-0.050000,30.000000,0,TARGET_OVERLAPS_GO2_FOOTPRINT,nan,nan,nan,nan,0.000000
-0.200000,-0.050000,40.000000,0,TARGET_OVERLAPS_GO2_FOOTPRINT,nan,nan,nan,nan,0.000000
-0.200000,-0.050000,50.000000,0,TARGET_OVERLAPS_GO2_FOOTPRINT,nan,nan,nan,nan,0.000000
-0.200000,-0.050000,60.000000,0,TARGET_OVERLAPS_GO2_FOOTPRINT,nan,nan,nan,nan,0.000000
-0.200000,-0.050000,70.000000,0,TARGET_OVERLAPS_GO2_FOOTPRINT,nan,nan,nan,nan,0.000000
-0.200000,-0.050000,80.000000,0,TARGET_OVERLAPS_GO2_FOOTPRINT,nan,nan,nan,nan,0.000000
-0.150000,-0.050000,0.000000,0,TARGET_OVERLAPS_GO2_FOOTPRINT,nan,nan,nan,nan,0.000000
-0.150000,-0.050000,10.000000,0,TARGET_OVERLAPS_GO2_FOOTPRINT,nan,nan,nan,nan,0.000000
-0.150000,-0.050000,20.000000,0,TARGET_OVERLAPS_GO2_FOOTPRINT,nan,nan,nan,nan,0.000000
-0.150000,-0.050000,30.000000,0,TARGET_OVERLAPS_GO2_FOOTPRINT,nan,nan,nan,nan,0.000000
-0.150000,-0.050000,40.000000,0,TARGET_OVERLAPS_GO2_FOOTPRINT,nan,nan,nan,nan,0.000000
-0.150000,-0.050000,50.000000,0,TARGET_OVERLAPS_GO2_FOOTPRINT,nan,nan,nan,nan,0.000000
-0.150000,-0.050000,60.000000,0,TARGET_OVERLAPS_GO2_FOOTPRINT,nan,nan,nan,nan,0.000000
-0.150000,-0.050000,70.000000,0,TARGET_OVERLAPS_GO2_FOOTPRINT,nan,nan,nan,nan,0.000000
-0.150000,-0.050000,80.000000,0,TARGET_OVERLAPS_GO2_FOOTPRINT,nan,nan,nan,nan,0.000000
-0.100000,-0.050000,0.000000,0,TARGET_OVERLAPS_GO2_FOOTPRINT,nan,nan,nan,nan,0.000000
-0.100000,-0.050000,10.000000,0,TARGET_OVERLAPS_GO2_FOOTPRINT,nan,nan,nan,nan,0.000000
-0.100000,-0.050000,20.000000,0,TARGET_OVERLAPS_GO2_FOOTPRINT,nan,nan,nan,nan,0.000000
-0.100000,-0.050000,30.000000,0,TARGET_OVERLAPS_GO2_FOOTPRINT,nan,nan,nan,nan,0.000000
-0.100000,-0.050000,40.000000,0,TARGET_OVERLAPS_GO2_FOOTPRINT,nan,nan,nan,nan,0.000000
-0.100000,-0.050000,50.000000,0,TARGET_OVERLAPS_GO2_FOOTPRINT,nan,nan,nan,nan,0.000000
-0.100000,-0.050000,60.000000,0,TARGET_OVERLAPS_GO2_FOOTPRINT,nan,nan,nan,nan,0.000000
-0.100000,-0.050000,70.000000,0,TARGET_OVERLAPS_GO2_FOOTPRINT,nan,nan,nan,nan,0.000000
-0.100000,-0.050000,80.000000,0,TARGET_OVERLAPS_GO2_FOOTPRINT,nan,nan,nan,nan,0.000000
-0.050000,-0.050000,0.000000,0,TARGET_OVERLAPS_GO2_FOOTPRINT,nan,nan,nan,nan,0.000000
-0.050000,-0.050000,10.000000,0,TARGET_OVERLAPS_GO2_FOOTPRINT,nan,nan,nan,nan,0.000000
-0.050000,-0.050000,20.000000,0,TARGET_OVERLAPS_GO2_FOOTPRINT,nan,nan,nan,nan,0.000000
-0.050000,-0.050000,30.000000,0,TARGET_OVERLAPS_GO2_FOOTPRINT,nan,nan,nan,nan,0.000000
-0.050000,-0.050000,40.000000,0,TARGET_OVERLAPS_GO2_FOOTPRINT,nan,nan,nan,nan,0.000000
-0.050000,-0.050000,50.000000,0,TARGET_OVERLAPS_GO2_FOOTPRINT,nan,nan,nan,nan,0.000000
-0.050000,-0.050000,60.000000,0,TARGET_OVERLAPS_GO2_FOOTPRINT,nan,nan,nan,nan,0.000000
-0.050000,-0.050000,70.000000,0,TARGET_OVERLAPS_GO2_FOOTPRINT,nan,nan,nan,nan,0.000000
-0.050000,-0.050000,80.000000,0,TARGET_OVERLAPS_GO2_FOOTPRINT,nan,nan,nan,nan,0.000000
0.000000,-0.050000,0.000000,0,TARGET_OVERLAPS_GO2_FOOTPRINT,nan,nan,nan,nan,0.000000
0.000000,-0.050000,10.000000,0,TARGET_OVERLAPS_GO2_FOOTPRINT,nan,nan,nan,nan,0.000000
0.000000,-0.050000,20.000000,0,TARGET_OVERLAPS_GO2_FOOTPRINT,nan,nan,nan,nan,0.000000
0.000000,-0.050000,30.000000,0,TARGET_OVERLAPS_GO2_FOOTPRINT,nan,nan,nan,nan,0.000000
0.000000,-0.050000,40.000000,0,TARGET_OVERLAPS_GO2_FOOTPRINT,nan,nan,nan,nan,0.000000
0.000000,-0.050000,50.000000,0,TARGET_OVERLAPS_GO2_FOOTPRINT,nan,nan,nan,nan,0.000000
0.000000,-0.050000,60.000000,0,TARGET_OVERLAPS_GO2_FOOTPRINT,nan,nan,nan,nan,0.000000
0.000000,-0.050000,70.000000,0,TARGET_OVERLAPS_GO2_FOOTPRINT,nan,nan,nan,nan,0.000000
0.000000,-0.050000,80.000000,0,TARGET_OVERLAPS_GO2_FOOTPRINT,nan,nan,nan,nan,0.000000
0.050000,-0.050000,0.000000,0,TARGET_OVERLAPS_GO2_FOOTPRINT,nan,nan,nan,nan,0.000000
0.050000,-0.050000,10.000000,0,TARGET_OVERLAPS_GO2_FOOTPRINT,nan,nan,nan,nan,0.000000
0.050000,-0.050000,20.000000,0,TARGET_OVERLAPS_GO2_FOOTPRINT,nan,nan,nan,nan,0.000000
0.050000,-0.050000,30.000000,0,TARGET_OVERLAPS_GO2_FOOTPRINT,nan,nan,nan,nan,0.000000
0.050000,-0.050000,40.000000,0,TARGET_OVERLAPS_GO2_FOOTPRINT,nan,nan,nan,nan,0.000000
0.050000,-0.050000,50.000000,0,TARGET_OVERLAPS_GO2_FOOTPRINT,nan,nan,nan,nan,0.000000
0.050000,-0.050000,60.000000,0,TARGET_OVERLAPS_GO2_FOOTPRINT,nan,nan,nan,nan,0.000000
0.050000,-0.050000,70.000000,0,TARGET_OVERLAPS_GO2_FOOTPRINT,nan,nan,nan,nan,0.000000
0.050000,-0.050000,80.000000,0,TARGET_OVERLAPS_GO2_FOOTPRINT,nan,nan,nan,nan,0.000000
0.100000,-0.050000,0.000000,0,TARGET_OVERLAPS_GO2_FOOTPRINT,nan,nan,nan,nan,0.000000
0.100000,-0.050000,10.000000,0,TARGET_OVERLAPS_GO2_FOOTPRINT,nan,nan,nan,nan,0.000000
0.100000,-0.050000,20.000000,0,TARGET_OVERLAPS_GO2_FOOTPRINT,nan,nan,nan,nan,0.000000
0.100000,-0.050000,30.000000,0,TARGET_OVERLAPS_GO2_FOOTPRINT,nan,nan,nan,nan,0.000000
0.100000,-0.050000,40.000000,0,TARGET_OVERLAPS_GO2_FOOTPRINT,nan,nan,nan,nan,0.000000
0.100000,-0.050000,50.000000,0,TARGET_OVERLAPS_GO2_FOOTPRINT,nan,nan,nan,nan,0.000000
0.100000,-0.050000,60.000000,0,TARGET_OVERLAPS_GO2_FOOTPRINT,nan,nan,nan,nan,0.000000
0.100000,-0.050000,70.000000,0,TARGET_OVERLAPS_GO2_FOOTPRINT,nan,nan,nan,nan,0.000000
0.100000,-0.050000,80.000000,0,TARGET_OVERLAPS_GO2_FOOTPRINT,nan,nan,nan,nan,0.000000
0.150000,-0.050000,0.000000,0,TARGET_OVERLAPS_GO2_FOOTPRINT,nan,nan,nan,nan,0.000000
0.150000,-0.050000,10.000000,0,TARGET_OVERLAPS_GO2_FOOTPRINT,nan,nan,nan,nan,0.000000
0.150000,-0.050000,20.000000,0,TARGET_OVERLAPS_GO2_FOOTPRINT,nan,nan,nan,nan,0.000000
0.150000,-0.050000,30.000000,0,TARGET_OVERLAPS_GO2_FOOTPRINT,nan,nan,nan,nan,0.000000
0.150000,-0.050000,40.000000,0,TARGET_OVERLAPS_GO2_FOOTPRINT,nan,nan,nan,nan,0.000000
0.150000,-0.050000,50.000000,0,TARGET_OVERLAPS_GO2_FOOTPRINT,nan,nan,nan,nan,0.000000
0.150000,-0.050000,60.000000,0,TARGET_OVERLAPS_GO2_FOOTPRINT,nan,nan,nan,nan,0.000000
0.150000,-0.050000,70.000000,0,TARGET_OVERLAPS_GO2_FOOTPRINT,nan,nan,nan,nan,0.000000
0.150000,-0.050000,80.000000,0,TARGET_OVERLAPS_GO2_FOOTPRINT,nan,nan,nan,nan,0.000000
0.200000,-0.050000,0.000000,0,TARGET_OVERLAPS_GO2_FOOTPRINT,nan,nan,nan,nan,0.000000
0.200000,-0.050000,10.000000,0,TARGET_OVERLAPS_GO2_FOOTPRINT,nan,nan,nan,nan,0.000000
0.200000,-0.050000,20.000000,0,TARGET_OVERLAPS_GO2_FOOTPRINT,nan,nan,nan,nan,0.000000
0.200000,-0.050000,30.000000,0,TARGET_OVERLAPS_GO2_FOOTPRINT,nan,nan,nan,nan,0.000000
0.200000,-0.050000,40.000000,0,TARGET_OVERLAPS_GO2_FOOTPRINT,nan,nan,nan,nan,0.000000
0.200000,-0.050000,50.000000,0,TARGET_OVERLAPS_GO2_FOOTPRINT,nan,nan,nan,nan,0.000000
0.200000,-0.050000,60.000000,0,TARGET_OVERLAPS_GO2_FOOTPRINT,nan,nan,nan,nan,0.000000
0.200000,-0.050000,70.000000,0,TARGET_OVERLAPS_GO2_FOOTPRINT,nan,nan,nan,nan,0.000000
0.200000,-0.050000,80.000000,0,TARGET_OVERLAPS_GO2_FOOTPRINT,nan,nan,nan,nan,0.000000
0.250000,-0.050000,0.000000,0,TARGET_OVERLAPS_GO2_FOOTPRINT,nan,nan,nan,nan,0.000000
0.250000,-0.050000,10.000000,0,TARGET_OVERLAPS_GO2_FOOTPRINT,nan,nan,nan,nan,0.000000
0.250000,-0.050000,20.000000,0,TARGET_OVERLAPS_GO2_FOOTPRINT,nan,nan,nan,nan,0.000000
0.250000,-0.050000,30.000000,0,TARGET_OVERLAPS_GO2_FOOTPRINT,nan,nan,nan,nan,0.000000
0.250000,-0.050000,40.000000,0,TARGET_OVERLAPS_GO2_FOOTPRINT,nan,nan,nan,nan,0.000000
0.250000,-0.050000,50.000000,0,TARGET_OVERLAPS_GO2_FOOTPRINT,nan,nan,nan,nan,0.000000
0.250000,-0.050000,60.000000,0,TARGET_OVERLAPS_GO2_FOOTPRINT,nan,nan,nan,nan,0.000000
0.250000,-0.050000,70.000000,0,TARGET_OVERLAPS_GO2_FOOTPRINT,nan,nan,nan,nan,0.000000
0.250000,-0.050000,80.000000,0,TARGET_OVERLAPS_GO2_FOOTPRINT,nan,nan,nan,nan,0.000000
0.300000,-0.050000,0.000000,0,TARGET_OVERLAPS_GO2_FOOTPRINT,nan,nan,nan,nan,0.000000
0.300000,-0.050000,10.000000,0,TARGET_OVERLAPS_GO2_FOOTPRINT,nan,nan,nan,nan,0.000000
0.300000,-0.050000,20.000000,0,TARGET_OVERLAPS_GO2_FOOTPRINT,nan,nan,nan,nan,0.000000
0.300000,-0.050000,30.000000,0,TARGET_OVERLAPS_GO2_FOOTPRINT,nan,nan,nan,nan,0.000000
0.300000,-0.050000,40.000000,0,TARGET_OVERLAPS_GO2_FOOTPRINT,nan,nan,nan,nan,0.000000
0.300000,-0.050000,50.000000,0,TARGET_OVERLAPS_GO2_FOOTPRINT,nan,nan,nan,nan,0.000000
0.300000,-0.050000,60.000000,0,TARGET_OVERLAPS_GO2_FOOTPRINT,nan,nan,nan,nan,0.000000
0.300000,-0.050000,70.000000,0,TARGET_OVERLAPS_GO2_FOOTPRINT,nan,nan,nan,nan,0.000000
0.300000,-0.050000,80.000000,0,TARGET_OVERLAPS_GO2_FOOTPRINT,nan,nan,nan,nan,0.000000
0.350000,-0.050000,0.000000,0,TARGET_OVERLAPS_GO2_FOOTPRINT,nan,nan,nan,nan,0.000000
0.350000,-0.050000,10.000000,0,TARGET_OVERLAPS_GO2_FOOTPRINT,nan,nan,nan,nan,0.000000
0.350000,-0.050000,20.000000,0,TARGET_OVERLAPS_GO2_FOOTPRINT,nan,nan,nan,nan,0.000000
0.350000,-0.050000,30.000000,0,TARGET_OVERLAPS_GO2_FOOTPRINT,nan,nan,nan,nan,0.000000
0.350000,-0.050000,40.000000,0,TARGET_OVERLAPS_GO2_FOOTPRINT,nan,nan,nan,nan,0.000000
0.350000,-0.050000,50.000000,0,TARGET_OVERLAPS_GO2_FOOTPRINT,nan,nan,nan,nan,0.000000
0.350000,-0.050000,60.000000,0,TARGET_OVERLAPS_GO2_FOOTPRINT,nan,nan,nan,nan,0.000000
0.350000,-0.050000,70.000000,0,TARGET_OVERLAPS_GO2_FOOTPRINT,nan,nan,nan,nan,0.000000
0.350000,-0.050000,80.000000,0,TARGET_OVERLAPS_GO2_FOOTPRINT,nan,nan,nan,nan,0.000000
0.400000,-0.050000,0.000000,0,PREGRASP_DESCENT_OR_CARRY,nan,nan,nan,nan,0.000000
0.400000,-0.050000,10.000000,0,PREGRASP_DESCENT_OR_CARRY,nan,nan,nan,nan,0.000000
0.400000,-0.050000,20.000000,0,PREGRASP_DESCENT_OR_CARRY,nan,nan,nan,nan,0.000000
0.400000,-0.050000,30.000000,0,PREGRASP_DESCENT_OR_CARRY,nan,nan,nan,nan,0.000000
0.400000,-0.050000,40.000000,0,PREGRASP_DESCENT_OR_CARRY,nan,nan,nan,nan,0.000000
0.400000,-0.050000,50.000000,0,PREGRASP_DESCENT_OR_CARRY,nan,nan,nan,nan,0.000000
0.400000,-0.050000,60.000000,0,PREGRASP_DESCENT_OR_CARRY,nan,nan,nan,nan,0.000000
0.400000,-0.050000,70.000000,0,PREGRASP_DESCENT_OR_CARRY,nan,nan,nan,nan,0.000000
0.400000,-0.050000,80.000000,0,PREGRASP_DESCENT_OR_CARRY,nan,nan,nan,nan,0.000000
0.450000,-0.050000,0.000000,1,NONE,0.080000,-0.032000,90.000000,-2.000000,0.028954
0.450000,-0.050000,10.000000,1,NONE,0.080000,-0.032000,100.000000,-2.000000,0.050893
0.450000,-0.050000,20.000000,1,NONE,0.080000,-0.032000,110.000000,-2.000000,0.055760
0.450000,-0.050000,30.000000,1,NONE,0.080000,-0.032000,120.000000,-2.000000,0.133377
0.450000,-0.050000,40.000000,1,NONE,0.080000,-0.032000,130.000000,-2.000000,0.103829
0.450000,-0.050000,50.000000,1,NONE,0.080000,-0.024000,140.000000,-2.000000,0.109314
0.450000,-0.050000,60.000000,1,NONE,0.080000,-0.032000,60.000000,-2.000000,0.050328
0.450000,-0.050000,70.000000,1,NONE,0.080000,-0.032000,70.000000,-2.000000,0.050754
0.450000,-0.050000,80.000000,1,NONE,0.080000,-0.032000,80.000000,-2.000000,0.053276
0.500000,-0.050000,0.000000,0,PREGRASP_DESCENT_OR_CARRY,nan,nan,nan,nan,0.000000
0.500000,-0.050000,10.000000,0,PREGRASP_DESCENT_OR_CARRY,nan,nan,nan,nan,0.000000
0.500000,-0.050000,20.000000,0,PREGRASP_DESCENT_OR_CARRY,nan,nan,nan,nan,0.000000
0.500000,-0.050000,30.000000,0,PREGRASP_DESCENT_OR_CARRY,nan,nan,nan,nan,0.000000
0.500000,-0.050000,40.000000,0,PREGRASP_DESCENT_OR_CARRY,nan,nan,nan,nan,0.000000
0.500000,-0.050000,50.000000,0,PREGRASP_DESCENT_OR_CARRY,nan,nan,nan,nan,0.000000
0.500000,-0.050000,60.000000,0,PREGRASP_DESCENT_OR_CARRY,nan,nan,nan,nan,0.000000
0.500000,-0.050000,70.000000,0,PREGRASP_DESCENT_OR_CARRY,nan,nan,nan,nan,0.000000
0.500000,-0.050000,80.000000,0,PREGRASP_DESCENT_OR_CARRY,nan,nan,nan,nan,0.000000
0.550000,-0.050000,0.000000,0,PREGRASP_DESCENT_OR_CARRY,nan,nan,nan,nan,0.000000
0.550000,-0.050000,10.000000,0,PREGRASP_DESCENT_OR_CARRY,nan,nan,nan,nan,0.000000
0.550000,-0.050000,20.000000,0,PREGRASP_DESCENT_OR_CARRY,nan,nan,nan,nan,0.000000
0.550000,-0.050000,30.000000,0,PREGRASP_DESCENT_OR_CARRY,nan,nan,nan,nan,0.000000
0.550000,-0.050000,40.000000,0,PREGRASP_DESCENT_OR_CARRY,nan,nan,nan,nan,0.000000
0.550000,-0.050000,50.000000,0,PREGRASP_DESCENT_OR_CARRY,nan,nan,nan,nan,0.000000
0.550000,-0.050000,60.000000,0,PREGRASP_DESCENT_OR_CARRY,nan,nan,nan,nan,0.000000
0.550000,-0.050000,70.000000,0,PREGRASP_DESCENT_OR_CARRY,nan,nan,nan,nan,0.000000
0.550000,-0.050000,80.000000,0,PREGRASP_DESCENT_OR_CARRY,nan,nan,nan,nan,0.000000
0.600000,-0.050000,0.000000,0,PLAN_TOP_OBSERVE,nan,nan,nan,nan,0.000000
0.600000,-0.050000,10.000000,0,PLAN_TOP_OBSERVE,nan,nan,nan,nan,0.000000
0.600000,-0.050000,20.000000,0,PLAN_TOP_OBSERVE,nan,nan,nan,nan,0.000000
0.600000,-0.050000,30.000000,0,PLAN_TOP_OBSERVE,nan,nan,nan,nan,0.000000
0.600000,-0.050000,40.000000,0,PLAN_TOP_OBSERVE,nan,nan,nan,nan,0.000000
0.600000,-0.050000,50.000000,0,PLAN_TOP_OBSERVE,nan,nan,nan,nan,0.000000
0.600000,-0.050000,60.000000,0,PLAN_TOP_OBSERVE,nan,nan,nan,nan,0.000000
0.600000,-0.050000,70.000000,0,PLAN_TOP_OBSERVE,nan,nan,nan,nan,0.000000
0.600000,-0.050000,80.000000,0,PLAN_TOP_OBSERVE,nan,nan,nan,nan,0.000000
0.650000,-0.050000,0.000000,0,PLAN_TOP_OBSERVE,nan,nan,nan,nan,0.000000
0.650000,-0.050000,10.000000,0,PLAN_TOP_OBSERVE,nan,nan,nan,nan,0.000000
0.650000,-0.050000,20.000000,0,PLAN_TOP_OBSERVE,nan,nan,nan,nan,0.000000
0.650000,-0.050000,30.000000,0,PLAN_TOP_OBSERVE,nan,nan,nan,nan,0.000000
0.650000,-0.050000,40.000000,0,PLAN_TOP_OBSERVE,nan,nan,nan,nan,0.000000
0.650000,-0.050000,50.000000,0,PLAN_TOP_OBSERVE,nan,nan,nan,nan,0.000000
0.650000,-0.050000,60.000000,0,PLAN_TOP_OBSERVE,nan,nan,nan,nan,0.000000
0.650000,-0.050000,70.000000,0,PLAN_TOP_OBSERVE,nan,nan,nan,nan,0.000000
0.650000,-0.050000,80.000000,0,PLAN_TOP_OBSERVE,nan,nan,nan,nan,0.000000
0.700000,-0.050000,0.000000,0,PLAN_TOP_OBSERVE,nan,nan,nan,nan,0.000000
0.700000,-0.050000,10.000000,0,PLAN_TOP_OBSERVE,nan,nan,nan,nan,0.000000
0.700000,-0.050000,20.000000,0,PLAN_TOP_OBSERVE,nan,nan,nan,nan,0.000000
0.700000,-0.050000,30.000000,0,PLAN_TOP_OBSERVE,nan,nan,nan,nan,0.000000
0.700000,-0.050000,40.000000,0,PLAN_TOP_OBSERVE,nan,nan,nan,nan,0.000000
0.700000,-0.050000,50.000000,0,PLAN_TOP_OBSERVE,nan,nan,nan,nan,0.000000
0.700000,-0.050000,60.000000,0,PLAN_TOP_OBSERVE,nan,nan,nan,nan,0.000000
0.700000,-0.050000,70.000000,0,PLAN_TOP_OBSERVE,nan,nan,nan,nan,0.000000
0.700000,-0.050000,80.000000,0,PLAN_TOP_OBSERVE,nan,nan,nan,nan,0.000000
-0.700000,-0.000000,0.000000,0,PLAN_TOP_OBSERVE,nan,nan,nan,nan,0.000000
-0.700000,-0.000000,10.000000,0,PLAN_TOP_OBSERVE,nan,nan,nan,nan,0.000000
-0.700000,-0.000000,20.000000,0,PLAN_TOP_OBSERVE,nan,nan,nan,nan,0.000000
-0.700000,-0.000000,30.000000,0,PLAN_TOP_OBSERVE,nan,nan,nan,nan,0.000000
-0.700000,-0.000000,40.000000,0,PLAN_TOP_OBSERVE,nan,nan,nan,nan,0.000000
-0.700000,-0.000000,50.000000,0,PLAN_TOP_OBSERVE,nan,nan,nan,nan,0.000000
-0.700000,-0.000000,60.000000,0,PLAN_TOP_OBSERVE,nan,nan,nan,nan,0.000000
-0.700000,-0.000000,70.000000,0,PLAN_TOP_OBSERVE,nan,nan,nan,nan,0.000000
-0.700000,-0.000000,80.000000,0,PLAN_TOP_OBSERVE,nan,nan,nan,nan,0.000000
-0.650000,-0.000000,0.000000,0,PLAN_TOP_OBSERVE,nan,nan,nan,nan,0.000000
-0.650000,-0.000000,10.000000,0,PLAN_TOP_OBSERVE,nan,nan,nan,nan,0.000000
-0.650000,-0.000000,20.000000,0,PLAN_TOP_OBSERVE,nan,nan,nan,nan,0.000000
-0.650000,-0.000000,30.000000,0,PLAN_TOP_OBSERVE,nan,nan,nan,nan,0.000000
-0.650000,-0.000000,40.000000,0,PLAN_TOP_OBSERVE,nan,nan,nan,nan,0.000000
-0.650000,-0.000000,50.000000,0,PLAN_TOP_OBSERVE,nan,nan,nan,nan,0.000000
-0.650000,-0.000000,60.000000,0,PLAN_TOP_OBSERVE,nan,nan,nan,nan,0.000000
-0.650000,-0.000000,70.000000,0,PLAN_TOP_OBSERVE,nan,nan,nan,nan,0.000000
-0.650000,-0.000000,80.000000,0,PLAN_TOP_OBSERVE,nan,nan,nan,nan,0.000000
-0.600000,-0.000000,0.000000,0,PLAN_TOP_OBSERVE,nan,nan,nan,nan,0.000000
-0.600000,-0.000000,10.000000,0,PLAN_TOP_OBSERVE,nan,nan,nan,nan,0.000000
-0.600000,-0.000000,20.000000,0,PLAN_TOP_OBSERVE,nan,nan,nan,nan,0.000000
-0.600000,-0.000000,30.000000,0,PLAN_TOP_OBSERVE,nan,nan,nan,nan,0.000000
-0.600000,-0.000000,40.000000,0,PLAN_TOP_OBSERVE,nan,nan,nan,nan,0.000000
-0.600000,-0.000000,50.000000,0,PLAN_TOP_OBSERVE,nan,nan,nan,nan,0.000000
-0.600000,-0.000000,60.000000,0,PLAN_TOP_OBSERVE,nan,nan,nan,nan,0.000000
-0.600000,-0.000000,70.000000,0,PLAN_TOP_OBSERVE,nan,nan,nan,nan,0.000000
-0.600000,-0.000000,80.000000,0,PLAN_TOP_OBSERVE,nan,nan,nan,nan,0.000000
-0.550000,-0.000000,0.000000,0,PLAN_TOP_OBSERVE,nan,nan,nan,nan,0.000000
-0.550000,-0.000000,10.000000,0,PLAN_TOP_OBSERVE,nan,nan,nan,nan,0.000000
-0.550000,-0.000000,20.000000,0,PLAN_TOP_OBSERVE,nan,nan,nan,nan,0.000000
-0.550000,-0.000000,30.000000,0,PLAN_TOP_OBSERVE,nan,nan,nan,nan,0.000000
-0.550000,-0.000000,40.000000,0,PLAN_TOP_OBSERVE,nan,nan,nan,nan,0.000000
-0.550000,-0.000000,50.000000,0,PLAN_TOP_OBSERVE,nan,nan,nan,nan,0.000000
-0.550000,-0.000000,60.000000,0,PLAN_TOP_OBSERVE,nan,nan,nan,nan,0.000000
-0.550000,-0.000000,70.000000,0,PLAN_TOP_OBSERVE,nan,nan,nan,nan,0.000000
-0.550000,-0.000000,80.000000,0,PLAN_TOP_OBSERVE,nan,nan,nan,nan,0.000000
-0.500000,-0.000000,0.000000,0,PLAN_TOP_OBSERVE,nan,nan,nan,nan,0.000000
-0.500000,-0.000000,10.000000,0,PLAN_TOP_OBSERVE,nan,nan,nan,nan,0.000000
-0.500000,-0.000000,20.000000,0,PLAN_TOP_OBSERVE,nan,nan,nan,nan,0.000000
-0.500000,-0.000000,30.000000,0,PLAN_TOP_OBSERVE,nan,nan,nan,nan,0.000000
-0.500000,-0.000000,40.000000,0,PLAN_TOP_OBSERVE,nan,nan,nan,nan,0.000000
-0.500000,-0.000000,50.000000,0,PLAN_TOP_OBSERVE,nan,nan,nan,nan,0.000000
-0.500000,-0.000000,60.000000,0,PLAN_TOP_OBSERVE,nan,nan,nan,nan,0.000000
-0.500000,-0.000000,70.000000,0,PLAN_TOP_OBSERVE,nan,nan,nan,nan,0.000000
-0.500000,-0.000000,80.000000,0,PLAN_TOP_OBSERVE,nan,nan,nan,nan,0.000000
-0.450000,-0.000000,0.000000,0,TARGET_OVERLAPS_GO2_FOOTPRINT,nan,nan,nan,nan,0.000000
-0.450000,-0.000000,10.000000,0,TARGET_OVERLAPS_GO2_FOOTPRINT,nan,nan,nan,nan,0.000000
-0.450000,-0.000000,20.000000,0,TARGET_OVERLAPS_GO2_FOOTPRINT,nan,nan,nan,nan,0.000000
-0.450000,-0.000000,30.000000,0,TARGET_OVERLAPS_GO2_FOOTPRINT,nan,nan,nan,nan,0.000000
-0.450000,-0.000000,40.000000,0,TARGET_OVERLAPS_GO2_FOOTPRINT,nan,nan,nan,nan,0.000000
-0.450000,-0.000000,50.000000,0,TARGET_OVERLAPS_GO2_FOOTPRINT,nan,nan,nan,nan,0.000000
-0.450000,-0.000000,60.000000,0,TARGET_OVERLAPS_GO2_FOOTPRINT,nan,nan,nan,nan,0.000000
-0.450000,-0.000000,70.000000,0,TARGET_OVERLAPS_GO2_FOOTPRINT,nan,nan,nan,nan,0.000000
-0.450000,-0.000000,80.000000,0,TARGET_OVERLAPS_GO2_FOOTPRINT,nan,nan,nan,nan,0.000000
-0.400000,-0.000000,0.000000,0,TARGET_OVERLAPS_GO2_FOOTPRINT,nan,nan,nan,nan,0.000000
-0.400000,-0.000000,10.000000,0,TARGET_OVERLAPS_GO2_FOOTPRINT,nan,nan,nan,nan,0.000000
-0.400000,-0.000000,20.000000,0,TARGET_OVERLAPS_GO2_FOOTPRINT,nan,nan,nan,nan,0.000000
-0.400000,-0.000000,30.000000,0,TARGET_OVERLAPS_GO2_FOOTPRINT,nan,nan,nan,nan,0.000000
-0.400000,-0.000000,40.000000,0,TARGET_OVERLAPS_GO2_FOOTPRINT,nan,nan,nan,nan,0.000000
-0.400000,-0.000000,50.000000,0,TARGET_OVERLAPS_GO2_FOOTPRINT,nan,nan,nan,nan,0.000000
-0.400000,-0.000000,60.000000,0,TARGET_OVERLAPS_GO2_FOOTPRINT,nan,nan,nan,nan,0.000000
-0.400000,-0.000000,70.000000,0,TARGET_OVERLAPS_GO2_FOOTPRINT,nan,nan,nan,nan,0.000000
-0.400000,-0.000000,80.000000,0,TARGET_OVERLAPS_GO2_FOOTPRINT,nan,nan,nan,nan,0.000000
-0.350000,-0.000000,0.000000,0,TARGET_OVERLAPS_GO2_FOOTPRINT,nan,nan,nan,nan,0.000000
-0.350000,-0.000000,10.000000,0,TARGET_OVERLAPS_GO2_FOOTPRINT,nan,nan,nan,nan,0.000000
-0.350000,-0.000000,20.000000,0,TARGET_OVERLAPS_GO2_FOOTPRINT,nan,nan,nan,nan,0.000000
-0.350000,-0.000000,30.000000,0,TARGET_OVERLAPS_GO2_FOOTPRINT,nan,nan,nan,nan,0.000000
-0.350000,-0.000000,40.000000,0,TARGET_OVERLAPS_GO2_FOOTPRINT,nan,nan,nan,nan,0.000000
-0.350000,-0.000000,50.000000,0,TARGET_OVERLAPS_GO2_FOOTPRINT,nan,nan,nan,nan,0.000000
-0.350000,-0.000000,60.000000,0,TARGET_OVERLAPS_GO2_FOOTPRINT,nan,nan,nan,nan,0.000000
-0.350000,-0.000000,70.000000,0,TARGET_OVERLAPS_GO2_FOOTPRINT,nan,nan,nan,nan,0.000000
-0.350000,-0.000000,80.000000,0,TARGET_OVERLAPS_GO2_FOOTPRINT,nan,nan,nan,nan,0.000000
-0.300000,-0.000000,0.000000,0,TARGET_OVERLAPS_GO2_FOOTPRINT,nan,nan,nan,nan,0.000000
-0.300000,-0.000000,10.000000,0,TARGET_OVERLAPS_GO2_FOOTPRINT,nan,nan,nan,nan,0.000000
-0.300000,-0.000000,20.000000,0,TARGET_OVERLAPS_GO2_FOOTPRINT,nan,nan,nan,nan,0.000000
-0.300000,-0.000000,30.000000,0,TARGET_OVERLAPS_GO2_FOOTPRINT,nan,nan,nan,nan,0.000000
-0.300000,-0.000000,40.000000,0,TARGET_OVERLAPS_GO2_FOOTPRINT,nan,nan,nan,nan,0.000000
-0.300000,-0.000000,50.000000,0,TARGET_OVERLAPS_GO2_FOOTPRINT,nan,nan,nan,nan,0.000000
-0.300000,-0.000000,60.000000,0,TARGET_OVERLAPS_GO2_FOOTPRINT,nan,nan,nan,nan,0.000000
-0.300000,-0.000000,70.000000,0,TARGET_OVERLAPS_GO2_FOOTPRINT,nan,nan,nan,nan,0.000000
-0.300000,-0.000000,80.000000,0,TARGET_OVERLAPS_GO2_FOOTPRINT,nan,nan,nan,nan,0.000000
-0.250000,-0.000000,0.000000,0,TARGET_OVERLAPS_GO2_FOOTPRINT,nan,nan,nan,nan,0.000000
-0.250000,-0.000000,10.000000,0,TARGET_OVERLAPS_GO2_FOOTPRINT,nan,nan,nan,nan,0.000000
-0.250000,-0.000000,20.000000,0,TARGET_OVERLAPS_GO2_FOOTPRINT,nan,nan,nan,nan,0.000000
-0.250000,-0.000000,30.000000,0,TARGET_OVERLAPS_GO2_FOOTPRINT,nan,nan,nan,nan,0.000000
-0.250000,-0.000000,40.000000,0,TARGET_OVERLAPS_GO2_FOOTPRINT,nan,nan,nan,nan,0.000000
-0.250000,-0.000000,50.000000,0,TARGET_OVERLAPS_GO2_FOOTPRINT,nan,nan,nan,nan,0.000000
-0.250000,-0.000000,60.000000,0,TARGET_OVERLAPS_GO2_FOOTPRINT,nan,nan,nan,nan,0.000000
-0.250000,-0.000000,70.000000,0,TARGET_OVERLAPS_GO2_FOOTPRINT,nan,nan,nan,nan,0.000000
-0.250000,-0.000000,80.000000,0,TARGET_OVERLAPS_GO2_FOOTPRINT,nan,nan,nan,nan,0.000000
-0.200000,-0.000000,0.000000,0,TARGET_OVERLAPS_GO2_FOOTPRINT,nan,nan,nan,nan,0.000000
-0.200000,-0.000000,10.000000,0,TARGET_OVERLAPS_GO2_FOOTPRINT,nan,nan,nan,nan,0.000000
-0.200000,-0.000000,20.000000,0,TARGET_OVERLAPS_GO2_FOOTPRINT,nan,nan,nan,nan,0.000000
-0.200000,-0.000000,30.000000,0,TARGET_OVERLAPS_GO2_FOOTPRINT,nan,nan,nan,nan,0.000000
-0.200000,-0.000000,40.000000,0,TARGET_OVERLAPS_GO2_FOOTPRINT,nan,nan,nan,nan,0.000000
-0.200000,-0.000000,50.000000,0,TARGET_OVERLAPS_GO2_FOOTPRINT,nan,nan,nan,nan,0.000000
-0.200000,-0.000000,60.000000,0,TARGET_OVERLAPS_GO2_FOOTPRINT,nan,nan,nan,nan,0.000000
-0.200000,-0.000000,70.000000,0,TARGET_OVERLAPS_GO2_FOOTPRINT,nan,nan,nan,nan,0.000000
-0.200000,-0.000000,80.000000,0,TARGET_OVERLAPS_GO2_FOOTPRINT,nan,nan,nan,nan,0.000000
-0.150000,-0.000000,0.000000,0,TARGET_OVERLAPS_GO2_FOOTPRINT,nan,nan,nan,nan,0.000000
-0.150000,-0.000000,10.000000,0,TARGET_OVERLAPS_GO2_FOOTPRINT,nan,nan,nan,nan,0.000000
-0.150000,-0.000000,20.000000,0,TARGET_OVERLAPS_GO2_FOOTPRINT,nan,nan,nan,nan,0.000000
-0.150000,-0.000000,30.000000,0,TARGET_OVERLAPS_GO2_FOOTPRINT,nan,nan,nan,nan,0.000000
-0.150000,-0.000000,40.000000,0,TARGET_OVERLAPS_GO2_FOOTPRINT,nan,nan,nan,nan,0.000000
-0.150000,-0.000000,50.000000,0,TARGET_OVERLAPS_GO2_FOOTPRINT,nan,nan,nan,nan,0.000000
-0.150000,-0.000000,60.000000,0,TARGET_OVERLAPS_GO2_FOOTPRINT,nan,nan,nan,nan,0.000000
-0.150000,-0.000000,70.000000,0,TARGET_OVERLAPS_GO2_FOOTPRINT,nan,nan,nan,nan,0.000000
-0.150000,-0.000000,80.000000,0,TARGET_OVERLAPS_GO2_FOOTPRINT,nan,nan,nan,nan,0.000000
-0.100000,-0.000000,0.000000,0,TARGET_OVERLAPS_GO2_FOOTPRINT,nan,nan,nan,nan,0.000000
-0.100000,-0.000000,10.000000,0,TARGET_OVERLAPS_GO2_FOOTPRINT,nan,nan,nan,nan,0.000000
-0.100000,-0.000000,20.000000,0,TARGET_OVERLAPS_GO2_FOOTPRINT,nan,nan,nan,nan,0.000000
-0.100000,-0.000000,30.000000,0,TARGET_OVERLAPS_GO2_FOOTPRINT,nan,nan,nan,nan,0.000000
-0.100000,-0.000000,40.000000,0,TARGET_OVERLAPS_GO2_FOOTPRINT,nan,nan,nan,nan,0.000000
-0.100000,-0.000000,50.000000,0,TARGET_OVERLAPS_GO2_FOOTPRINT,nan,nan,nan,nan,0.000000
-0.100000,-0.000000,60.000000,0,TARGET_OVERLAPS_GO2_FOOTPRINT,nan,nan,nan,nan,0.000000
-0.100000,-0.000000,70.000000,0,TARGET_OVERLAPS_GO2_FOOTPRINT,nan,nan,nan,nan,0.000000
-0.100000,-0.000000,80.000000,0,TARGET_OVERLAPS_GO2_FOOTPRINT,nan,nan,nan,nan,0.000000
-0.050000,-0.000000,0.000000,0,TARGET_OVERLAPS_GO2_FOOTPRINT,nan,nan,nan,nan,0.000000
-0.050000,-0.000000,10.000000,0,TARGET_OVERLAPS_GO2_FOOTPRINT,nan,nan,nan,nan,0.000000
-0.050000,-0.000000,20.000000,0,TARGET_OVERLAPS_GO2_FOOTPRINT,nan,nan,nan,nan,0.000000
-0.050000,-0.000000,30.000000,0,TARGET_OVERLAPS_GO2_FOOTPRINT,nan,nan,nan,nan,0.000000
-0.050000,-0.000000,40.000000,0,TARGET_OVERLAPS_GO2_FOOTPRINT,nan,nan,nan,nan,0.000000
-0.050000,-0.000000,50.000000,0,TARGET_OVERLAPS_GO2_FOOTPRINT,nan,nan,nan,nan,0.000000
-0.050000,-0.000000,60.000000,0,TARGET_OVERLAPS_GO2_FOOTPRINT,nan,nan,nan,nan,0.000000
-0.050000,-0.000000,70.000000,0,TARGET_OVERLAPS_GO2_FOOTPRINT,nan,nan,nan,nan,0.000000
-0.050000,-0.000000,80.000000,0,TARGET_OVERLAPS_GO2_FOOTPRINT,nan,nan,nan,nan,0.000000
0.000000,-0.000000,0.000000,0,TARGET_OVERLAPS_GO2_FOOTPRINT,nan,nan,nan,nan,0.000000
0.000000,-0.000000,10.000000,0,TARGET_OVERLAPS_GO2_FOOTPRINT,nan,nan,nan,nan,0.000000
0.000000,-0.000000,20.000000,0,TARGET_OVERLAPS_GO2_FOOTPRINT,nan,nan,nan,nan,0.000000
0.000000,-0.000000,30.000000,0,TARGET_OVERLAPS_GO2_FOOTPRINT,nan,nan,nan,nan,0.000000
0.000000,-0.000000,40.000000,0,TARGET_OVERLAPS_GO2_FOOTPRINT,nan,nan,nan,nan,0.000000
0.000000,-0.000000,50.000000,0,TARGET_OVERLAPS_GO2_FOOTPRINT,nan,nan,nan,nan,0.000000
0.000000,-0.000000,60.000000,0,TARGET_OVERLAPS_GO2_FOOTPRINT,nan,nan,nan,nan,0.000000
0.000000,-0.000000,70.000000,0,TARGET_OVERLAPS_GO2_FOOTPRINT,nan,nan,nan,nan,0.000000
0.000000,-0.000000,80.000000,0,TARGET_OVERLAPS_GO2_FOOTPRINT,nan,nan,nan,nan,0.000000
0.050000,-0.000000,0.000000,0,TARGET_OVERLAPS_GO2_FOOTPRINT,nan,nan,nan,nan,0.000000
0.050000,-0.000000,10.000000,0,TARGET_OVERLAPS_GO2_FOOTPRINT,nan,nan,nan,nan,0.000000
0.050000,-0.000000,20.000000,0,TARGET_OVERLAPS_GO2_FOOTPRINT,nan,nan,nan,nan,0.000000
0.050000,-0.000000,30.000000,0,TARGET_OVERLAPS_GO2_FOOTPRINT,nan,nan,nan,nan,0.000000
0.050000,-0.000000,40.000000,0,TARGET_OVERLAPS_GO2_FOOTPRINT,nan,nan,nan,nan,0.000000
0.050000,-0.000000,50.000000,0,TARGET_OVERLAPS_GO2_FOOTPRINT,nan,nan,nan,nan,0.000000
0.050000,-0.000000,60.000000,0,TARGET_OVERLAPS_GO2_FOOTPRINT,nan,nan,nan,nan,0.000000
0.050000,-0.000000,70.000000,0,TARGET_OVERLAPS_GO2_FOOTPRINT,nan,nan,nan,nan,0.000000
0.050000,-0.000000,80.000000,0,TARGET_OVERLAPS_GO2_FOOTPRINT,nan,nan,nan,nan,0.000000
0.100000,-0.000000,0.000000,0,TARGET_OVERLAPS_GO2_FOOTPRINT,nan,nan,nan,nan,0.000000
0.100000,-0.000000,10.000000,0,TARGET_OVERLAPS_GO2_FOOTPRINT,nan,nan,nan,nan,0.000000
0.100000,-0.000000,20.000000,0,TARGET_OVERLAPS_GO2_FOOTPRINT,nan,nan,nan,nan,0.000000
0.100000,-0.000000,30.000000,0,TARGET_OVERLAPS_GO2_FOOTPRINT,nan,nan,nan,nan,0.000000
0.100000,-0.000000,40.000000,0,TARGET_OVERLAPS_GO2_FOOTPRINT,nan,nan,nan,nan,0.000000
0.100000,-0.000000,50.000000,0,TARGET_OVERLAPS_GO2_FOOTPRINT,nan,nan,nan,nan,0.000000
0.100000,-0.000000,60.000000,0,TARGET_OVERLAPS_GO2_FOOTPRINT,nan,nan,nan,nan,0.000000
0.100000,-0.000000,70.000000,0,TARGET_OVERLAPS_GO2_FOOTPRINT,nan,nan,nan,nan,0.000000
0.100000,-0.000000,80.000000,0,TARGET_OVERLAPS_GO2_FOOTPRINT,nan,nan,nan,nan,0.000000
0.150000,-0.000000,0.000000,0,TARGET_OVERLAPS_GO2_FOOTPRINT,nan,nan,nan,nan,0.000000
0.150000,-0.000000,10.000000,0,TARGET_OVERLAPS_GO2_FOOTPRINT,nan,nan,nan,nan,0.000000
0.150000,-0.000000,20.000000,0,TARGET_OVERLAPS_GO2_FOOTPRINT,nan,nan,nan,nan,0.000000
0.150000,-0.000000,30.000000,0,TARGET_OVERLAPS_GO2_FOOTPRINT,nan,nan,nan,nan,0.000000
0.150000,-0.000000,40.000000,0,TARGET_OVERLAPS_GO2_FOOTPRINT,nan,nan,nan,nan,0.000000
0.150000,-0.000000,50.000000,0,TARGET_OVERLAPS_GO2_FOOTPRINT,nan,nan,nan,nan,0.000000
0.150000,-0.000000,60.000000,0,TARGET_OVERLAPS_GO2_FOOTPRINT,nan,nan,nan,nan,0.000000
0.150000,-0.000000,70.000000,0,TARGET_OVERLAPS_GO2_FOOTPRINT,nan,nan,nan,nan,0.000000
0.150000,-0.000000,80.000000,0,TARGET_OVERLAPS_GO2_FOOTPRINT,nan,nan,nan,nan,0.000000
0.200000,-0.000000,0.000000,0,TARGET_OVERLAPS_GO2_FOOTPRINT,nan,nan,nan,nan,0.000000
0.200000,-0.000000,10.000000,0,TARGET_OVERLAPS_GO2_FOOTPRINT,nan,nan,nan,nan,0.000000
0.200000,-0.000000,20.000000,0,TARGET_OVERLAPS_GO2_FOOTPRINT,nan,nan,nan,nan,0.000000
0.200000,-0.000000,30.000000,0,TARGET_OVERLAPS_GO2_FOOTPRINT,nan,nan,nan,nan,0.000000
0.200000,-0.000000,40.000000,0,TARGET_OVERLAPS_GO2_FOOTPRINT,nan,nan,nan,nan,0.000000
0.200000,-0.000000,50.000000,0,TARGET_OVERLAPS_GO2_FOOTPRINT,nan,nan,nan,nan,0.000000
0.200000,-0.000000,60.000000,0,TARGET_OVERLAPS_GO2_FOOTPRINT,nan,nan,nan,nan,0.000000
0.200000,-0.000000,70.000000,0,TARGET_OVERLAPS_GO2_FOOTPRINT,nan,nan,nan,nan,0.000000
0.200000,-0.000000,80.000000,0,TARGET_OVERLAPS_GO2_FOOTPRINT,nan,nan,nan,nan,0.000000
0.250000,-0.000000,0.000000,0,TARGET_OVERLAPS_GO2_FOOTPRINT,nan,nan,nan,nan,0.000000
0.250000,-0.000000,10.000000,0,TARGET_OVERLAPS_GO2_FOOTPRINT,nan,nan,nan,nan,0.000000
0.250000,-0.000000,20.000000,0,TARGET_OVERLAPS_GO2_FOOTPRINT,nan,nan,nan,nan,0.000000
0.250000,-0.000000,30.000000,0,TARGET_OVERLAPS_GO2_FOOTPRINT,nan,nan,nan,nan,0.000000
0.250000,-0.000000,40.000000,0,TARGET_OVERLAPS_GO2_FOOTPRINT,nan,nan,nan,nan,0.000000
0.250000,-0.000000,50.000000,0,TARGET_OVERLAPS_GO2_FOOTPRINT,nan,nan,nan,nan,0.000000
0.250000,-0.000000,60.000000,0,TARGET_OVERLAPS_GO2_FOOTPRINT,nan,nan,nan,nan,0.000000
0.250000,-0.000000,70.000000,0,TARGET_OVERLAPS_GO2_FOOTPRINT,nan,nan,nan,nan,0.000000
0.250000,-0.000000,80.000000,0,TARGET_OVERLAPS_GO2_FOOTPRINT,nan,nan,nan,nan,0.000000
0.300000,-0.000000,0.000000,0,TARGET_OVERLAPS_GO2_FOOTPRINT,nan,nan,nan,nan,0.000000
0.300000,-0.000000,10.000000,0,TARGET_OVERLAPS_GO2_FOOTPRINT,nan,nan,nan,nan,0.000000
0.300000,-0.000000,20.000000,0,TARGET_OVERLAPS_GO2_FOOTPRINT,nan,nan,nan,nan,0.000000
0.300000,-0.000000,30.000000,0,TARGET_OVERLAPS_GO2_FOOTPRINT,nan,nan,nan,nan,0.000000
0.300000,-0.000000,40.000000,0,TARGET_OVERLAPS_GO2_FOOTPRINT,nan,nan,nan,nan,0.000000
0.300000,-0.000000,50.000000,0,TARGET_OVERLAPS_GO2_FOOTPRINT,nan,nan,nan,nan,0.000000
0.300000,-0.000000,60.000000,0,TARGET_OVERLAPS_GO2_FOOTPRINT,nan,nan,nan,nan,0.000000
0.300000,-0.000000,70.000000,0,TARGET_OVERLAPS_GO2_FOOTPRINT,nan,nan,nan,nan,0.000000
0.300000,-0.000000,80.000000,0,TARGET_OVERLAPS_GO2_FOOTPRINT,nan,nan,nan,nan,0.000000
0.350000,-0.000000,0.000000,0,TARGET_OVERLAPS_GO2_FOOTPRINT,nan,nan,nan,nan,0.000000
0.350000,-0.000000,10.000000,0,TARGET_OVERLAPS_GO2_FOOTPRINT,nan,nan,nan,nan,0.000000
0.350000,-0.000000,20.000000,0,TARGET_OVERLAPS_GO2_FOOTPRINT,nan,nan,nan,nan,0.000000
0.350000,-0.000000,30.000000,0,TARGET_OVERLAPS_GO2_FOOTPRINT,nan,nan,nan,nan,0.000000
0.350000,-0.000000,40.000000,0,TARGET_OVERLAPS_GO2_FOOTPRINT,nan,nan,nan,nan,0.000000
0.350000,-0.000000,50.000000,0,TARGET_OVERLAPS_GO2_FOOTPRINT,nan,nan,nan,nan,0.000000
0.350000,-0.000000,60.000000,0,TARGET_OVERLAPS_GO2_FOOTPRINT,nan,nan,nan,nan,0.000000
0.350000,-0.000000,70.000000,0,TARGET_OVERLAPS_GO2_FOOTPRINT,nan,nan,nan,nan,0.000000
0.350000,-0.000000,80.000000,0,TARGET_OVERLAPS_GO2_FOOTPRINT,nan,nan,nan,nan,0.000000
0.400000,-0.000000,0.000000,0,PREGRASP_DESCENT_OR_CARRY,nan,nan,nan,nan,0.000000
0.400000,-0.000000,10.000000,0,PREGRASP_DESCENT_OR_CARRY,nan,nan,nan,nan,0.000000
0.400000,-0.000000,20.000000,0,PREGRASP_DESCENT_OR_CARRY,nan,nan,nan,nan,0.000000
0.400000,-0.000000,30.000000,0,PREGRASP_DESCENT_OR_CARRY,nan,nan,nan,nan,0.000000
0.400000,-0.000000,40.000000,0,PREGRASP_DESCENT_OR_CARRY,nan,nan,nan,nan,0.000000
0.400000,-0.000000,50.000000,0,PREGRASP_DESCENT_OR_CARRY,nan,nan,nan,nan,0.000000
0.400000,-0.000000,60.000000,0,PREGRASP_DESCENT_OR_CARRY,nan,nan,nan,nan,0.000000
0.400000,-0.000000,70.000000,0,PREGRASP_DESCENT_OR_CARRY,nan,nan,nan,nan,0.000000
0.400000,-0.000000,80.000000,0,PREGRASP_DESCENT_OR_CARRY,nan,nan,nan,nan,0.000000
0.450000,-0.000000,0.000000,1,NONE,0.080000,-0.040000,90.000000,-2.000000,0.053204
0.450000,-0.000000,10.000000,1,NONE,0.080000,-0.040000,100.000000,-2.000000,0.032060
0.450000,-0.000000,20.000000,1,NONE,0.080000,-0.040000,110.000000,-2.000000,0.045678
0.450000,-0.000000,30.000000,1,NONE,0.080000,-0.040000,120.000000,-2.000000,0.149180
0.450000,-0.000000,40.000000,1,NONE,0.080000,-0.032000,130.000000,-2.000000,0.100370
0.450000,-0.000000,50.000000,1,NONE,0.080000,-0.032000,140.000000,-2.000000,0.134364
0.450000,-0.000000,60.000000,1,NONE,0.080000,-0.040000,60.000000,-2.000000,0.041171
0.450000,-0.000000,70.000000,1,NONE,0.080000,-0.040000,70.000000,-2.000000,0.039923
0.450000,-0.000000,80.000000,1,NONE,0.080000,-0.040000,80.000000,-2.000000,0.041761
0.500000,-0.000000,0.000000,0,PREGRASP_DESCENT_OR_CARRY,nan,nan,nan,nan,0.000000
0.500000,-0.000000,10.000000,0,PREGRASP_DESCENT_OR_CARRY,nan,nan,nan,nan,0.000000
0.500000,-0.000000,20.000000,0,PREGRASP_DESCENT_OR_CARRY,nan,nan,nan,nan,0.000000
0.500000,-0.000000,30.000000,0,PREGRASP_DESCENT_OR_CARRY,nan,nan,nan,nan,0.000000
0.500000,-0.000000,40.000000,0,PREGRASP_DESCENT_OR_CARRY,nan,nan,nan,nan,0.000000
0.500000,-0.000000,50.000000,0,PREGRASP_DESCENT_OR_CARRY,nan,nan,nan,nan,0.000000
0.500000,-0.000000,60.000000,0,PREGRASP_DESCENT_OR_CARRY,nan,nan,nan,nan,0.000000
0.500000,-0.000000,70.000000,0,PREGRASP_DESCENT_OR_CARRY,nan,nan,nan,nan,0.000000
0.500000,-0.000000,80.000000,0,PREGRASP_DESCENT_OR_CARRY,nan,nan,nan,nan,0.000000
0.550000,-0.000000,0.000000,0,PREGRASP_DESCENT_OR_CARRY,nan,nan,nan,nan,0.000000
0.550000,-0.000000,10.000000,0,PREGRASP_DESCENT_OR_CARRY,nan,nan,nan,nan,0.000000
0.550000,-0.000000,20.000000,0,PREGRASP_DESCENT_OR_CARRY,nan,nan,nan,nan,0.000000
0.550000,-0.000000,30.000000,0,PREGRASP_DESCENT_OR_CARRY,nan,nan,nan,nan,0.000000
0.550000,-0.000000,40.000000,0,PREGRASP_DESCENT_OR_CARRY,nan,nan,nan,nan,0.000000
0.550000,-0.000000,50.000000,0,PREGRASP_DESCENT_OR_CARRY,nan,nan,nan,nan,0.000000
0.550000,-0.000000,60.000000,0,PREGRASP_DESCENT_OR_CARRY,nan,nan,nan,nan,0.000000
0.550000,-0.000000,70.000000,0,PREGRASP_DESCENT_OR_CARRY,nan,nan,nan,nan,0.000000
0.550000,-0.000000,80.000000,0,PREGRASP_DESCENT_OR_CARRY,nan,nan,nan,nan,0.000000
0.600000,-0.000000,0.000000,0,PLAN_TOP_OBSERVE,nan,nan,nan,nan,0.000000
0.600000,-0.000000,10.000000,0,PLAN_TOP_OBSERVE,nan,nan,nan,nan,0.000000
0.600000,-0.000000,20.000000,0,PLAN_TOP_OBSERVE,nan,nan,nan,nan,0.000000
0.600000,-0.000000,30.000000,0,PLAN_TOP_OBSERVE,nan,nan,nan,nan,0.000000
0.600000,-0.000000,40.000000,0,PLAN_TOP_OBSERVE,nan,nan,nan,nan,0.000000
0.600000,-0.000000,50.000000,0,PLAN_TOP_OBSERVE,nan,nan,nan,nan,0.000000
0.600000,-0.000000,60.000000,0,PLAN_TOP_OBSERVE,nan,nan,nan,nan,0.000000
0.600000,-0.000000,70.000000,0,PLAN_TOP_OBSERVE,nan,nan,nan,nan,0.000000
0.600000,-0.000000,80.000000,0,PLAN_TOP_OBSERVE,nan,nan,nan,nan,0.000000
0.650000,-0.000000,0.000000,0,PLAN_TOP_OBSERVE,nan,nan,nan,nan,0.000000
0.650000,-0.000000,10.000000,0,PLAN_TOP_OBSERVE,nan,nan,nan,nan,0.000000
0.650000,-0.000000,20.000000,0,PLAN_TOP_OBSERVE,nan,nan,nan,nan,0.000000
0.650000,-0.000000,30.000000,0,PLAN_TOP_OBSERVE,nan,nan,nan,nan,0.000000
0.650000,-0.000000,40.000000,0,PLAN_TOP_OBSERVE,nan,nan,nan,nan,0.000000
0.650000,-0.000000,50.000000,0,PLAN_TOP_OBSERVE,nan,nan,nan,nan,0.000000
0.650000,-0.000000,60.000000,0,PLAN_TOP_OBSERVE,nan,nan,nan,nan,0.000000
0.650000,-0.000000,70.000000,0,PLAN_TOP_OBSERVE,nan,nan,nan,nan,0.000000
0.650000,-0.000000,80.000000,0,PLAN_TOP_OBSERVE,nan,nan,nan,nan,0.000000
0.700000,-0.000000,0.000000,0,PLAN_TOP_OBSERVE,nan,nan,nan,nan,0.000000
0.700000,-0.000000,10.000000,0,PLAN_TOP_OBSERVE,nan,nan,nan,nan,0.000000
0.700000,-0.000000,20.000000,0,PLAN_TOP_OBSERVE,nan,nan,nan,nan,0.000000
0.700000,-0.000000,30.000000,0,PLAN_TOP_OBSERVE,nan,nan,nan,nan,0.000000
0.700000,-0.000000,40.000000,0,PLAN_TOP_OBSERVE,nan,nan,nan,nan,0.000000
0.700000,-0.000000,50.000000,0,PLAN_TOP_OBSERVE,nan,nan,nan,nan,0.000000
0.700000,-0.000000,60.000000,0,PLAN_TOP_OBSERVE,nan,nan,nan,nan,0.000000
0.700000,-0.000000,70.000000,0,PLAN_TOP_OBSERVE,nan,nan,nan,nan,0.000000
0.700000,-0.000000,80.000000,0,PLAN_TOP_OBSERVE,nan,nan,nan,nan,0.000000
-0.700000,0.050000,0.000000,0,PLAN_TOP_OBSERVE,nan,nan,nan,nan,0.000000
-0.700000,0.050000,10.000000,0,PLAN_TOP_OBSERVE,nan,nan,nan,nan,0.000000
-0.700000,0.050000,20.000000,0,PLAN_TOP_OBSERVE,nan,nan,nan,nan,0.000000
-0.700000,0.050000,30.000000,0,PLAN_TOP_OBSERVE,nan,nan,nan,nan,0.000000
-0.700000,0.050000,40.000000,0,PLAN_TOP_OBSERVE,nan,nan,nan,nan,0.000000
-0.700000,0.050000,50.000000,0,PLAN_TOP_OBSERVE,nan,nan,nan,nan,0.000000
-0.700000,0.050000,60.000000,0,PLAN_TOP_OBSERVE,nan,nan,nan,nan,0.000000
-0.700000,0.050000,70.000000,0,PLAN_TOP_OBSERVE,nan,nan,nan,nan,0.000000
-0.700000,0.050000,80.000000,0,PLAN_TOP_OBSERVE,nan,nan,nan,nan,0.000000
-0.650000,0.050000,0.000000,0,PLAN_TOP_OBSERVE,nan,nan,nan,nan,0.000000
-0.650000,0.050000,10.000000,0,PLAN_TOP_OBSERVE,nan,nan,nan,nan,0.000000
-0.650000,0.050000,20.000000,0,PLAN_TOP_OBSERVE,nan,nan,nan,nan,0.000000
-0.650000,0.050000,30.000000,0,PLAN_TOP_OBSERVE,nan,nan,nan,nan,0.000000
-0.650000,0.050000,40.000000,0,PLAN_TOP_OBSERVE,nan,nan,nan,nan,0.000000
-0.650000,0.050000,50.000000,0,PLAN_TOP_OBSERVE,nan,nan,nan,nan,0.000000
-0.650000,0.050000,60.000000,0,PLAN_TOP_OBSERVE,nan,nan,nan,nan,0.000000
-0.650000,0.050000,70.000000,0,PLAN_TOP_OBSERVE,nan,nan,nan,nan,0.000000
-0.650000,0.050000,80.000000,0,PLAN_TOP_OBSERVE,nan,nan,nan,nan,0.000000
-0.600000,0.050000,0.000000,0,PLAN_TOP_OBSERVE,nan,nan,nan,nan,0.000000
-0.600000,0.050000,10.000000,0,PLAN_TOP_OBSERVE,nan,nan,nan,nan,0.000000
-0.600000,0.050000,20.000000,0,PLAN_TOP_OBSERVE,nan,nan,nan,nan,0.000000
-0.600000,0.050000,30.000000,0,PLAN_TOP_OBSERVE,nan,nan,nan,nan,0.000000
-0.600000,0.050000,40.000000,0,PLAN_TOP_OBSERVE,nan,nan,nan,nan,0.000000
-0.600000,0.050000,50.000000,0,PLAN_TOP_OBSERVE,nan,nan,nan,nan,0.000000
-0.600000,0.050000,60.000000,0,PLAN_TOP_OBSERVE,nan,nan,nan,nan,0.000000
-0.600000,0.050000,70.000000,0,PLAN_TOP_OBSERVE,nan,nan,nan,nan,0.000000
-0.600000,0.050000,80.000000,0,PLAN_TOP_OBSERVE,nan,nan,nan,nan,0.000000
-0.550000,0.050000,0.000000,0,PLAN_TOP_OBSERVE,nan,nan,nan,nan,0.000000
-0.550000,0.050000,10.000000,0,PLAN_TOP_OBSERVE,nan,nan,nan,nan,0.000000
-0.550000,0.050000,20.000000,0,PLAN_TOP_OBSERVE,nan,nan,nan,nan,0.000000
-0.550000,0.050000,30.000000,0,PLAN_TOP_OBSERVE,nan,nan,nan,nan,0.000000
-0.550000,0.050000,40.000000,0,PLAN_TOP_OBSERVE,nan,nan,nan,nan,0.000000
-0.550000,0.050000,50.000000,0,PLAN_TOP_OBSERVE,nan,nan,nan,nan,0.000000
-0.550000,0.050000,60.000000,0,PLAN_TOP_OBSERVE,nan,nan,nan,nan,0.000000
-0.550000,0.050000,70.000000,0,PLAN_TOP_OBSERVE,nan,nan,nan,nan,0.000000
-0.550000,0.050000,80.000000,0,PLAN_TOP_OBSERVE,nan,nan,nan,nan,0.000000
-0.500000,0.050000,0.000000,0,PLAN_TOP_OBSERVE,nan,nan,nan,nan,0.000000
-0.500000,0.050000,10.000000,0,PLAN_TOP_OBSERVE,nan,nan,nan,nan,0.000000
-0.500000,0.050000,20.000000,0,PLAN_TOP_OBSERVE,nan,nan,nan,nan,0.000000
-0.500000,0.050000,30.000000,0,PLAN_TOP_OBSERVE,nan,nan,nan,nan,0.000000
-0.500000,0.050000,40.000000,0,PLAN_TOP_OBSERVE,nan,nan,nan,nan,0.000000
-0.500000,0.050000,50.000000,0,PLAN_TOP_OBSERVE,nan,nan,nan,nan,0.000000
-0.500000,0.050000,60.000000,0,PLAN_TOP_OBSERVE,nan,nan,nan,nan,0.000000
-0.500000,0.050000,70.000000,0,PLAN_TOP_OBSERVE,nan,nan,nan,nan,0.000000
-0.500000,0.050000,80.000000,0,PLAN_TOP_OBSERVE,nan,nan,nan,nan,0.000000
-0.450000,0.050000,0.000000,0,TARGET_OVERLAPS_GO2_FOOTPRINT,nan,nan,nan,nan,0.000000
-0.450000,0.050000,10.000000,0,TARGET_OVERLAPS_GO2_FOOTPRINT,nan,nan,nan,nan,0.000000
-0.450000,0.050000,20.000000,0,TARGET_OVERLAPS_GO2_FOOTPRINT,nan,nan,nan,nan,0.000000
-0.450000,0.050000,30.000000,0,TARGET_OVERLAPS_GO2_FOOTPRINT,nan,nan,nan,nan,0.000000
-0.450000,0.050000,40.000000,0,TARGET_OVERLAPS_GO2_FOOTPRINT,nan,nan,nan,nan,0.000000
-0.450000,0.050000,50.000000,0,TARGET_OVERLAPS_GO2_FOOTPRINT,nan,nan,nan,nan,0.000000
-0.450000,0.050000,60.000000,0,TARGET_OVERLAPS_GO2_FOOTPRINT,nan,nan,nan,nan,0.000000
-0.450000,0.050000,70.000000,0,TARGET_OVERLAPS_GO2_FOOTPRINT,nan,nan,nan,nan,0.000000
-0.450000,0.050000,80.000000,0,TARGET_OVERLAPS_GO2_FOOTPRINT,nan,nan,nan,nan,0.000000
-0.400000,0.050000,0.000000,0,TARGET_OVERLAPS_GO2_FOOTPRINT,nan,nan,nan,nan,0.000000
-0.400000,0.050000,10.000000,0,TARGET_OVERLAPS_GO2_FOOTPRINT,nan,nan,nan,nan,0.000000
-0.400000,0.050000,20.000000,0,TARGET_OVERLAPS_GO2_FOOTPRINT,nan,nan,nan,nan,0.000000
-0.400000,0.050000,30.000000,0,TARGET_OVERLAPS_GO2_FOOTPRINT,nan,nan,nan,nan,0.000000
-0.400000,0.050000,40.000000,0,TARGET_OVERLAPS_GO2_FOOTPRINT,nan,nan,nan,nan,0.000000
-0.400000,0.050000,50.000000,0,TARGET_OVERLAPS_GO2_FOOTPRINT,nan,nan,nan,nan,0.000000
-0.400000,0.050000,60.000000,0,TARGET_OVERLAPS_GO2_FOOTPRINT,nan,nan,nan,nan,0.000000
-0.400000,0.050000,70.000000,0,TARGET_OVERLAPS_GO2_FOOTPRINT,nan,nan,nan,nan,0.000000
-0.400000,0.050000,80.000000,0,TARGET_OVERLAPS_GO2_FOOTPRINT,nan,nan,nan,nan,0.000000
-0.350000,0.050000,0.000000,0,TARGET_OVERLAPS_GO2_FOOTPRINT,nan,nan,nan,nan,0.000000
-0.350000,0.050000,10.000000,0,TARGET_OVERLAPS_GO2_FOOTPRINT,nan,nan,nan,nan,0.000000
-0.350000,0.050000,20.000000,0,TARGET_OVERLAPS_GO2_FOOTPRINT,nan,nan,nan,nan,0.000000
-0.350000,0.050000,30.000000,0,TARGET_OVERLAPS_GO2_FOOTPRINT,nan,nan,nan,nan,0.000000
-0.350000,0.050000,40.000000,0,TARGET_OVERLAPS_GO2_FOOTPRINT,nan,nan,nan,nan,0.000000
-0.350000,0.050000,50.000000,0,TARGET_OVERLAPS_GO2_FOOTPRINT,nan,nan,nan,nan,0.000000
-0.350000,0.050000,60.000000,0,TARGET_OVERLAPS_GO2_FOOTPRINT,nan,nan,nan,nan,0.000000
-0.350000,0.050000,70.000000,0,TARGET_OVERLAPS_GO2_FOOTPRINT,nan,nan,nan,nan,0.000000
-0.350000,0.050000,80.000000,0,TARGET_OVERLAPS_GO2_FOOTPRINT,nan,nan,nan,nan,0.000000
-0.300000,0.050000,0.000000,0,TARGET_OVERLAPS_GO2_FOOTPRINT,nan,nan,nan,nan,0.000000
-0.300000,0.050000,10.000000,0,TARGET_OVERLAPS_GO2_FOOTPRINT,nan,nan,nan,nan,0.000000
-0.300000,0.050000,20.000000,0,TARGET_OVERLAPS_GO2_FOOTPRINT,nan,nan,nan,nan,0.000000
-0.300000,0.050000,30.000000,0,TARGET_OVERLAPS_GO2_FOOTPRINT,nan,nan,nan,nan,0.000000
-0.300000,0.050000,40.000000,0,TARGET_OVERLAPS_GO2_FOOTPRINT,nan,nan,nan,nan,0.000000
-0.300000,0.050000,50.000000,0,TARGET_OVERLAPS_GO2_FOOTPRINT,nan,nan,nan,nan,0.000000
-0.300000,0.050000,60.000000,0,TARGET_OVERLAPS_GO2_FOOTPRINT,nan,nan,nan,nan,0.000000
-0.300000,0.050000,70.000000,0,TARGET_OVERLAPS_GO2_FOOTPRINT,nan,nan,nan,nan,0.000000
-0.300000,0.050000,80.000000,0,TARGET_OVERLAPS_GO2_FOOTPRINT,nan,nan,nan,nan,0.000000
-0.250000,0.050000,0.000000,0,TARGET_OVERLAPS_GO2_FOOTPRINT,nan,nan,nan,nan,0.000000
-0.250000,0.050000,10.000000,0,TARGET_OVERLAPS_GO2_FOOTPRINT,nan,nan,nan,nan,0.000000
-0.250000,0.050000,20.000000,0,TARGET_OVERLAPS_GO2_FOOTPRINT,nan,nan,nan,nan,0.000000
-0.250000,0.050000,30.000000,0,TARGET_OVERLAPS_GO2_FOOTPRINT,nan,nan,nan,nan,0.000000
-0.250000,0.050000,40.000000,0,TARGET_OVERLAPS_GO2_FOOTPRINT,nan,nan,nan,nan,0.000000
-0.250000,0.050000,50.000000,0,TARGET_OVERLAPS_GO2_FOOTPRINT,nan,nan,nan,nan,0.000000
-0.250000,0.050000,60.000000,0,TARGET_OVERLAPS_GO2_FOOTPRINT,nan,nan,nan,nan,0.000000
-0.250000,0.050000,70.000000,0,TARGET_OVERLAPS_GO2_FOOTPRINT,nan,nan,nan,nan,0.000000
-0.250000,0.050000,80.000000,0,TARGET_OVERLAPS_GO2_FOOTPRINT,nan,nan,nan,nan,0.000000
-0.200000,0.050000,0.000000,0,TARGET_OVERLAPS_GO2_FOOTPRINT,nan,nan,nan,nan,0.000000
-0.200000,0.050000,10.000000,0,TARGET_OVERLAPS_GO2_FOOTPRINT,nan,nan,nan,nan,0.000000
-0.200000,0.050000,20.000000,0,TARGET_OVERLAPS_GO2_FOOTPRINT,nan,nan,nan,nan,0.000000
-0.200000,0.050000,30.000000,0,TARGET_OVERLAPS_GO2_FOOTPRINT,nan,nan,nan,nan,0.000000
-0.200000,0.050000,40.000000,0,TARGET_OVERLAPS_GO2_FOOTPRINT,nan,nan,nan,nan,0.000000
-0.200000,0.050000,50.000000,0,TARGET_OVERLAPS_GO2_FOOTPRINT,nan,nan,nan,nan,0.000000
-0.200000,0.050000,60.000000,0,TARGET_OVERLAPS_GO2_FOOTPRINT,nan,nan,nan,nan,0.000000
-0.200000,0.050000,70.000000,0,TARGET_OVERLAPS_GO2_FOOTPRINT,nan,nan,nan,nan,0.000000
-0.200000,0.050000,80.000000,0,TARGET_OVERLAPS_GO2_FOOTPRINT,nan,nan,nan,nan,0.000000
-0.150000,0.050000,0.000000,0,TARGET_OVERLAPS_GO2_FOOTPRINT,nan,nan,nan,nan,0.000000
-0.150000,0.050000,10.000000,0,TARGET_OVERLAPS_GO2_FOOTPRINT,nan,nan,nan,nan,0.000000
-0.150000,0.050000,20.000000,0,TARGET_OVERLAPS_GO2_FOOTPRINT,nan,nan,nan,nan,0.000000
-0.150000,0.050000,30.000000,0,TARGET_OVERLAPS_GO2_FOOTPRINT,nan,nan,nan,nan,0.000000
-0.150000,0.050000,40.000000,0,TARGET_OVERLAPS_GO2_FOOTPRINT,nan,nan,nan,nan,0.000000
-0.150000,0.050000,50.000000,0,TARGET_OVERLAPS_GO2_FOOTPRINT,nan,nan,nan,nan,0.000000
-0.150000,0.050000,60.000000,0,TARGET_OVERLAPS_GO2_FOOTPRINT,nan,nan,nan,nan,0.000000
-0.150000,0.050000,70.000000,0,TARGET_OVERLAPS_GO2_FOOTPRINT,nan,nan,nan,nan,0.000000
-0.150000,0.050000,80.000000,0,TARGET_OVERLAPS_GO2_FOOTPRINT,nan,nan,nan,nan,0.000000
-0.100000,0.050000,0.000000,0,TARGET_OVERLAPS_GO2_FOOTPRINT,nan,nan,nan,nan,0.000000
-0.100000,0.050000,10.000000,0,TARGET_OVERLAPS_GO2_FOOTPRINT,nan,nan,nan,nan,0.000000
-0.100000,0.050000,20.000000,0,TARGET_OVERLAPS_GO2_FOOTPRINT,nan,nan,nan,nan,0.000000
-0.100000,0.050000,30.000000,0,TARGET_OVERLAPS_GO2_FOOTPRINT,nan,nan,nan,nan,0.000000
-0.100000,0.050000,40.000000,0,TARGET_OVERLAPS_GO2_FOOTPRINT,nan,nan,nan,nan,0.000000
-0.100000,0.050000,50.000000,0,TARGET_OVERLAPS_GO2_FOOTPRINT,nan,nan,nan,nan,0.000000
-0.100000,0.050000,60.000000,0,TARGET_OVERLAPS_GO2_FOOTPRINT,nan,nan,nan,nan,0.000000
-0.100000,0.050000,70.000000,0,TARGET_OVERLAPS_GO2_FOOTPRINT,nan,nan,nan,nan,0.000000
-0.100000,0.050000,80.000000,0,TARGET_OVERLAPS_GO2_FOOTPRINT,nan,nan,nan,nan,0.000000
-0.050000,0.050000,0.000000,0,TARGET_OVERLAPS_GO2_FOOTPRINT,nan,nan,nan,nan,0.000000
-0.050000,0.050000,10.000000,0,TARGET_OVERLAPS_GO2_FOOTPRINT,nan,nan,nan,nan,0.000000
-0.050000,0.050000,20.000000,0,TARGET_OVERLAPS_GO2_FOOTPRINT,nan,nan,nan,nan,0.000000
-0.050000,0.050000,30.000000,0,TARGET_OVERLAPS_GO2_FOOTPRINT,nan,nan,nan,nan,0.000000
-0.050000,0.050000,40.000000,0,TARGET_OVERLAPS_GO2_FOOTPRINT,nan,nan,nan,nan,0.000000
-0.050000,0.050000,50.000000,0,TARGET_OVERLAPS_GO2_FOOTPRINT,nan,nan,nan,nan,0.000000
-0.050000,0.050000,60.000000,0,TARGET_OVERLAPS_GO2_FOOTPRINT,nan,nan,nan,nan,0.000000
-0.050000,0.050000,70.000000,0,TARGET_OVERLAPS_GO2_FOOTPRINT,nan,nan,nan,nan,0.000000
-0.050000,0.050000,80.000000,0,TARGET_OVERLAPS_GO2_FOOTPRINT,nan,nan,nan,nan,0.000000
0.000000,0.050000,0.000000,0,TARGET_OVERLAPS_GO2_FOOTPRINT,nan,nan,nan,nan,0.000000
0.000000,0.050000,10.000000,0,TARGET_OVERLAPS_GO2_FOOTPRINT,nan,nan,nan,nan,0.000000
0.000000,0.050000,20.000000,0,TARGET_OVERLAPS_GO2_FOOTPRINT,nan,nan,nan,nan,0.000000
0.000000,0.050000,30.000000,0,TARGET_OVERLAPS_GO2_FOOTPRINT,nan,nan,nan,nan,0.000000
0.000000,0.050000,40.000000,0,TARGET_OVERLAPS_GO2_FOOTPRINT,nan,nan,nan,nan,0.000000
0.000000,0.050000,50.000000,0,TARGET_OVERLAPS_GO2_FOOTPRINT,nan,nan,nan,nan,0.000000
0.000000,0.050000,60.000000,0,TARGET_OVERLAPS_GO2_FOOTPRINT,nan,nan,nan,nan,0.000000
0.000000,0.050000,70.000000,0,TARGET_OVERLAPS_GO2_FOOTPRINT,nan,nan,nan,nan,0.000000
0.000000,0.050000,80.000000,0,TARGET_OVERLAPS_GO2_FOOTPRINT,nan,nan,nan,nan,0.000000
0.050000,0.050000,0.000000,0,TARGET_OVERLAPS_GO2_FOOTPRINT,nan,nan,nan,nan,0.000000
0.050000,0.050000,10.000000,0,TARGET_OVERLAPS_GO2_FOOTPRINT,nan,nan,nan,nan,0.000000
0.050000,0.050000,20.000000,0,TARGET_OVERLAPS_GO2_FOOTPRINT,nan,nan,nan,nan,0.000000
0.050000,0.050000,30.000000,0,TARGET_OVERLAPS_GO2_FOOTPRINT,nan,nan,nan,nan,0.000000
0.050000,0.050000,40.000000,0,TARGET_OVERLAPS_GO2_FOOTPRINT,nan,nan,nan,nan,0.000000
0.050000,0.050000,50.000000,0,TARGET_OVERLAPS_GO2_FOOTPRINT,nan,nan,nan,nan,0.000000
0.050000,0.050000,60.000000,0,TARGET_OVERLAPS_GO2_FOOTPRINT,nan,nan,nan,nan,0.000000
0.050000,0.050000,70.000000,0,TARGET_OVERLAPS_GO2_FOOTPRINT,nan,nan,nan,nan,0.000000
0.050000,0.050000,80.000000,0,TARGET_OVERLAPS_GO2_FOOTPRINT,nan,nan,nan,nan,0.000000
0.100000,0.050000,0.000000,0,TARGET_OVERLAPS_GO2_FOOTPRINT,nan,nan,nan,nan,0.000000
0.100000,0.050000,10.000000,0,TARGET_OVERLAPS_GO2_FOOTPRINT,nan,nan,nan,nan,0.000000
0.100000,0.050000,20.000000,0,TARGET_OVERLAPS_GO2_FOOTPRINT,nan,nan,nan,nan,0.000000
0.100000,0.050000,30.000000,0,TARGET_OVERLAPS_GO2_FOOTPRINT,nan,nan,nan,nan,0.000000
0.100000,0.050000,40.000000,0,TARGET_OVERLAPS_GO2_FOOTPRINT,nan,nan,nan,nan,0.000000
0.100000,0.050000,50.000000,0,TARGET_OVERLAPS_GO2_FOOTPRINT,nan,nan,nan,nan,0.000000
0.100000,0.050000,60.000000,0,TARGET_OVERLAPS_GO2_FOOTPRINT,nan,nan,nan,nan,0.000000
0.100000,0.050000,70.000000,0,TARGET_OVERLAPS_GO2_FOOTPRINT,nan,nan,nan,nan,0.000000
0.100000,0.050000,80.000000,0,TARGET_OVERLAPS_GO2_FOOTPRINT,nan,nan,nan,nan,0.000000
0.150000,0.050000,0.000000,0,TARGET_OVERLAPS_GO2_FOOTPRINT,nan,nan,nan,nan,0.000000
0.150000,0.050000,10.000000,0,TARGET_OVERLAPS_GO2_FOOTPRINT,nan,nan,nan,nan,0.000000
0.150000,0.050000,20.000000,0,TARGET_OVERLAPS_GO2_FOOTPRINT,nan,nan,nan,nan,0.000000
0.150000,0.050000,30.000000,0,TARGET_OVERLAPS_GO2_FOOTPRINT,nan,nan,nan,nan,0.000000
0.150000,0.050000,40.000000,0,TARGET_OVERLAPS_GO2_FOOTPRINT,nan,nan,nan,nan,0.000000
0.150000,0.050000,50.000000,0,TARGET_OVERLAPS_GO2_FOOTPRINT,nan,nan,nan,nan,0.000000
0.150000,0.050000,60.000000,0,TARGET_OVERLAPS_GO2_FOOTPRINT,nan,nan,nan,nan,0.000000
0.150000,0.050000,70.000000,0,TARGET_OVERLAPS_GO2_FOOTPRINT,nan,nan,nan,nan,0.000000
0.150000,0.050000,80.000000,0,TARGET_OVERLAPS_GO2_FOOTPRINT,nan,nan,nan,nan,0.000000
0.200000,0.050000,0.000000,0,TARGET_OVERLAPS_GO2_FOOTPRINT,nan,nan,nan,nan,0.000000
0.200000,0.050000,10.000000,0,TARGET_OVERLAPS_GO2_FOOTPRINT,nan,nan,nan,nan,0.000000
0.200000,0.050000,20.000000,0,TARGET_OVERLAPS_GO2_FOOTPRINT,nan,nan,nan,nan,0.000000
0.200000,0.050000,30.000000,0,TARGET_OVERLAPS_GO2_FOOTPRINT,nan,nan,nan,nan,0.000000
0.200000,0.050000,40.000000,0,TARGET_OVERLAPS_GO2_FOOTPRINT,nan,nan,nan,nan,0.000000
0.200000,0.050000,50.000000,0,TARGET_OVERLAPS_GO2_FOOTPRINT,nan,nan,nan,nan,0.000000
0.200000,0.050000,60.000000,0,TARGET_OVERLAPS_GO2_FOOTPRINT,nan,nan,nan,nan,0.000000
0.200000,0.050000,70.000000,0,TARGET_OVERLAPS_GO2_FOOTPRINT,nan,nan,nan,nan,0.000000
0.200000,0.050000,80.000000,0,TARGET_OVERLAPS_GO2_FOOTPRINT,nan,nan,nan,nan,0.000000
0.250000,0.050000,0.000000,0,TARGET_OVERLAPS_GO2_FOOTPRINT,nan,nan,nan,nan,0.000000
0.250000,0.050000,10.000000,0,TARGET_OVERLAPS_GO2_FOOTPRINT,nan,nan,nan,nan,0.000000
0.250000,0.050000,20.000000,0,TARGET_OVERLAPS_GO2_FOOTPRINT,nan,nan,nan,nan,0.000000
0.250000,0.050000,30.000000,0,TARGET_OVERLAPS_GO2_FOOTPRINT,nan,nan,nan,nan,0.000000
0.250000,0.050000,40.000000,0,TARGET_OVERLAPS_GO2_FOOTPRINT,nan,nan,nan,nan,0.000000
0.250000,0.050000,50.000000,0,TARGET_OVERLAPS_GO2_FOOTPRINT,nan,nan,nan,nan,0.000000
0.250000,0.050000,60.000000,0,TARGET_OVERLAPS_GO2_FOOTPRINT,nan,nan,nan,nan,0.000000
0.250000,0.050000,70.000000,0,TARGET_OVERLAPS_GO2_FOOTPRINT,nan,nan,nan,nan,0.000000
0.250000,0.050000,80.000000,0,TARGET_OVERLAPS_GO2_FOOTPRINT,nan,nan,nan,nan,0.000000
0.300000,0.050000,0.000000,0,TARGET_OVERLAPS_GO2_FOOTPRINT,nan,nan,nan,nan,0.000000
0.300000,0.050000,10.000000,0,TARGET_OVERLAPS_GO2_FOOTPRINT,nan,nan,nan,nan,0.000000
0.300000,0.050000,20.000000,0,TARGET_OVERLAPS_GO2_FOOTPRINT,nan,nan,nan,nan,0.000000
0.300000,0.050000,30.000000,0,TARGET_OVERLAPS_GO2_FOOTPRINT,nan,nan,nan,nan,0.000000
0.300000,0.050000,40.000000,0,TARGET_OVERLAPS_GO2_FOOTPRINT,nan,nan,nan,nan,0.000000
0.300000,0.050000,50.000000,0,TARGET_OVERLAPS_GO2_FOOTPRINT,nan,nan,nan,nan,0.000000
0.300000,0.050000,60.000000,0,TARGET_OVERLAPS_GO2_FOOTPRINT,nan,nan,nan,nan,0.000000
0.300000,0.050000,70.000000,0,TARGET_OVERLAPS_GO2_FOOTPRINT,nan,nan,nan,nan,0.000000
0.300000,0.050000,80.000000,0,TARGET_OVERLAPS_GO2_FOOTPRINT,nan,nan,nan,nan,0.000000
0.350000,0.050000,0.000000,0,TARGET_OVERLAPS_GO2_FOOTPRINT,nan,nan,nan,nan,0.000000
0.350000,0.050000,10.000000,0,TARGET_OVERLAPS_GO2_FOOTPRINT,nan,nan,nan,nan,0.000000
0.350000,0.050000,20.000000,0,TARGET_OVERLAPS_GO2_FOOTPRINT,nan,nan,nan,nan,0.000000
0.350000,0.050000,30.000000,0,TARGET_OVERLAPS_GO2_FOOTPRINT,nan,nan,nan,nan,0.000000
0.350000,0.050000,40.000000,0,TARGET_OVERLAPS_GO2_FOOTPRINT,nan,nan,nan,nan,0.000000
0.350000,0.050000,50.000000,0,TARGET_OVERLAPS_GO2_FOOTPRINT,nan,nan,nan,nan,0.000000
0.350000,0.050000,60.000000,0,TARGET_OVERLAPS_GO2_FOOTPRINT,nan,nan,nan,nan,0.000000
0.350000,0.050000,70.000000,0,TARGET_OVERLAPS_GO2_FOOTPRINT,nan,nan,nan,nan,0.000000
0.350000,0.050000,80.000000,0,TARGET_OVERLAPS_GO2_FOOTPRINT,nan,nan,nan,nan,0.000000
0.400000,0.050000,0.000000,0,PREGRASP_DESCENT_OR_CARRY,nan,nan,nan,nan,0.000000
0.400000,0.050000,10.000000,0,PREGRASP_DESCENT_OR_CARRY,nan,nan,nan,nan,0.000000
0.400000,0.050000,20.000000,0,PREGRASP_DESCENT_OR_CARRY,nan,nan,nan,nan,0.000000
0.400000,0.050000,30.000000,0,PREGRASP_DESCENT_OR_CARRY,nan,nan,nan,nan,0.000000
0.400000,0.050000,40.000000,0,PREGRASP_DESCENT_OR_CARRY,nan,nan,nan,nan,0.000000
0.400000,0.050000,50.000000,0,PREGRASP_DESCENT_OR_CARRY,nan,nan,nan,nan,0.000000
0.400000,0.050000,60.000000,0,PREGRASP_DESCENT_OR_CARRY,nan,nan,nan,nan,0.000000
0.400000,0.050000,70.000000,0,PREGRASP_DESCENT_OR_CARRY,nan,nan,nan,nan,0.000000
0.400000,0.050000,80.000000,0,PREGRASP_DESCENT_OR_CARRY,nan,nan,nan,nan,0.000000
0.450000,0.050000,0.000000,1,NONE,0.080000,-0.032000,90.000000,-2.000000,0.051965
0.450000,0.050000,10.000000,1,NONE,0.080000,-0.032000,100.000000,-2.000000,0.032171
0.450000,0.050000,20.000000,1,NONE,0.080000,-0.032000,110.000000,-2.000000,0.041458
0.450000,0.050000,30.000000,1,NONE,0.080000,-0.032000,120.000000,-2.000000,0.043489
0.450000,0.050000,40.000000,1,NONE,0.080000,-0.032000,130.000000,-2.000000,0.093958
0.450000,0.050000,50.000000,1,NONE,0.080000,-0.032000,140.000000,-2.000000,0.137627
0.450000,0.050000,60.000000,1,NONE,0.080000,-0.032000,60.000000,-2.000000,0.052752
0.450000,0.050000,70.000000,1,NONE,0.080000,-0.032000,70.000000,-2.000000,0.034734
0.450000,0.050000,80.000000,1,NONE,0.080000,-0.032000,80.000000,-2.000000,0.051210
0.500000,0.050000,0.000000,0,PREGRASP_DESCENT_OR_CARRY,nan,nan,nan,nan,0.000000
0.500000,0.050000,10.000000,0,PREGRASP_DESCENT_OR_CARRY,nan,nan,nan,nan,0.000000
0.500000,0.050000,20.000000,0,PREGRASP_DESCENT_OR_CARRY,nan,nan,nan,nan,0.000000
0.500000,0.050000,30.000000,0,PREGRASP_DESCENT_OR_CARRY,nan,nan,nan,nan,0.000000
0.500000,0.050000,40.000000,0,PREGRASP_DESCENT_OR_CARRY,nan,nan,nan,nan,0.000000
0.500000,0.050000,50.000000,0,PREGRASP_DESCENT_OR_CARRY,nan,nan,nan,nan,0.000000
0.500000,0.050000,60.000000,0,PREGRASP_DESCENT_OR_CARRY,nan,nan,nan,nan,0.000000
0.500000,0.050000,70.000000,0,PREGRASP_DESCENT_OR_CARRY,nan,nan,nan,nan,0.000000
0.500000,0.050000,80.000000,0,PREGRASP_DESCENT_OR_CARRY,nan,nan,nan,nan,0.000000
0.550000,0.050000,0.000000,0,PREGRASP_DESCENT_OR_CARRY,nan,nan,nan,nan,0.000000
0.550000,0.050000,10.000000,0,PREGRASP_DESCENT_OR_CARRY,nan,nan,nan,nan,0.000000
0.550000,0.050000,20.000000,0,PREGRASP_DESCENT_OR_CARRY,nan,nan,nan,nan,0.000000
0.550000,0.050000,30.000000,0,PREGRASP_DESCENT_OR_CARRY,nan,nan,nan,nan,0.000000
0.550000,0.050000,40.000000,0,PREGRASP_DESCENT_OR_CARRY,nan,nan,nan,nan,0.000000
0.550000,0.050000,50.000000,0,PREGRASP_DESCENT_OR_CARRY,nan,nan,nan,nan,0.000000
0.550000,0.050000,60.000000,0,PREGRASP_DESCENT_OR_CARRY,nan,nan,nan,nan,0.000000
0.550000,0.050000,70.000000,0,PREGRASP_DESCENT_OR_CARRY,nan,nan,nan,nan,0.000000
0.550000,0.050000,80.000000,0,PREGRASP_DESCENT_OR_CARRY,nan,nan,nan,nan,0.000000
0.600000,0.050000,0.000000,0,PLAN_TOP_OBSERVE,nan,nan,nan,nan,0.000000
0.600000,0.050000,10.000000,0,PLAN_TOP_OBSERVE,nan,nan,nan,nan,0.000000
0.600000,0.050000,20.000000,0,PLAN_TOP_OBSERVE,nan,nan,nan,nan,0.000000
0.600000,0.050000,30.000000,0,PLAN_TOP_OBSERVE,nan,nan,nan,nan,0.000000
0.600000,0.050000,40.000000,0,PLAN_TOP_OBSERVE,nan,nan,nan,nan,0.000000
0.600000,0.050000,50.000000,0,PLAN_TOP_OBSERVE,nan,nan,nan,nan,0.000000
0.600000,0.050000,60.000000,0,PLAN_TOP_OBSERVE,nan,nan,nan,nan,0.000000
0.600000,0.050000,70.000000,0,PLAN_TOP_OBSERVE,nan,nan,nan,nan,0.000000
0.600000,0.050000,80.000000,0,PLAN_TOP_OBSERVE,nan,nan,nan,nan,0.000000
0.650000,0.050000,0.000000,0,PLAN_TOP_OBSERVE,nan,nan,nan,nan,0.000000
0.650000,0.050000,10.000000,0,PLAN_TOP_OBSERVE,nan,nan,nan,nan,0.000000
0.650000,0.050000,20.000000,0,PLAN_TOP_OBSERVE,nan,nan,nan,nan,0.000000
0.650000,0.050000,30.000000,0,PLAN_TOP_OBSERVE,nan,nan,nan,nan,0.000000
0.650000,0.050000,40.000000,0,PLAN_TOP_OBSERVE,nan,nan,nan,nan,0.000000
0.650000,0.050000,50.000000,0,PLAN_TOP_OBSERVE,nan,nan,nan,nan,0.000000
0.650000,0.050000,60.000000,0,PLAN_TOP_OBSERVE,nan,nan,nan,nan,0.000000
0.650000,0.050000,70.000000,0,PLAN_TOP_OBSERVE,nan,nan,nan,nan,0.000000
0.650000,0.050000,80.000000,0,PLAN_TOP_OBSERVE,nan,nan,nan,nan,0.000000
0.700000,0.050000,0.000000,0,PLAN_TOP_OBSERVE,nan,nan,nan,nan,0.000000
0.700000,0.050000,10.000000,0,PLAN_TOP_OBSERVE,nan,nan,nan,nan,0.000000
0.700000,0.050000,20.000000,0,PLAN_TOP_OBSERVE,nan,nan,nan,nan,0.000000
0.700000,0.050000,30.000000,0,PLAN_TOP_OBSERVE,nan,nan,nan,nan,0.000000
0.700000,0.050000,40.000000,0,PLAN_TOP_OBSERVE,nan,nan,nan,nan,0.000000
0.700000,0.050000,50.000000,0,PLAN_TOP_OBSERVE,nan,nan,nan,nan,0.000000
0.700000,0.050000,60.000000,0,PLAN_TOP_OBSERVE,nan,nan,nan,nan,0.000000
0.700000,0.050000,70.000000,0,PLAN_TOP_OBSERVE,nan,nan,nan,nan,0.000000
0.700000,0.050000,80.000000,0,PLAN_TOP_OBSERVE,nan,nan,nan,nan,0.000000
-0.700000,0.100000,0.000000,0,PLAN_TOP_OBSERVE,nan,nan,nan,nan,0.000000
-0.700000,0.100000,10.000000,0,PLAN_TOP_OBSERVE,nan,nan,nan,nan,0.000000
-0.700000,0.100000,20.000000,0,PLAN_TOP_OBSERVE,nan,nan,nan,nan,0.000000
-0.700000,0.100000,30.000000,0,PLAN_TOP_OBSERVE,nan,nan,nan,nan,0.000000
-0.700000,0.100000,40.000000,0,PLAN_TOP_OBSERVE,nan,nan,nan,nan,0.000000
-0.700000,0.100000,50.000000,0,PLAN_TOP_OBSERVE,nan,nan,nan,nan,0.000000
-0.700000,0.100000,60.000000,0,PLAN_TOP_OBSERVE,nan,nan,nan,nan,0.000000
-0.700000,0.100000,70.000000,0,PLAN_TOP_OBSERVE,nan,nan,nan,nan,0.000000
-0.700000,0.100000,80.000000,0,PLAN_TOP_OBSERVE,nan,nan,nan,nan,0.000000
-0.650000,0.100000,0.000000,0,PLAN_TOP_OBSERVE,nan,nan,nan,nan,0.000000
-0.650000,0.100000,10.000000,0,PLAN_TOP_OBSERVE,nan,nan,nan,nan,0.000000
-0.650000,0.100000,20.000000,0,PLAN_TOP_OBSERVE,nan,nan,nan,nan,0.000000
-0.650000,0.100000,30.000000,0,PLAN_TOP_OBSERVE,nan,nan,nan,nan,0.000000
-0.650000,0.100000,40.000000,0,PLAN_TOP_OBSERVE,nan,nan,nan,nan,0.000000
-0.650000,0.100000,50.000000,0,PLAN_TOP_OBSERVE,nan,nan,nan,nan,0.000000
-0.650000,0.100000,60.000000,0,PLAN_TOP_OBSERVE,nan,nan,nan,nan,0.000000
-0.650000,0.100000,70.000000,0,PLAN_TOP_OBSERVE,nan,nan,nan,nan,0.000000
-0.650000,0.100000,80.000000,0,PLAN_TOP_OBSERVE,nan,nan,nan,nan,0.000000
-0.600000,0.100000,0.000000,0,PLAN_TOP_OBSERVE,nan,nan,nan,nan,0.000000
-0.600000,0.100000,10.000000,0,PLAN_TOP_OBSERVE,nan,nan,nan,nan,0.000000
-0.600000,0.100000,20.000000,0,PLAN_TOP_OBSERVE,nan,nan,nan,nan,0.000000
-0.600000,0.100000,30.000000,0,PLAN_TOP_OBSERVE,nan,nan,nan,nan,0.000000
-0.600000,0.100000,40.000000,0,PLAN_TOP_OBSERVE,nan,nan,nan,nan,0.000000
-0.600000,0.100000,50.000000,0,PLAN_TOP_OBSERVE,nan,nan,nan,nan,0.000000
-0.600000,0.100000,60.000000,0,PLAN_TOP_OBSERVE,nan,nan,nan,nan,0.000000
-0.600000,0.100000,70.000000,0,PLAN_TOP_OBSERVE,nan,nan,nan,nan,0.000000
-0.600000,0.100000,80.000000,0,PLAN_TOP_OBSERVE,nan,nan,nan,nan,0.000000
-0.550000,0.100000,0.000000,0,PLAN_TOP_OBSERVE,nan,nan,nan,nan,0.000000
-0.550000,0.100000,10.000000,0,PLAN_TOP_OBSERVE,nan,nan,nan,nan,0.000000
-0.550000,0.100000,20.000000,0,PLAN_TOP_OBSERVE,nan,nan,nan,nan,0.000000
-0.550000,0.100000,30.000000,0,PLAN_TOP_OBSERVE,nan,nan,nan,nan,0.000000
-0.550000,0.100000,40.000000,0,PLAN_TOP_OBSERVE,nan,nan,nan,nan,0.000000
-0.550000,0.100000,50.000000,0,PLAN_TOP_OBSERVE,nan,nan,nan,nan,0.000000
-0.550000,0.100000,60.000000,0,PLAN_TOP_OBSERVE,nan,nan,nan,nan,0.000000
-0.550000,0.100000,70.000000,0,PLAN_TOP_OBSERVE,nan,nan,nan,nan,0.000000
-0.550000,0.100000,80.000000,0,PLAN_TOP_OBSERVE,nan,nan,nan,nan,0.000000
-0.500000,0.100000,0.000000,0,PLAN_TOP_OBSERVE,nan,nan,nan,nan,0.000000
-0.500000,0.100000,10.000000,0,PLAN_TOP_OBSERVE,nan,nan,nan,nan,0.000000
-0.500000,0.100000,20.000000,0,PLAN_TOP_OBSERVE,nan,nan,nan,nan,0.000000
-0.500000,0.100000,30.000000,0,PLAN_TOP_OBSERVE,nan,nan,nan,nan,0.000000
-0.500000,0.100000,40.000000,0,PLAN_TOP_OBSERVE,nan,nan,nan,nan,0.000000
-0.500000,0.100000,50.000000,0,PLAN_TOP_OBSERVE,nan,nan,nan,nan,0.000000
-0.500000,0.100000,60.000000,0,PLAN_TOP_OBSERVE,nan,nan,nan,nan,0.000000
-0.500000,0.100000,70.000000,0,PLAN_TOP_OBSERVE,nan,nan,nan,nan,0.000000
-0.500000,0.100000,80.000000,0,PLAN_TOP_OBSERVE,nan,nan,nan,nan,0.000000
-0.450000,0.100000,0.000000,0,TARGET_OVERLAPS_GO2_FOOTPRINT,nan,nan,nan,nan,0.000000
-0.450000,0.100000,10.000000,0,TARGET_OVERLAPS_GO2_FOOTPRINT,nan,nan,nan,nan,0.000000
-0.450000,0.100000,20.000000,0,TARGET_OVERLAPS_GO2_FOOTPRINT,nan,nan,nan,nan,0.000000
-0.450000,0.100000,30.000000,0,TARGET_OVERLAPS_GO2_FOOTPRINT,nan,nan,nan,nan,0.000000
-0.450000,0.100000,40.000000,0,TARGET_OVERLAPS_GO2_FOOTPRINT,nan,nan,nan,nan,0.000000
-0.450000,0.100000,50.000000,0,TARGET_OVERLAPS_GO2_FOOTPRINT,nan,nan,nan,nan,0.000000
-0.450000,0.100000,60.000000,0,TARGET_OVERLAPS_GO2_FOOTPRINT,nan,nan,nan,nan,0.000000
-0.450000,0.100000,70.000000,0,TARGET_OVERLAPS_GO2_FOOTPRINT,nan,nan,nan,nan,0.000000
-0.450000,0.100000,80.000000,0,TARGET_OVERLAPS_GO2_FOOTPRINT,nan,nan,nan,nan,0.000000
-0.400000,0.100000,0.000000,0,TARGET_OVERLAPS_GO2_FOOTPRINT,nan,nan,nan,nan,0.000000
-0.400000,0.100000,10.000000,0,TARGET_OVERLAPS_GO2_FOOTPRINT,nan,nan,nan,nan,0.000000
-0.400000,0.100000,20.000000,0,TARGET_OVERLAPS_GO2_FOOTPRINT,nan,nan,nan,nan,0.000000
-0.400000,0.100000,30.000000,0,TARGET_OVERLAPS_GO2_FOOTPRINT,nan,nan,nan,nan,0.000000
-0.400000,0.100000,40.000000,0,TARGET_OVERLAPS_GO2_FOOTPRINT,nan,nan,nan,nan,0.000000
-0.400000,0.100000,50.000000,0,TARGET_OVERLAPS_GO2_FOOTPRINT,nan,nan,nan,nan,0.000000
-0.400000,0.100000,60.000000,0,TARGET_OVERLAPS_GO2_FOOTPRINT,nan,nan,nan,nan,0.000000
-0.400000,0.100000,70.000000,0,TARGET_OVERLAPS_GO2_FOOTPRINT,nan,nan,nan,nan,0.000000
-0.400000,0.100000,80.000000,0,TARGET_OVERLAPS_GO2_FOOTPRINT,nan,nan,nan,nan,0.000000
-0.350000,0.100000,0.000000,0,TARGET_OVERLAPS_GO2_FOOTPRINT,nan,nan,nan,nan,0.000000
-0.350000,0.100000,10.000000,0,TARGET_OVERLAPS_GO2_FOOTPRINT,nan,nan,nan,nan,0.000000
-0.350000,0.100000,20.000000,0,TARGET_OVERLAPS_GO2_FOOTPRINT,nan,nan,nan,nan,0.000000
-0.350000,0.100000,30.000000,0,TARGET_OVERLAPS_GO2_FOOTPRINT,nan,nan,nan,nan,0.000000
-0.350000,0.100000,40.000000,0,TARGET_OVERLAPS_GO2_FOOTPRINT,nan,nan,nan,nan,0.000000
-0.350000,0.100000,50.000000,0,TARGET_OVERLAPS_GO2_FOOTPRINT,nan,nan,nan,nan,0.000000
-0.350000,0.100000,60.000000,0,TARGET_OVERLAPS_GO2_FOOTPRINT,nan,nan,nan,nan,0.000000
-0.350000,0.100000,70.000000,0,TARGET_OVERLAPS_GO2_FOOTPRINT,nan,nan,nan,nan,0.000000
-0.350000,0.100000,80.000000,0,TARGET_OVERLAPS_GO2_FOOTPRINT,nan,nan,nan,nan,0.000000
-0.300000,0.100000,0.000000,0,TARGET_OVERLAPS_GO2_FOOTPRINT,nan,nan,nan,nan,0.000000
-0.300000,0.100000,10.000000,0,TARGET_OVERLAPS_GO2_FOOTPRINT,nan,nan,nan,nan,0.000000
-0.300000,0.100000,20.000000,0,TARGET_OVERLAPS_GO2_FOOTPRINT,nan,nan,nan,nan,0.000000
-0.300000,0.100000,30.000000,0,TARGET_OVERLAPS_GO2_FOOTPRINT,nan,nan,nan,nan,0.000000
-0.300000,0.100000,40.000000,0,TARGET_OVERLAPS_GO2_FOOTPRINT,nan,nan,nan,nan,0.000000
-0.300000,0.100000,50.000000,0,TARGET_OVERLAPS_GO2_FOOTPRINT,nan,nan,nan,nan,0.000000
-0.300000,0.100000,60.000000,0,TARGET_OVERLAPS_GO2_FOOTPRINT,nan,nan,nan,nan,0.000000
-0.300000,0.100000,70.000000,0,TARGET_OVERLAPS_GO2_FOOTPRINT,nan,nan,nan,nan,0.000000
-0.300000,0.100000,80.000000,0,TARGET_OVERLAPS_GO2_FOOTPRINT,nan,nan,nan,nan,0.000000
-0.250000,0.100000,0.000000,0,TARGET_OVERLAPS_GO2_FOOTPRINT,nan,nan,nan,nan,0.000000
-0.250000,0.100000,10.000000,0,TARGET_OVERLAPS_GO2_FOOTPRINT,nan,nan,nan,nan,0.000000
-0.250000,0.100000,20.000000,0,TARGET_OVERLAPS_GO2_FOOTPRINT,nan,nan,nan,nan,0.000000
-0.250000,0.100000,30.000000,0,TARGET_OVERLAPS_GO2_FOOTPRINT,nan,nan,nan,nan,0.000000
-0.250000,0.100000,40.000000,0,TARGET_OVERLAPS_GO2_FOOTPRINT,nan,nan,nan,nan,0.000000
-0.250000,0.100000,50.000000,0,TARGET_OVERLAPS_GO2_FOOTPRINT,nan,nan,nan,nan,0.000000
-0.250000,0.100000,60.000000,0,TARGET_OVERLAPS_GO2_FOOTPRINT,nan,nan,nan,nan,0.000000
-0.250000,0.100000,70.000000,0,TARGET_OVERLAPS_GO2_FOOTPRINT,nan,nan,nan,nan,0.000000
-0.250000,0.100000,80.000000,0,TARGET_OVERLAPS_GO2_FOOTPRINT,nan,nan,nan,nan,0.000000
-0.200000,0.100000,0.000000,0,TARGET_OVERLAPS_GO2_FOOTPRINT,nan,nan,nan,nan,0.000000
-0.200000,0.100000,10.000000,0,TARGET_OVERLAPS_GO2_FOOTPRINT,nan,nan,nan,nan,0.000000
-0.200000,0.100000,20.000000,0,TARGET_OVERLAPS_GO2_FOOTPRINT,nan,nan,nan,nan,0.000000
-0.200000,0.100000,30.000000,0,TARGET_OVERLAPS_GO2_FOOTPRINT,nan,nan,nan,nan,0.000000
-0.200000,0.100000,40.000000,0,TARGET_OVERLAPS_GO2_FOOTPRINT,nan,nan,nan,nan,0.000000
-0.200000,0.100000,50.000000,0,TARGET_OVERLAPS_GO2_FOOTPRINT,nan,nan,nan,nan,0.000000
-0.200000,0.100000,60.000000,0,TARGET_OVERLAPS_GO2_FOOTPRINT,nan,nan,nan,nan,0.000000
-0.200000,0.100000,70.000000,0,TARGET_OVERLAPS_GO2_FOOTPRINT,nan,nan,nan,nan,0.000000
-0.200000,0.100000,80.000000,0,TARGET_OVERLAPS_GO2_FOOTPRINT,nan,nan,nan,nan,0.000000
-0.150000,0.100000,0.000000,0,TARGET_OVERLAPS_GO2_FOOTPRINT,nan,nan,nan,nan,0.000000
-0.150000,0.100000,10.000000,0,TARGET_OVERLAPS_GO2_FOOTPRINT,nan,nan,nan,nan,0.000000
-0.150000,0.100000,20.000000,0,TARGET_OVERLAPS_GO2_FOOTPRINT,nan,nan,nan,nan,0.000000
-0.150000,0.100000,30.000000,0,TARGET_OVERLAPS_GO2_FOOTPRINT,nan,nan,nan,nan,0.000000
-0.150000,0.100000,40.000000,0,TARGET_OVERLAPS_GO2_FOOTPRINT,nan,nan,nan,nan,0.000000
-0.150000,0.100000,50.000000,0,TARGET_OVERLAPS_GO2_FOOTPRINT,nan,nan,nan,nan,0.000000
-0.150000,0.100000,60.000000,0,TARGET_OVERLAPS_GO2_FOOTPRINT,nan,nan,nan,nan,0.000000
-0.150000,0.100000,70.000000,0,TARGET_OVERLAPS_GO2_FOOTPRINT,nan,nan,nan,nan,0.000000
-0.150000,0.100000,80.000000,0,TARGET_OVERLAPS_GO2_FOOTPRINT,nan,nan,nan,nan,0.000000
-0.100000,0.100000,0.000000,0,TARGET_OVERLAPS_GO2_FOOTPRINT,nan,nan,nan,nan,0.000000
-0.100000,0.100000,10.000000,0,TARGET_OVERLAPS_GO2_FOOTPRINT,nan,nan,nan,nan,0.000000
-0.100000,0.100000,20.000000,0,TARGET_OVERLAPS_GO2_FOOTPRINT,nan,nan,nan,nan,0.000000
-0.100000,0.100000,30.000000,0,TARGET_OVERLAPS_GO2_FOOTPRINT,nan,nan,nan,nan,0.000000
-0.100000,0.100000,40.000000,0,TARGET_OVERLAPS_GO2_FOOTPRINT,nan,nan,nan,nan,0.000000
-0.100000,0.100000,50.000000,0,TARGET_OVERLAPS_GO2_FOOTPRINT,nan,nan,nan,nan,0.000000
-0.100000,0.100000,60.000000,0,TARGET_OVERLAPS_GO2_FOOTPRINT,nan,nan,nan,nan,0.000000
-0.100000,0.100000,70.000000,0,TARGET_OVERLAPS_GO2_FOOTPRINT,nan,nan,nan,nan,0.000000
-0.100000,0.100000,80.000000,0,TARGET_OVERLAPS_GO2_FOOTPRINT,nan,nan,nan,nan,0.000000
-0.050000,0.100000,0.000000,0,TARGET_OVERLAPS_GO2_FOOTPRINT,nan,nan,nan,nan,0.000000
-0.050000,0.100000,10.000000,0,TARGET_OVERLAPS_GO2_FOOTPRINT,nan,nan,nan,nan,0.000000
-0.050000,0.100000,20.000000,0,TARGET_OVERLAPS_GO2_FOOTPRINT,nan,nan,nan,nan,0.000000
-0.050000,0.100000,30.000000,0,TARGET_OVERLAPS_GO2_FOOTPRINT,nan,nan,nan,nan,0.000000
-0.050000,0.100000,40.000000,0,TARGET_OVERLAPS_GO2_FOOTPRINT,nan,nan,nan,nan,0.000000
-0.050000,0.100000,50.000000,0,TARGET_OVERLAPS_GO2_FOOTPRINT,nan,nan,nan,nan,0.000000
-0.050000,0.100000,60.000000,0,TARGET_OVERLAPS_GO2_FOOTPRINT,nan,nan,nan,nan,0.000000
-0.050000,0.100000,70.000000,0,TARGET_OVERLAPS_GO2_FOOTPRINT,nan,nan,nan,nan,0.000000
-0.050000,0.100000,80.000000,0,TARGET_OVERLAPS_GO2_FOOTPRINT,nan,nan,nan,nan,0.000000
0.000000,0.100000,0.000000,0,TARGET_OVERLAPS_GO2_FOOTPRINT,nan,nan,nan,nan,0.000000
0.000000,0.100000,10.000000,0,TARGET_OVERLAPS_GO2_FOOTPRINT,nan,nan,nan,nan,0.000000
0.000000,0.100000,20.000000,0,TARGET_OVERLAPS_GO2_FOOTPRINT,nan,nan,nan,nan,0.000000
0.000000,0.100000,30.000000,0,TARGET_OVERLAPS_GO2_FOOTPRINT,nan,nan,nan,nan,0.000000
0.000000,0.100000,40.000000,0,TARGET_OVERLAPS_GO2_FOOTPRINT,nan,nan,nan,nan,0.000000
0.000000,0.100000,50.000000,0,TARGET_OVERLAPS_GO2_FOOTPRINT,nan,nan,nan,nan,0.000000
0.000000,0.100000,60.000000,0,TARGET_OVERLAPS_GO2_FOOTPRINT,nan,nan,nan,nan,0.000000
0.000000,0.100000,70.000000,0,TARGET_OVERLAPS_GO2_FOOTPRINT,nan,nan,nan,nan,0.000000
0.000000,0.100000,80.000000,0,TARGET_OVERLAPS_GO2_FOOTPRINT,nan,nan,nan,nan,0.000000
0.050000,0.100000,0.000000,0,TARGET_OVERLAPS_GO2_FOOTPRINT,nan,nan,nan,nan,0.000000
0.050000,0.100000,10.000000,0,TARGET_OVERLAPS_GO2_FOOTPRINT,nan,nan,nan,nan,0.000000
0.050000,0.100000,20.000000,0,TARGET_OVERLAPS_GO2_FOOTPRINT,nan,nan,nan,nan,0.000000
0.050000,0.100000,30.000000,0,TARGET_OVERLAPS_GO2_FOOTPRINT,nan,nan,nan,nan,0.000000
0.050000,0.100000,40.000000,0,TARGET_OVERLAPS_GO2_FOOTPRINT,nan,nan,nan,nan,0.000000
0.050000,0.100000,50.000000,0,TARGET_OVERLAPS_GO2_FOOTPRINT,nan,nan,nan,nan,0.000000
0.050000,0.100000,60.000000,0,TARGET_OVERLAPS_GO2_FOOTPRINT,nan,nan,nan,nan,0.000000
0.050000,0.100000,70.000000,0,TARGET_OVERLAPS_GO2_FOOTPRINT,nan,nan,nan,nan,0.000000
0.050000,0.100000,80.000000,0,TARGET_OVERLAPS_GO2_FOOTPRINT,nan,nan,nan,nan,0.000000
0.100000,0.100000,0.000000,0,TARGET_OVERLAPS_GO2_FOOTPRINT,nan,nan,nan,nan,0.000000
0.100000,0.100000,10.000000,0,TARGET_OVERLAPS_GO2_FOOTPRINT,nan,nan,nan,nan,0.000000
0.100000,0.100000,20.000000,0,TARGET_OVERLAPS_GO2_FOOTPRINT,nan,nan,nan,nan,0.000000
0.100000,0.100000,30.000000,0,TARGET_OVERLAPS_GO2_FOOTPRINT,nan,nan,nan,nan,0.000000
0.100000,0.100000,40.000000,0,TARGET_OVERLAPS_GO2_FOOTPRINT,nan,nan,nan,nan,0.000000
0.100000,0.100000,50.000000,0,TARGET_OVERLAPS_GO2_FOOTPRINT,nan,nan,nan,nan,0.000000
0.100000,0.100000,60.000000,0,TARGET_OVERLAPS_GO2_FOOTPRINT,nan,nan,nan,nan,0.000000
0.100000,0.100000,70.000000,0,TARGET_OVERLAPS_GO2_FOOTPRINT,nan,nan,nan,nan,0.000000
0.100000,0.100000,80.000000,0,TARGET_OVERLAPS_GO2_FOOTPRINT,nan,nan,nan,nan,0.000000
0.150000,0.100000,0.000000,0,TARGET_OVERLAPS_GO2_FOOTPRINT,nan,nan,nan,nan,0.000000
0.150000,0.100000,10.000000,0,TARGET_OVERLAPS_GO2_FOOTPRINT,nan,nan,nan,nan,0.000000
0.150000,0.100000,20.000000,0,TARGET_OVERLAPS_GO2_FOOTPRINT,nan,nan,nan,nan,0.000000
0.150000,0.100000,30.000000,0,TARGET_OVERLAPS_GO2_FOOTPRINT,nan,nan,nan,nan,0.000000
0.150000,0.100000,40.000000,0,TARGET_OVERLAPS_GO2_FOOTPRINT,nan,nan,nan,nan,0.000000
0.150000,0.100000,50.000000,0,TARGET_OVERLAPS_GO2_FOOTPRINT,nan,nan,nan,nan,0.000000
0.150000,0.100000,60.000000,0,TARGET_OVERLAPS_GO2_FOOTPRINT,nan,nan,nan,nan,0.000000
0.150000,0.100000,70.000000,0,TARGET_OVERLAPS_GO2_FOOTPRINT,nan,nan,nan,nan,0.000000
0.150000,0.100000,80.000000,0,TARGET_OVERLAPS_GO2_FOOTPRINT,nan,nan,nan,nan,0.000000
0.200000,0.100000,0.000000,0,TARGET_OVERLAPS_GO2_FOOTPRINT,nan,nan,nan,nan,0.000000
0.200000,0.100000,10.000000,0,TARGET_OVERLAPS_GO2_FOOTPRINT,nan,nan,nan,nan,0.000000
0.200000,0.100000,20.000000,0,TARGET_OVERLAPS_GO2_FOOTPRINT,nan,nan,nan,nan,0.000000
0.200000,0.100000,30.000000,0,TARGET_OVERLAPS_GO2_FOOTPRINT,nan,nan,nan,nan,0.000000
0.200000,0.100000,40.000000,0,TARGET_OVERLAPS_GO2_FOOTPRINT,nan,nan,nan,nan,0.000000
0.200000,0.100000,50.000000,0,TARGET_OVERLAPS_GO2_FOOTPRINT,nan,nan,nan,nan,0.000000
0.200000,0.100000,60.000000,0,TARGET_OVERLAPS_GO2_FOOTPRINT,nan,nan,nan,nan,0.000000
0.200000,0.100000,70.000000,0,TARGET_OVERLAPS_GO2_FOOTPRINT,nan,nan,nan,nan,0.000000
0.200000,0.100000,80.000000,0,TARGET_OVERLAPS_GO2_FOOTPRINT,nan,nan,nan,nan,0.000000
0.250000,0.100000,0.000000,0,TARGET_OVERLAPS_GO2_FOOTPRINT,nan,nan,nan,nan,0.000000
0.250000,0.100000,10.000000,0,TARGET_OVERLAPS_GO2_FOOTPRINT,nan,nan,nan,nan,0.000000
0.250000,0.100000,20.000000,0,TARGET_OVERLAPS_GO2_FOOTPRINT,nan,nan,nan,nan,0.000000
0.250000,0.100000,30.000000,0,TARGET_OVERLAPS_GO2_FOOTPRINT,nan,nan,nan,nan,0.000000
0.250000,0.100000,40.000000,0,TARGET_OVERLAPS_GO2_FOOTPRINT,nan,nan,nan,nan,0.000000
0.250000,0.100000,50.000000,0,TARGET_OVERLAPS_GO2_FOOTPRINT,nan,nan,nan,nan,0.000000
0.250000,0.100000,60.000000,0,TARGET_OVERLAPS_GO2_FOOTPRINT,nan,nan,nan,nan,0.000000
0.250000,0.100000,70.000000,0,TARGET_OVERLAPS_GO2_FOOTPRINT,nan,nan,nan,nan,0.000000
0.250000,0.100000,80.000000,0,TARGET_OVERLAPS_GO2_FOOTPRINT,nan,nan,nan,nan,0.000000
0.300000,0.100000,0.000000,0,TARGET_OVERLAPS_GO2_FOOTPRINT,nan,nan,nan,nan,0.000000
0.300000,0.100000,10.000000,0,TARGET_OVERLAPS_GO2_FOOTPRINT,nan,nan,nan,nan,0.000000
0.300000,0.100000,20.000000,0,TARGET_OVERLAPS_GO2_FOOTPRINT,nan,nan,nan,nan,0.000000
0.300000,0.100000,30.000000,0,TARGET_OVERLAPS_GO2_FOOTPRINT,nan,nan,nan,nan,0.000000
0.300000,0.100000,40.000000,0,TARGET_OVERLAPS_GO2_FOOTPRINT,nan,nan,nan,nan,0.000000
0.300000,0.100000,50.000000,0,TARGET_OVERLAPS_GO2_FOOTPRINT,nan,nan,nan,nan,0.000000
0.300000,0.100000,60.000000,0,TARGET_OVERLAPS_GO2_FOOTPRINT,nan,nan,nan,nan,0.000000
0.300000,0.100000,70.000000,0,TARGET_OVERLAPS_GO2_FOOTPRINT,nan,nan,nan,nan,0.000000
0.300000,0.100000,80.000000,0,TARGET_OVERLAPS_GO2_FOOTPRINT,nan,nan,nan,nan,0.000000
0.350000,0.100000,0.000000,0,TARGET_OVERLAPS_GO2_FOOTPRINT,nan,nan,nan,nan,0.000000
0.350000,0.100000,10.000000,0,TARGET_OVERLAPS_GO2_FOOTPRINT,nan,nan,nan,nan,0.000000
0.350000,0.100000,20.000000,0,TARGET_OVERLAPS_GO2_FOOTPRINT,nan,nan,nan,nan,0.000000
0.350000,0.100000,30.000000,0,TARGET_OVERLAPS_GO2_FOOTPRINT,nan,nan,nan,nan,0.000000
0.350000,0.100000,40.000000,0,TARGET_OVERLAPS_GO2_FOOTPRINT,nan,nan,nan,nan,0.000000
0.350000,0.100000,50.000000,0,TARGET_OVERLAPS_GO2_FOOTPRINT,nan,nan,nan,nan,0.000000
0.350000,0.100000,60.000000,0,TARGET_OVERLAPS_GO2_FOOTPRINT,nan,nan,nan,nan,0.000000
0.350000,0.100000,70.000000,0,TARGET_OVERLAPS_GO2_FOOTPRINT,nan,nan,nan,nan,0.000000
0.350000,0.100000,80.000000,0,TARGET_OVERLAPS_GO2_FOOTPRINT,nan,nan,nan,nan,0.000000
0.400000,0.100000,0.000000,0,PREGRASP_DESCENT_OR_CARRY,nan,nan,nan,nan,0.000000
0.400000,0.100000,10.000000,0,PREGRASP_DESCENT_OR_CARRY,nan,nan,nan,nan,0.000000
0.400000,0.100000,20.000000,0,PREGRASP_DESCENT_OR_CARRY,nan,nan,nan,nan,0.000000
0.400000,0.100000,30.000000,0,PREGRASP_DESCENT_OR_CARRY,nan,nan,nan,nan,0.000000
0.400000,0.100000,40.000000,0,PREGRASP_DESCENT_OR_CARRY,nan,nan,nan,nan,0.000000
0.400000,0.100000,50.000000,0,PREGRASP_DESCENT_OR_CARRY,nan,nan,nan,nan,0.000000
0.400000,0.100000,60.000000,0,PREGRASP_DESCENT_OR_CARRY,nan,nan,nan,nan,0.000000
0.400000,0.100000,70.000000,0,PREGRASP_DESCENT_OR_CARRY,nan,nan,nan,nan,0.000000
0.400000,0.100000,80.000000,0,PREGRASP_DESCENT_OR_CARRY,nan,nan,nan,nan,0.000000
0.450000,0.100000,0.000000,1,NONE,0.080000,-0.032000,90.000000,-4.000000,0.030997
0.450000,0.100000,10.000000,1,NONE,0.080000,-0.032000,100.000000,-4.000000,0.054173
0.450000,0.100000,20.000000,1,NONE,0.080000,-0.032000,110.000000,-4.000000,0.030933
0.450000,0.100000,30.000000,1,NONE,0.080000,-0.032000,120.000000,-4.000000,0.042029
0.450000,0.100000,40.000000,1,NONE,0.080000,-0.032000,130.000000,-4.000000,0.030186
0.450000,0.100000,50.000000,1,NONE,0.080000,-0.024000,140.000000,-4.000000,0.050142
0.450000,0.100000,60.000000,1,NONE,0.080000,-0.024000,60.000000,-4.000000,0.028675
0.450000,0.100000,70.000000,1,NONE,0.080000,-0.024000,70.000000,-4.000000,0.040052
0.450000,0.100000,80.000000,1,NONE,0.080000,-0.032000,80.000000,-4.000000,0.042395
0.500000,0.100000,0.000000,0,PREGRASP_DESCENT_OR_CARRY,nan,nan,nan,nan,0.000000
0.500000,0.100000,10.000000,0,PREGRASP_DESCENT_OR_CARRY,nan,nan,nan,nan,0.000000
0.500000,0.100000,20.000000,0,PREGRASP_DESCENT_OR_CARRY,nan,nan,nan,nan,0.000000
0.500000,0.100000,30.000000,0,PREGRASP_DESCENT_OR_CARRY,nan,nan,nan,nan,0.000000
0.500000,0.100000,40.000000,0,PREGRASP_DESCENT_OR_CARRY,nan,nan,nan,nan,0.000000
0.500000,0.100000,50.000000,0,PREGRASP_DESCENT_OR_CARRY,nan,nan,nan,nan,0.000000
0.500000,0.100000,60.000000,0,PREGRASP_DESCENT_OR_CARRY,nan,nan,nan,nan,0.000000
0.500000,0.100000,70.000000,0,PREGRASP_DESCENT_OR_CARRY,nan,nan,nan,nan,0.000000
0.500000,0.100000,80.000000,0,PREGRASP_DESCENT_OR_CARRY,nan,nan,nan,nan,0.000000
0.550000,0.100000,0.000000,0,PREGRASP_DESCENT_OR_CARRY,nan,nan,nan,nan,0.000000
0.550000,0.100000,10.000000,0,PREGRASP_DESCENT_OR_CARRY,nan,nan,nan,nan,0.000000
0.550000,0.100000,20.000000,0,PREGRASP_DESCENT_OR_CARRY,nan,nan,nan,nan,0.000000
0.550000,0.100000,30.000000,0,PREGRASP_DESCENT_OR_CARRY,nan,nan,nan,nan,0.000000
0.550000,0.100000,40.000000,0,PREGRASP_DESCENT_OR_CARRY,nan,nan,nan,nan,0.000000
0.550000,0.100000,50.000000,0,PREGRASP_DESCENT_OR_CARRY,nan,nan,nan,nan,0.000000
0.550000,0.100000,60.000000,0,PREGRASP_DESCENT_OR_CARRY,nan,nan,nan,nan,0.000000
0.550000,0.100000,70.000000,0,PREGRASP_DESCENT_OR_CARRY,nan,nan,nan,nan,0.000000
0.550000,0.100000,80.000000,0,PREGRASP_DESCENT_OR_CARRY,nan,nan,nan,nan,0.000000
0.600000,0.100000,0.000000,0,PLAN_TOP_OBSERVE,nan,nan,nan,nan,0.000000
0.600000,0.100000,10.000000,0,PLAN_TOP_OBSERVE,nan,nan,nan,nan,0.000000
0.600000,0.100000,20.000000,0,PLAN_TOP_OBSERVE,nan,nan,nan,nan,0.000000
0.600000,0.100000,30.000000,0,PLAN_TOP_OBSERVE,nan,nan,nan,nan,0.000000
0.600000,0.100000,40.000000,0,PLAN_TOP_OBSERVE,nan,nan,nan,nan,0.000000
0.600000,0.100000,50.000000,0,PLAN_TOP_OBSERVE,nan,nan,nan,nan,0.000000
0.600000,0.100000,60.000000,0,PLAN_TOP_OBSERVE,nan,nan,nan,nan,0.000000
0.600000,0.100000,70.000000,0,PLAN_TOP_OBSERVE,nan,nan,nan,nan,0.000000
0.600000,0.100000,80.000000,0,PLAN_TOP_OBSERVE,nan,nan,nan,nan,0.000000
0.650000,0.100000,0.000000,0,PLAN_TOP_OBSERVE,nan,nan,nan,nan,0.000000
0.650000,0.100000,10.000000,0,PLAN_TOP_OBSERVE,nan,nan,nan,nan,0.000000
0.650000,0.100000,20.000000,0,PLAN_TOP_OBSERVE,nan,nan,nan,nan,0.000000
0.650000,0.100000,30.000000,0,PLAN_TOP_OBSERVE,nan,nan,nan,nan,0.000000
0.650000,0.100000,40.000000,0,PLAN_TOP_OBSERVE,nan,nan,nan,nan,0.000000
0.650000,0.100000,50.000000,0,PLAN_TOP_OBSERVE,nan,nan,nan,nan,0.000000
0.650000,0.100000,60.000000,0,PLAN_TOP_OBSERVE,nan,nan,nan,nan,0.000000
0.650000,0.100000,70.000000,0,PLAN_TOP_OBSERVE,nan,nan,nan,nan,0.000000
0.650000,0.100000,80.000000,0,PLAN_TOP_OBSERVE,nan,nan,nan,nan,0.000000
0.700000,0.100000,0.000000,0,PLAN_TOP_OBSERVE,nan,nan,nan,nan,0.000000
0.700000,0.100000,10.000000,0,PLAN_TOP_OBSERVE,nan,nan,nan,nan,0.000000
0.700000,0.100000,20.000000,0,PLAN_TOP_OBSERVE,nan,nan,nan,nan,0.000000
0.700000,0.100000,30.000000,0,PLAN_TOP_OBSERVE,nan,nan,nan,nan,0.000000
0.700000,0.100000,40.000000,0,PLAN_TOP_OBSERVE,nan,nan,nan,nan,0.000000
0.700000,0.100000,50.000000,0,PLAN_TOP_OBSERVE,nan,nan,nan,nan,0.000000
0.700000,0.100000,60.000000,0,PLAN_TOP_OBSERVE,nan,nan,nan,nan,0.000000
0.700000,0.100000,70.000000,0,PLAN_TOP_OBSERVE,nan,nan,nan,nan,0.000000
0.700000,0.100000,80.000000,0,PLAN_TOP_OBSERVE,nan,nan,nan,nan,0.000000
-0.700000,0.150000,0.000000,0,PLAN_TOP_OBSERVE,nan,nan,nan,nan,0.000000
-0.700000,0.150000,10.000000,0,PLAN_TOP_OBSERVE,nan,nan,nan,nan,0.000000
-0.700000,0.150000,20.000000,0,PLAN_TOP_OBSERVE,nan,nan,nan,nan,0.000000
-0.700000,0.150000,30.000000,0,PLAN_TOP_OBSERVE,nan,nan,nan,nan,0.000000
-0.700000,0.150000,40.000000,0,PLAN_TOP_OBSERVE,nan,nan,nan,nan,0.000000
-0.700000,0.150000,50.000000,0,PLAN_TOP_OBSERVE,nan,nan,nan,nan,0.000000
-0.700000,0.150000,60.000000,0,PLAN_TOP_OBSERVE,nan,nan,nan,nan,0.000000
-0.700000,0.150000,70.000000,0,PLAN_TOP_OBSERVE,nan,nan,nan,nan,0.000000
-0.700000,0.150000,80.000000,0,PLAN_TOP_OBSERVE,nan,nan,nan,nan,0.000000
-0.650000,0.150000,0.000000,0,PLAN_TOP_OBSERVE,nan,nan,nan,nan,0.000000
-0.650000,0.150000,10.000000,0,PLAN_TOP_OBSERVE,nan,nan,nan,nan,0.000000
-0.650000,0.150000,20.000000,0,PLAN_TOP_OBSERVE,nan,nan,nan,nan,0.000000
-0.650000,0.150000,30.000000,0,PLAN_TOP_OBSERVE,nan,nan,nan,nan,0.000000
-0.650000,0.150000,40.000000,0,PLAN_TOP_OBSERVE,nan,nan,nan,nan,0.000000
-0.650000,0.150000,50.000000,0,PLAN_TOP_OBSERVE,nan,nan,nan,nan,0.000000
-0.650000,0.150000,60.000000,0,PLAN_TOP_OBSERVE,nan,nan,nan,nan,0.000000
-0.650000,0.150000,70.000000,0,PLAN_TOP_OBSERVE,nan,nan,nan,nan,0.000000
-0.650000,0.150000,80.000000,0,PLAN_TOP_OBSERVE,nan,nan,nan,nan,0.000000
-0.600000,0.150000,0.000000,0,PLAN_TOP_OBSERVE,nan,nan,nan,nan,0.000000
-0.600000,0.150000,10.000000,0,PLAN_TOP_OBSERVE,nan,nan,nan,nan,0.000000
-0.600000,0.150000,20.000000,0,PLAN_TOP_OBSERVE,nan,nan,nan,nan,0.000000
-0.600000,0.150000,30.000000,0,PLAN_TOP_OBSERVE,nan,nan,nan,nan,0.000000
-0.600000,0.150000,40.000000,0,PLAN_TOP_OBSERVE,nan,nan,nan,nan,0.000000
-0.600000,0.150000,50.000000,0,PLAN_TOP_OBSERVE,nan,nan,nan,nan,0.000000
-0.600000,0.150000,60.000000,0,PLAN_TOP_OBSERVE,nan,nan,nan,nan,0.000000
-0.600000,0.150000,70.000000,0,PLAN_TOP_OBSERVE,nan,nan,nan,nan,0.000000
-0.600000,0.150000,80.000000,0,PLAN_TOP_OBSERVE,nan,nan,nan,nan,0.000000
-0.550000,0.150000,0.000000,0,PLAN_TOP_OBSERVE,nan,nan,nan,nan,0.000000
-0.550000,0.150000,10.000000,0,PLAN_TOP_OBSERVE,nan,nan,nan,nan,0.000000
-0.550000,0.150000,20.000000,0,PLAN_TOP_OBSERVE,nan,nan,nan,nan,0.000000
-0.550000,0.150000,30.000000,0,PLAN_TOP_OBSERVE,nan,nan,nan,nan,0.000000
-0.550000,0.150000,40.000000,0,PLAN_TOP_OBSERVE,nan,nan,nan,nan,0.000000
-0.550000,0.150000,50.000000,0,PLAN_TOP_OBSERVE,nan,nan,nan,nan,0.000000
-0.550000,0.150000,60.000000,0,PLAN_TOP_OBSERVE,nan,nan,nan,nan,0.000000
-0.550000,0.150000,70.000000,0,PLAN_TOP_OBSERVE,nan,nan,nan,nan,0.000000
-0.550000,0.150000,80.000000,0,PLAN_TOP_OBSERVE,nan,nan,nan,nan,0.000000
-0.500000,0.150000,0.000000,0,PREGRASP_DESCENT_OR_CARRY,nan,nan,nan,nan,0.000000
-0.500000,0.150000,10.000000,0,PREGRASP_DESCENT_OR_CARRY,nan,nan,nan,nan,0.000000
-0.500000,0.150000,20.000000,0,PREGRASP_DESCENT_OR_CARRY,nan,nan,nan,nan,0.000000
-0.500000,0.150000,30.000000,0,PREGRASP_DESCENT_OR_CARRY,nan,nan,nan,nan,0.000000
-0.500000,0.150000,40.000000,0,PREGRASP_DESCENT_OR_CARRY,nan,nan,nan,nan,0.000000
-0.500000,0.150000,50.000000,0,PREGRASP_DESCENT_OR_CARRY,nan,nan,nan,nan,0.000000
-0.500000,0.150000,60.000000,0,PREGRASP_DESCENT_OR_CARRY,nan,nan,nan,nan,0.000000
-0.500000,0.150000,70.000000,0,PREGRASP_DESCENT_OR_CARRY,nan,nan,nan,nan,0.000000
-0.500000,0.150000,80.000000,0,PREGRASP_DESCENT_OR_CARRY,nan,nan,nan,nan,0.000000
-0.450000,0.150000,0.000000,0,TARGET_OVERLAPS_GO2_FOOTPRINT,nan,nan,nan,nan,0.000000
-0.450000,0.150000,10.000000,0,TARGET_OVERLAPS_GO2_FOOTPRINT,nan,nan,nan,nan,0.000000
-0.450000,0.150000,20.000000,0,TARGET_OVERLAPS_GO2_FOOTPRINT,nan,nan,nan,nan,0.000000
-0.450000,0.150000,30.000000,0,TARGET_OVERLAPS_GO2_FOOTPRINT,nan,nan,nan,nan,0.000000
-0.450000,0.150000,40.000000,0,TARGET_OVERLAPS_GO2_FOOTPRINT,nan,nan,nan,nan,0.000000
-0.450000,0.150000,50.000000,0,TARGET_OVERLAPS_GO2_FOOTPRINT,nan,nan,nan,nan,0.000000
-0.450000,0.150000,60.000000,0,TARGET_OVERLAPS_GO2_FOOTPRINT,nan,nan,nan,nan,0.000000
-0.450000,0.150000,70.000000,0,TARGET_OVERLAPS_GO2_FOOTPRINT,nan,nan,nan,nan,0.000000
-0.450000,0.150000,80.000000,0,TARGET_OVERLAPS_GO2_FOOTPRINT,nan,nan,nan,nan,0.000000
-0.400000,0.150000,0.000000,0,TARGET_OVERLAPS_GO2_FOOTPRINT,nan,nan,nan,nan,0.000000
-0.400000,0.150000,10.000000,0,TARGET_OVERLAPS_GO2_FOOTPRINT,nan,nan,nan,nan,0.000000
-0.400000,0.150000,20.000000,0,TARGET_OVERLAPS_GO2_FOOTPRINT,nan,nan,nan,nan,0.000000
-0.400000,0.150000,30.000000,0,TARGET_OVERLAPS_GO2_FOOTPRINT,nan,nan,nan,nan,0.000000
-0.400000,0.150000,40.000000,0,TARGET_OVERLAPS_GO2_FOOTPRINT,nan,nan,nan,nan,0.000000
-0.400000,0.150000,50.000000,0,TARGET_OVERLAPS_GO2_FOOTPRINT,nan,nan,nan,nan,0.000000
-0.400000,0.150000,60.000000,0,TARGET_OVERLAPS_GO2_FOOTPRINT,nan,nan,nan,nan,0.000000
-0.400000,0.150000,70.000000,0,TARGET_OVERLAPS_GO2_FOOTPRINT,nan,nan,nan,nan,0.000000
-0.400000,0.150000,80.000000,0,TARGET_OVERLAPS_GO2_FOOTPRINT,nan,nan,nan,nan,0.000000
-0.350000,0.150000,0.000000,0,TARGET_OVERLAPS_GO2_FOOTPRINT,nan,nan,nan,nan,0.000000
-0.350000,0.150000,10.000000,0,TARGET_OVERLAPS_GO2_FOOTPRINT,nan,nan,nan,nan,0.000000
-0.350000,0.150000,20.000000,0,TARGET_OVERLAPS_GO2_FOOTPRINT,nan,nan,nan,nan,0.000000
-0.350000,0.150000,30.000000,0,TARGET_OVERLAPS_GO2_FOOTPRINT,nan,nan,nan,nan,0.000000
-0.350000,0.150000,40.000000,0,TARGET_OVERLAPS_GO2_FOOTPRINT,nan,nan,nan,nan,0.000000
-0.350000,0.150000,50.000000,0,TARGET_OVERLAPS_GO2_FOOTPRINT,nan,nan,nan,nan,0.000000
-0.350000,0.150000,60.000000,0,TARGET_OVERLAPS_GO2_FOOTPRINT,nan,nan,nan,nan,0.000000
-0.350000,0.150000,70.000000,0,TARGET_OVERLAPS_GO2_FOOTPRINT,nan,nan,nan,nan,0.000000
-0.350000,0.150000,80.000000,0,TARGET_OVERLAPS_GO2_FOOTPRINT,nan,nan,nan,nan,0.000000
-0.300000,0.150000,0.000000,0,TARGET_OVERLAPS_GO2_FOOTPRINT,nan,nan,nan,nan,0.000000
-0.300000,0.150000,10.000000,0,TARGET_OVERLAPS_GO2_FOOTPRINT,nan,nan,nan,nan,0.000000
-0.300000,0.150000,20.000000,0,TARGET_OVERLAPS_GO2_FOOTPRINT,nan,nan,nan,nan,0.000000
-0.300000,0.150000,30.000000,0,TARGET_OVERLAPS_GO2_FOOTPRINT,nan,nan,nan,nan,0.000000
-0.300000,0.150000,40.000000,0,TARGET_OVERLAPS_GO2_FOOTPRINT,nan,nan,nan,nan,0.000000
-0.300000,0.150000,50.000000,0,TARGET_OVERLAPS_GO2_FOOTPRINT,nan,nan,nan,nan,0.000000
-0.300000,0.150000,60.000000,0,TARGET_OVERLAPS_GO2_FOOTPRINT,nan,nan,nan,nan,0.000000
-0.300000,0.150000,70.000000,0,TARGET_OVERLAPS_GO2_FOOTPRINT,nan,nan,nan,nan,0.000000
-0.300000,0.150000,80.000000,0,TARGET_OVERLAPS_GO2_FOOTPRINT,nan,nan,nan,nan,0.000000
-0.250000,0.150000,0.000000,0,TARGET_OVERLAPS_GO2_FOOTPRINT,nan,nan,nan,nan,0.000000
-0.250000,0.150000,10.000000,0,TARGET_OVERLAPS_GO2_FOOTPRINT,nan,nan,nan,nan,0.000000
-0.250000,0.150000,20.000000,0,TARGET_OVERLAPS_GO2_FOOTPRINT,nan,nan,nan,nan,0.000000
-0.250000,0.150000,30.000000,0,TARGET_OVERLAPS_GO2_FOOTPRINT,nan,nan,nan,nan,0.000000
-0.250000,0.150000,40.000000,0,TARGET_OVERLAPS_GO2_FOOTPRINT,nan,nan,nan,nan,0.000000
-0.250000,0.150000,50.000000,0,TARGET_OVERLAPS_GO2_FOOTPRINT,nan,nan,nan,nan,0.000000
-0.250000,0.150000,60.000000,0,TARGET_OVERLAPS_GO2_FOOTPRINT,nan,nan,nan,nan,0.000000
-0.250000,0.150000,70.000000,0,TARGET_OVERLAPS_GO2_FOOTPRINT,nan,nan,nan,nan,0.000000
-0.250000,0.150000,80.000000,0,TARGET_OVERLAPS_GO2_FOOTPRINT,nan,nan,nan,nan,0.000000
-0.200000,0.150000,0.000000,0,TARGET_OVERLAPS_GO2_FOOTPRINT,nan,nan,nan,nan,0.000000
-0.200000,0.150000,10.000000,0,TARGET_OVERLAPS_GO2_FOOTPRINT,nan,nan,nan,nan,0.000000
-0.200000,0.150000,20.000000,0,TARGET_OVERLAPS_GO2_FOOTPRINT,nan,nan,nan,nan,0.000000
-0.200000,0.150000,30.000000,0,TARGET_OVERLAPS_GO2_FOOTPRINT,nan,nan,nan,nan,0.000000
-0.200000,0.150000,40.000000,0,TARGET_OVERLAPS_GO2_FOOTPRINT,nan,nan,nan,nan,0.000000
-0.200000,0.150000,50.000000,0,TARGET_OVERLAPS_GO2_FOOTPRINT,nan,nan,nan,nan,0.000000
-0.200000,0.150000,60.000000,0,TARGET_OVERLAPS_GO2_FOOTPRINT,nan,nan,nan,nan,0.000000
-0.200000,0.150000,70.000000,0,TARGET_OVERLAPS_GO2_FOOTPRINT,nan,nan,nan,nan,0.000000
-0.200000,0.150000,80.000000,0,TARGET_OVERLAPS_GO2_FOOTPRINT,nan,nan,nan,nan,0.000000
-0.150000,0.150000,0.000000,0,TARGET_OVERLAPS_GO2_FOOTPRINT,nan,nan,nan,nan,0.000000
-0.150000,0.150000,10.000000,0,TARGET_OVERLAPS_GO2_FOOTPRINT,nan,nan,nan,nan,0.000000
-0.150000,0.150000,20.000000,0,TARGET_OVERLAPS_GO2_FOOTPRINT,nan,nan,nan,nan,0.000000
-0.150000,0.150000,30.000000,0,TARGET_OVERLAPS_GO2_FOOTPRINT,nan,nan,nan,nan,0.000000
-0.150000,0.150000,40.000000,0,TARGET_OVERLAPS_GO2_FOOTPRINT,nan,nan,nan,nan,0.000000
-0.150000,0.150000,50.000000,0,TARGET_OVERLAPS_GO2_FOOTPRINT,nan,nan,nan,nan,0.000000
-0.150000,0.150000,60.000000,0,TARGET_OVERLAPS_GO2_FOOTPRINT,nan,nan,nan,nan,0.000000
-0.150000,0.150000,70.000000,0,TARGET_OVERLAPS_GO2_FOOTPRINT,nan,nan,nan,nan,0.000000
-0.150000,0.150000,80.000000,0,TARGET_OVERLAPS_GO2_FOOTPRINT,nan,nan,nan,nan,0.000000
-0.100000,0.150000,0.000000,0,TARGET_OVERLAPS_GO2_FOOTPRINT,nan,nan,nan,nan,0.000000
-0.100000,0.150000,10.000000,0,TARGET_OVERLAPS_GO2_FOOTPRINT,nan,nan,nan,nan,0.000000
-0.100000,0.150000,20.000000,0,TARGET_OVERLAPS_GO2_FOOTPRINT,nan,nan,nan,nan,0.000000
-0.100000,0.150000,30.000000,0,TARGET_OVERLAPS_GO2_FOOTPRINT,nan,nan,nan,nan,0.000000
-0.100000,0.150000,40.000000,0,TARGET_OVERLAPS_GO2_FOOTPRINT,nan,nan,nan,nan,0.000000
-0.100000,0.150000,50.000000,0,TARGET_OVERLAPS_GO2_FOOTPRINT,nan,nan,nan,nan,0.000000
-0.100000,0.150000,60.000000,0,TARGET_OVERLAPS_GO2_FOOTPRINT,nan,nan,nan,nan,0.000000
-0.100000,0.150000,70.000000,0,TARGET_OVERLAPS_GO2_FOOTPRINT,nan,nan,nan,nan,0.000000
-0.100000,0.150000,80.000000,0,TARGET_OVERLAPS_GO2_FOOTPRINT,nan,nan,nan,nan,0.000000
-0.050000,0.150000,0.000000,0,TARGET_OVERLAPS_GO2_FOOTPRINT,nan,nan,nan,nan,0.000000
-0.050000,0.150000,10.000000,0,TARGET_OVERLAPS_GO2_FOOTPRINT,nan,nan,nan,nan,0.000000
-0.050000,0.150000,20.000000,0,TARGET_OVERLAPS_GO2_FOOTPRINT,nan,nan,nan,nan,0.000000
-0.050000,0.150000,30.000000,0,TARGET_OVERLAPS_GO2_FOOTPRINT,nan,nan,nan,nan,0.000000
-0.050000,0.150000,40.000000,0,TARGET_OVERLAPS_GO2_FOOTPRINT,nan,nan,nan,nan,0.000000
-0.050000,0.150000,50.000000,0,TARGET_OVERLAPS_GO2_FOOTPRINT,nan,nan,nan,nan,0.000000
-0.050000,0.150000,60.000000,0,TARGET_OVERLAPS_GO2_FOOTPRINT,nan,nan,nan,nan,0.000000
-0.050000,0.150000,70.000000,0,TARGET_OVERLAPS_GO2_FOOTPRINT,nan,nan,nan,nan,0.000000
-0.050000,0.150000,80.000000,0,TARGET_OVERLAPS_GO2_FOOTPRINT,nan,nan,nan,nan,0.000000
0.000000,0.150000,0.000000,0,TARGET_OVERLAPS_GO2_FOOTPRINT,nan,nan,nan,nan,0.000000
0.000000,0.150000,10.000000,0,TARGET_OVERLAPS_GO2_FOOTPRINT,nan,nan,nan,nan,0.000000
0.000000,0.150000,20.000000,0,TARGET_OVERLAPS_GO2_FOOTPRINT,nan,nan,nan,nan,0.000000
0.000000,0.150000,30.000000,0,TARGET_OVERLAPS_GO2_FOOTPRINT,nan,nan,nan,nan,0.000000
0.000000,0.150000,40.000000,0,TARGET_OVERLAPS_GO2_FOOTPRINT,nan,nan,nan,nan,0.000000
0.000000,0.150000,50.000000,0,TARGET_OVERLAPS_GO2_FOOTPRINT,nan,nan,nan,nan,0.000000
0.000000,0.150000,60.000000,0,TARGET_OVERLAPS_GO2_FOOTPRINT,nan,nan,nan,nan,0.000000
0.000000,0.150000,70.000000,0,TARGET_OVERLAPS_GO2_FOOTPRINT,nan,nan,nan,nan,0.000000
0.000000,0.150000,80.000000,0,TARGET_OVERLAPS_GO2_FOOTPRINT,nan,nan,nan,nan,0.000000
0.050000,0.150000,0.000000,0,TARGET_OVERLAPS_GO2_FOOTPRINT,nan,nan,nan,nan,0.000000
0.050000,0.150000,10.000000,0,TARGET_OVERLAPS_GO2_FOOTPRINT,nan,nan,nan,nan,0.000000
0.050000,0.150000,20.000000,0,TARGET_OVERLAPS_GO2_FOOTPRINT,nan,nan,nan,nan,0.000000
0.050000,0.150000,30.000000,0,TARGET_OVERLAPS_GO2_FOOTPRINT,nan,nan,nan,nan,0.000000
0.050000,0.150000,40.000000,0,TARGET_OVERLAPS_GO2_FOOTPRINT,nan,nan,nan,nan,0.000000
0.050000,0.150000,50.000000,0,TARGET_OVERLAPS_GO2_FOOTPRINT,nan,nan,nan,nan,0.000000
0.050000,0.150000,60.000000,0,TARGET_OVERLAPS_GO2_FOOTPRINT,nan,nan,nan,nan,0.000000
0.050000,0.150000,70.000000,0,TARGET_OVERLAPS_GO2_FOOTPRINT,nan,nan,nan,nan,0.000000
0.050000,0.150000,80.000000,0,TARGET_OVERLAPS_GO2_FOOTPRINT,nan,nan,nan,nan,0.000000
0.100000,0.150000,0.000000,0,TARGET_OVERLAPS_GO2_FOOTPRINT,nan,nan,nan,nan,0.000000
0.100000,0.150000,10.000000,0,TARGET_OVERLAPS_GO2_FOOTPRINT,nan,nan,nan,nan,0.000000
0.100000,0.150000,20.000000,0,TARGET_OVERLAPS_GO2_FOOTPRINT,nan,nan,nan,nan,0.000000
0.100000,0.150000,30.000000,0,TARGET_OVERLAPS_GO2_FOOTPRINT,nan,nan,nan,nan,0.000000
0.100000,0.150000,40.000000,0,TARGET_OVERLAPS_GO2_FOOTPRINT,nan,nan,nan,nan,0.000000
0.100000,0.150000,50.000000,0,TARGET_OVERLAPS_GO2_FOOTPRINT,nan,nan,nan,nan,0.000000
0.100000,0.150000,60.000000,0,TARGET_OVERLAPS_GO2_FOOTPRINT,nan,nan,nan,nan,0.000000
0.100000,0.150000,70.000000,0,TARGET_OVERLAPS_GO2_FOOTPRINT,nan,nan,nan,nan,0.000000
0.100000,0.150000,80.000000,0,TARGET_OVERLAPS_GO2_FOOTPRINT,nan,nan,nan,nan,0.000000
0.150000,0.150000,0.000000,0,TARGET_OVERLAPS_GO2_FOOTPRINT,nan,nan,nan,nan,0.000000
0.150000,0.150000,10.000000,0,TARGET_OVERLAPS_GO2_FOOTPRINT,nan,nan,nan,nan,0.000000
0.150000,0.150000,20.000000,0,TARGET_OVERLAPS_GO2_FOOTPRINT,nan,nan,nan,nan,0.000000
0.150000,0.150000,30.000000,0,TARGET_OVERLAPS_GO2_FOOTPRINT,nan,nan,nan,nan,0.000000
0.150000,0.150000,40.000000,0,TARGET_OVERLAPS_GO2_FOOTPRINT,nan,nan,nan,nan,0.000000
0.150000,0.150000,50.000000,0,TARGET_OVERLAPS_GO2_FOOTPRINT,nan,nan,nan,nan,0.000000
0.150000,0.150000,60.000000,0,TARGET_OVERLAPS_GO2_FOOTPRINT,nan,nan,nan,nan,0.000000
0.150000,0.150000,70.000000,0,TARGET_OVERLAPS_GO2_FOOTPRINT,nan,nan,nan,nan,0.000000
0.150000,0.150000,80.000000,0,TARGET_OVERLAPS_GO2_FOOTPRINT,nan,nan,nan,nan,0.000000
0.200000,0.150000,0.000000,0,TARGET_OVERLAPS_GO2_FOOTPRINT,nan,nan,nan,nan,0.000000
0.200000,0.150000,10.000000,0,TARGET_OVERLAPS_GO2_FOOTPRINT,nan,nan,nan,nan,0.000000
0.200000,0.150000,20.000000,0,TARGET_OVERLAPS_GO2_FOOTPRINT,nan,nan,nan,nan,0.000000
0.200000,0.150000,30.000000,0,TARGET_OVERLAPS_GO2_FOOTPRINT,nan,nan,nan,nan,0.000000
0.200000,0.150000,40.000000,0,TARGET_OVERLAPS_GO2_FOOTPRINT,nan,nan,nan,nan,0.000000
0.200000,0.150000,50.000000,0,TARGET_OVERLAPS_GO2_FOOTPRINT,nan,nan,nan,nan,0.000000
0.200000,0.150000,60.000000,0,TARGET_OVERLAPS_GO2_FOOTPRINT,nan,nan,nan,nan,0.000000
0.200000,0.150000,70.000000,0,TARGET_OVERLAPS_GO2_FOOTPRINT,nan,nan,nan,nan,0.000000
0.200000,0.150000,80.000000,0,TARGET_OVERLAPS_GO2_FOOTPRINT,nan,nan,nan,nan,0.000000
0.250000,0.150000,0.000000,0,TARGET_OVERLAPS_GO2_FOOTPRINT,nan,nan,nan,nan,0.000000
0.250000,0.150000,10.000000,0,TARGET_OVERLAPS_GO2_FOOTPRINT,nan,nan,nan,nan,0.000000
0.250000,0.150000,20.000000,0,TARGET_OVERLAPS_GO2_FOOTPRINT,nan,nan,nan,nan,0.000000
0.250000,0.150000,30.000000,0,TARGET_OVERLAPS_GO2_FOOTPRINT,nan,nan,nan,nan,0.000000
0.250000,0.150000,40.000000,0,TARGET_OVERLAPS_GO2_FOOTPRINT,nan,nan,nan,nan,0.000000
0.250000,0.150000,50.000000,0,TARGET_OVERLAPS_GO2_FOOTPRINT,nan,nan,nan,nan,0.000000
0.250000,0.150000,60.000000,0,TARGET_OVERLAPS_GO2_FOOTPRINT,nan,nan,nan,nan,0.000000
0.250000,0.150000,70.000000,0,TARGET_OVERLAPS_GO2_FOOTPRINT,nan,nan,nan,nan,0.000000
0.250000,0.150000,80.000000,0,TARGET_OVERLAPS_GO2_FOOTPRINT,nan,nan,nan,nan,0.000000
0.300000,0.150000,0.000000,0,TARGET_OVERLAPS_GO2_FOOTPRINT,nan,nan,nan,nan,0.000000
0.300000,0.150000,10.000000,0,TARGET_OVERLAPS_GO2_FOOTPRINT,nan,nan,nan,nan,0.000000
0.300000,0.150000,20.000000,0,TARGET_OVERLAPS_GO2_FOOTPRINT,nan,nan,nan,nan,0.000000
0.300000,0.150000,30.000000,0,TARGET_OVERLAPS_GO2_FOOTPRINT,nan,nan,nan,nan,0.000000
0.300000,0.150000,40.000000,0,TARGET_OVERLAPS_GO2_FOOTPRINT,nan,nan,nan,nan,0.000000
0.300000,0.150000,50.000000,0,TARGET_OVERLAPS_GO2_FOOTPRINT,nan,nan,nan,nan,0.000000
0.300000,0.150000,60.000000,0,TARGET_OVERLAPS_GO2_FOOTPRINT,nan,nan,nan,nan,0.000000
0.300000,0.150000,70.000000,0,TARGET_OVERLAPS_GO2_FOOTPRINT,nan,nan,nan,nan,0.000000
0.300000,0.150000,80.000000,0,TARGET_OVERLAPS_GO2_FOOTPRINT,nan,nan,nan,nan,0.000000
0.350000,0.150000,0.000000,0,TARGET_OVERLAPS_GO2_FOOTPRINT,nan,nan,nan,nan,0.000000
0.350000,0.150000,10.000000,0,TARGET_OVERLAPS_GO2_FOOTPRINT,nan,nan,nan,nan,0.000000
0.350000,0.150000,20.000000,0,TARGET_OVERLAPS_GO2_FOOTPRINT,nan,nan,nan,nan,0.000000
0.350000,0.150000,30.000000,0,TARGET_OVERLAPS_GO2_FOOTPRINT,nan,nan,nan,nan,0.000000
0.350000,0.150000,40.000000,0,TARGET_OVERLAPS_GO2_FOOTPRINT,nan,nan,nan,nan,0.000000
0.350000,0.150000,50.000000,0,TARGET_OVERLAPS_GO2_FOOTPRINT,nan,nan,nan,nan,0.000000
0.350000,0.150000,60.000000,0,TARGET_OVERLAPS_GO2_FOOTPRINT,nan,nan,nan,nan,0.000000
0.350000,0.150000,70.000000,0,TARGET_OVERLAPS_GO2_FOOTPRINT,nan,nan,nan,nan,0.000000
0.350000,0.150000,80.000000,0,TARGET_OVERLAPS_GO2_FOOTPRINT,nan,nan,nan,nan,0.000000
0.400000,0.150000,0.000000,0,PREGRASP_DESCENT_OR_CARRY,nan,nan,nan,nan,0.000000
0.400000,0.150000,10.000000,0,PREGRASP_DESCENT_OR_CARRY,nan,nan,nan,nan,0.000000
0.400000,0.150000,20.000000,0,PREGRASP_DESCENT_OR_CARRY,nan,nan,nan,nan,0.000000
0.400000,0.150000,30.000000,0,PREGRASP_DESCENT_OR_CARRY,nan,nan,nan,nan,0.000000
0.400000,0.150000,40.000000,0,PREGRASP_DESCENT_OR_CARRY,nan,nan,nan,nan,0.000000
0.400000,0.150000,50.000000,0,PREGRASP_DESCENT_OR_CARRY,nan,nan,nan,nan,0.000000
0.400000,0.150000,60.000000,0,PREGRASP_DESCENT_OR_CARRY,nan,nan,nan,nan,0.000000
0.400000,0.150000,70.000000,0,PREGRASP_DESCENT_OR_CARRY,nan,nan,nan,nan,0.000000
0.400000,0.150000,80.000000,0,PREGRASP_DESCENT_OR_CARRY,nan,nan,nan,nan,0.000000
0.450000,0.150000,0.000000,0,PREGRASP_DESCENT_OR_CARRY,nan,nan,nan,nan,0.000000
0.450000,0.150000,10.000000,0,PREGRASP_DESCENT_OR_CARRY,nan,nan,nan,nan,0.000000
0.450000,0.150000,20.000000,0,PREGRASP_DESCENT_OR_CARRY,nan,nan,nan,nan,0.000000
0.450000,0.150000,30.000000,0,PREGRASP_DESCENT_OR_CARRY,nan,nan,nan,nan,0.000000
0.450000,0.150000,40.000000,0,PREGRASP_DESCENT_OR_CARRY,nan,nan,nan,nan,0.000000
0.450000,0.150000,50.000000,0,PREGRASP_DESCENT_OR_CARRY,nan,nan,nan,nan,0.000000
0.450000,0.150000,60.000000,0,PREGRASP_DESCENT_OR_CARRY,nan,nan,nan,nan,0.000000
0.450000,0.150000,70.000000,0,PREGRASP_DESCENT_OR_CARRY,nan,nan,nan,nan,0.000000
0.450000,0.150000,80.000000,0,PREGRASP_DESCENT_OR_CARRY,nan,nan,nan,nan,0.000000
0.500000,0.150000,0.000000,0,PREGRASP_DESCENT_OR_CARRY,nan,nan,nan,nan,0.000000
0.500000,0.150000,10.000000,0,PREGRASP_DESCENT_OR_CARRY,nan,nan,nan,nan,0.000000
0.500000,0.150000,20.000000,0,PREGRASP_DESCENT_OR_CARRY,nan,nan,nan,nan,0.000000
0.500000,0.150000,30.000000,0,PREGRASP_DESCENT_OR_CARRY,nan,nan,nan,nan,0.000000
0.500000,0.150000,40.000000,0,PREGRASP_DESCENT_OR_CARRY,nan,nan,nan,nan,0.000000
0.500000,0.150000,50.000000,0,PREGRASP_DESCENT_OR_CARRY,nan,nan,nan,nan,0.000000
0.500000,0.150000,60.000000,0,PREGRASP_DESCENT_OR_CARRY,nan,nan,nan,nan,0.000000
0.500000,0.150000,70.000000,0,PREGRASP_DESCENT_OR_CARRY,nan,nan,nan,nan,0.000000
0.500000,0.150000,80.000000,0,PREGRASP_DESCENT_OR_CARRY,nan,nan,nan,nan,0.000000
0.550000,0.150000,0.000000,0,PREGRASP_DESCENT_OR_CARRY,nan,nan,nan,nan,0.000000
0.550000,0.150000,10.000000,0,PREGRASP_DESCENT_OR_CARRY,nan,nan,nan,nan,0.000000
0.550000,0.150000,20.000000,0,PREGRASP_DESCENT_OR_CARRY,nan,nan,nan,nan,0.000000
0.550000,0.150000,30.000000,0,PREGRASP_DESCENT_OR_CARRY,nan,nan,nan,nan,0.000000
0.550000,0.150000,40.000000,0,PREGRASP_DESCENT_OR_CARRY,nan,nan,nan,nan,0.000000
0.550000,0.150000,50.000000,0,PREGRASP_DESCENT_OR_CARRY,nan,nan,nan,nan,0.000000
0.550000,0.150000,60.000000,0,PREGRASP_DESCENT_OR_CARRY,nan,nan,nan,nan,0.000000
0.550000,0.150000,70.000000,0,PREGRASP_DESCENT_OR_CARRY,nan,nan,nan,nan,0.000000
0.550000,0.150000,80.000000,0,PREGRASP_DESCENT_OR_CARRY,nan,nan,nan,nan,0.000000
0.600000,0.150000,0.000000,0,PLAN_TOP_OBSERVE,nan,nan,nan,nan,0.000000
0.600000,0.150000,10.000000,0,PLAN_TOP_OBSERVE,nan,nan,nan,nan,0.000000
0.600000,0.150000,20.000000,0,PLAN_TOP_OBSERVE,nan,nan,nan,nan,0.000000
0.600000,0.150000,30.000000,0,PLAN_TOP_OBSERVE,nan,nan,nan,nan,0.000000
0.600000,0.150000,40.000000,0,PLAN_TOP_OBSERVE,nan,nan,nan,nan,0.000000
0.600000,0.150000,50.000000,0,PLAN_TOP_OBSERVE,nan,nan,nan,nan,0.000000
0.600000,0.150000,60.000000,0,PLAN_TOP_OBSERVE,nan,nan,nan,nan,0.000000
0.600000,0.150000,70.000000,0,PLAN_TOP_OBSERVE,nan,nan,nan,nan,0.000000
0.600000,0.150000,80.000000,0,PLAN_TOP_OBSERVE,nan,nan,nan,nan,0.000000
0.650000,0.150000,0.000000,0,PLAN_TOP_OBSERVE,nan,nan,nan,nan,0.000000
0.650000,0.150000,10.000000,0,PLAN_TOP_OBSERVE,nan,nan,nan,nan,0.000000
0.650000,0.150000,20.000000,0,PLAN_TOP_OBSERVE,nan,nan,nan,nan,0.000000
0.650000,0.150000,30.000000,0,PLAN_TOP_OBSERVE,nan,nan,nan,nan,0.000000
0.650000,0.150000,40.000000,0,PLAN_TOP_OBSERVE,nan,nan,nan,nan,0.000000
0.650000,0.150000,50.000000,0,PLAN_TOP_OBSERVE,nan,nan,nan,nan,0.000000
0.650000,0.150000,60.000000,0,PLAN_TOP_OBSERVE,nan,nan,nan,nan,0.000000
0.650000,0.150000,70.000000,0,PLAN_TOP_OBSERVE,nan,nan,nan,nan,0.000000
0.650000,0.150000,80.000000,0,PLAN_TOP_OBSERVE,nan,nan,nan,nan,0.000000
0.700000,0.150000,0.000000,0,PLAN_TOP_OBSERVE,nan,nan,nan,nan,0.000000
0.700000,0.150000,10.000000,0,PLAN_TOP_OBSERVE,nan,nan,nan,nan,0.000000
0.700000,0.150000,20.000000,0,PLAN_TOP_OBSERVE,nan,nan,nan,nan,0.000000
0.700000,0.150000,30.000000,0,PLAN_TOP_OBSERVE,nan,nan,nan,nan,0.000000
0.700000,0.150000,40.000000,0,PLAN_TOP_OBSERVE,nan,nan,nan,nan,0.000000
0.700000,0.150000,50.000000,0,PLAN_TOP_OBSERVE,nan,nan,nan,nan,0.000000
0.700000,0.150000,60.000000,0,PLAN_TOP_OBSERVE,nan,nan,nan,nan,0.000000
0.700000,0.150000,70.000000,0,PLAN_TOP_OBSERVE,nan,nan,nan,nan,0.000000
0.700000,0.150000,80.000000,0,PLAN_TOP_OBSERVE,nan,nan,nan,nan,0.000000
-0.700000,0.200000,0.000000,0,PLAN_TOP_OBSERVE,nan,nan,nan,nan,0.000000
-0.700000,0.200000,10.000000,0,PLAN_TOP_OBSERVE,nan,nan,nan,nan,0.000000
-0.700000,0.200000,20.000000,0,PLAN_TOP_OBSERVE,nan,nan,nan,nan,0.000000
-0.700000,0.200000,30.000000,0,PLAN_TOP_OBSERVE,nan,nan,nan,nan,0.000000
-0.700000,0.200000,40.000000,0,PLAN_TOP_OBSERVE,nan,nan,nan,nan,0.000000
-0.700000,0.200000,50.000000,0,PLAN_TOP_OBSERVE,nan,nan,nan,nan,0.000000
-0.700000,0.200000,60.000000,0,PLAN_TOP_OBSERVE,nan,nan,nan,nan,0.000000
-0.700000,0.200000,70.000000,0,PLAN_TOP_OBSERVE,nan,nan,nan,nan,0.000000
-0.700000,0.200000,80.000000,0,PLAN_TOP_OBSERVE,nan,nan,nan,nan,0.000000
-0.650000,0.200000,0.000000,0,PLAN_TOP_OBSERVE,nan,nan,nan,nan,0.000000
-0.650000,0.200000,10.000000,0,PLAN_TOP_OBSERVE,nan,nan,nan,nan,0.000000
-0.650000,0.200000,20.000000,0,PLAN_TOP_OBSERVE,nan,nan,nan,nan,0.000000
-0.650000,0.200000,30.000000,0,PLAN_TOP_OBSERVE,nan,nan,nan,nan,0.000000
-0.650000,0.200000,40.000000,0,PLAN_TOP_OBSERVE,nan,nan,nan,nan,0.000000
-0.650000,0.200000,50.000000,0,PLAN_TOP_OBSERVE,nan,nan,nan,nan,0.000000
-0.650000,0.200000,60.000000,0,PLAN_TOP_OBSERVE,nan,nan,nan,nan,0.000000
-0.650000,0.200000,70.000000,0,PLAN_TOP_OBSERVE,nan,nan,nan,nan,0.000000
-0.650000,0.200000,80.000000,0,PLAN_TOP_OBSERVE,nan,nan,nan,nan,0.000000
-0.600000,0.200000,0.000000,0,PLAN_TOP_OBSERVE,nan,nan,nan,nan,0.000000
-0.600000,0.200000,10.000000,0,PLAN_TOP_OBSERVE,nan,nan,nan,nan,0.000000
-0.600000,0.200000,20.000000,0,PLAN_TOP_OBSERVE,nan,nan,nan,nan,0.000000
-0.600000,0.200000,30.000000,0,PLAN_TOP_OBSERVE,nan,nan,nan,nan,0.000000
-0.600000,0.200000,40.000000,0,PLAN_TOP_OBSERVE,nan,nan,nan,nan,0.000000
-0.600000,0.200000,50.000000,0,PLAN_TOP_OBSERVE,nan,nan,nan,nan,0.000000
-0.600000,0.200000,60.000000,0,PLAN_TOP_OBSERVE,nan,nan,nan,nan,0.000000
-0.600000,0.200000,70.000000,0,PLAN_TOP_OBSERVE,nan,nan,nan,nan,0.000000
-0.600000,0.200000,80.000000,0,PLAN_TOP_OBSERVE,nan,nan,nan,nan,0.000000
-0.550000,0.200000,0.000000,0,PLAN_TOP_OBSERVE,nan,nan,nan,nan,0.000000
-0.550000,0.200000,10.000000,0,PLAN_TOP_OBSERVE,nan,nan,nan,nan,0.000000
-0.550000,0.200000,20.000000,0,PLAN_TOP_OBSERVE,nan,nan,nan,nan,0.000000
-0.550000,0.200000,30.000000,0,PLAN_TOP_OBSERVE,nan,nan,nan,nan,0.000000
-0.550000,0.200000,40.000000,0,PLAN_TOP_OBSERVE,nan,nan,nan,nan,0.000000
-0.550000,0.200000,50.000000,0,PLAN_TOP_OBSERVE,nan,nan,nan,nan,0.000000
-0.550000,0.200000,60.000000,0,PLAN_TOP_OBSERVE,nan,nan,nan,nan,0.000000
-0.550000,0.200000,70.000000,0,PLAN_TOP_OBSERVE,nan,nan,nan,nan,0.000000
-0.550000,0.200000,80.000000,0,PLAN_TOP_OBSERVE,nan,nan,nan,nan,0.000000
-0.500000,0.200000,0.000000,0,PREGRASP_DESCENT_OR_CARRY,nan,nan,nan,nan,0.000000
-0.500000,0.200000,10.000000,0,PREGRASP_DESCENT_OR_CARRY,nan,nan,nan,nan,0.000000
-0.500000,0.200000,20.000000,0,PREGRASP_DESCENT_OR_CARRY,nan,nan,nan,nan,0.000000
-0.500000,0.200000,30.000000,0,PREGRASP_DESCENT_OR_CARRY,nan,nan,nan,nan,0.000000
-0.500000,0.200000,40.000000,0,PREGRASP_DESCENT_OR_CARRY,nan,nan,nan,nan,0.000000
-0.500000,0.200000,50.000000,0,PREGRASP_DESCENT_OR_CARRY,nan,nan,nan,nan,0.000000
-0.500000,0.200000,60.000000,0,PREGRASP_DESCENT_OR_CARRY,nan,nan,nan,nan,0.000000
-0.500000,0.200000,70.000000,0,PREGRASP_DESCENT_OR_CARRY,nan,nan,nan,nan,0.000000
-0.500000,0.200000,80.000000,0,PREGRASP_DESCENT_OR_CARRY,nan,nan,nan,nan,0.000000
-0.450000,0.200000,0.000000,0,TARGET_OVERLAPS_GO2_FOOTPRINT,nan,nan,nan,nan,0.000000
-0.450000,0.200000,10.000000,0,TARGET_OVERLAPS_GO2_FOOTPRINT,nan,nan,nan,nan,0.000000
-0.450000,0.200000,20.000000,0,TARGET_OVERLAPS_GO2_FOOTPRINT,nan,nan,nan,nan,0.000000
-0.450000,0.200000,30.000000,0,TARGET_OVERLAPS_GO2_FOOTPRINT,nan,nan,nan,nan,0.000000
-0.450000,0.200000,40.000000,0,TARGET_OVERLAPS_GO2_FOOTPRINT,nan,nan,nan,nan,0.000000
-0.450000,0.200000,50.000000,0,TARGET_OVERLAPS_GO2_FOOTPRINT,nan,nan,nan,nan,0.000000
-0.450000,0.200000,60.000000,0,TARGET_OVERLAPS_GO2_FOOTPRINT,nan,nan,nan,nan,0.000000
-0.450000,0.200000,70.000000,0,TARGET_OVERLAPS_GO2_FOOTPRINT,nan,nan,nan,nan,0.000000
-0.450000,0.200000,80.000000,0,TARGET_OVERLAPS_GO2_FOOTPRINT,nan,nan,nan,nan,0.000000
-0.400000,0.200000,0.000000,0,TARGET_OVERLAPS_GO2_FOOTPRINT,nan,nan,nan,nan,0.000000
-0.400000,0.200000,10.000000,0,TARGET_OVERLAPS_GO2_FOOTPRINT,nan,nan,nan,nan,0.000000
-0.400000,0.200000,20.000000,0,TARGET_OVERLAPS_GO2_FOOTPRINT,nan,nan,nan,nan,0.000000
-0.400000,0.200000,30.000000,0,TARGET_OVERLAPS_GO2_FOOTPRINT,nan,nan,nan,nan,0.000000
-0.400000,0.200000,40.000000,0,TARGET_OVERLAPS_GO2_FOOTPRINT,nan,nan,nan,nan,0.000000
-0.400000,0.200000,50.000000,0,TARGET_OVERLAPS_GO2_FOOTPRINT,nan,nan,nan,nan,0.000000
-0.400000,0.200000,60.000000,0,TARGET_OVERLAPS_GO2_FOOTPRINT,nan,nan,nan,nan,0.000000
-0.400000,0.200000,70.000000,0,TARGET_OVERLAPS_GO2_FOOTPRINT,nan,nan,nan,nan,0.000000
-0.400000,0.200000,80.000000,0,TARGET_OVERLAPS_GO2_FOOTPRINT,nan,nan,nan,nan,0.000000
-0.350000,0.200000,0.000000,0,TARGET_OVERLAPS_GO2_FOOTPRINT,nan,nan,nan,nan,0.000000
-0.350000,0.200000,10.000000,0,TARGET_OVERLAPS_GO2_FOOTPRINT,nan,nan,nan,nan,0.000000
-0.350000,0.200000,20.000000,0,TARGET_OVERLAPS_GO2_FOOTPRINT,nan,nan,nan,nan,0.000000
-0.350000,0.200000,30.000000,0,TARGET_OVERLAPS_GO2_FOOTPRINT,nan,nan,nan,nan,0.000000
-0.350000,0.200000,40.000000,0,TARGET_OVERLAPS_GO2_FOOTPRINT,nan,nan,nan,nan,0.000000
-0.350000,0.200000,50.000000,0,TARGET_OVERLAPS_GO2_FOOTPRINT,nan,nan,nan,nan,0.000000
-0.350000,0.200000,60.000000,0,TARGET_OVERLAPS_GO2_FOOTPRINT,nan,nan,nan,nan,0.000000
-0.350000,0.200000,70.000000,0,TARGET_OVERLAPS_GO2_FOOTPRINT,nan,nan,nan,nan,0.000000
-0.350000,0.200000,80.000000,0,TARGET_OVERLAPS_GO2_FOOTPRINT,nan,nan,nan,nan,0.000000
-0.300000,0.200000,0.000000,0,TARGET_OVERLAPS_GO2_FOOTPRINT,nan,nan,nan,nan,0.000000
-0.300000,0.200000,10.000000,0,TARGET_OVERLAPS_GO2_FOOTPRINT,nan,nan,nan,nan,0.000000
-0.300000,0.200000,20.000000,0,TARGET_OVERLAPS_GO2_FOOTPRINT,nan,nan,nan,nan,0.000000
-0.300000,0.200000,30.000000,0,TARGET_OVERLAPS_GO2_FOOTPRINT,nan,nan,nan,nan,0.000000
-0.300000,0.200000,40.000000,0,TARGET_OVERLAPS_GO2_FOOTPRINT,nan,nan,nan,nan,0.000000
-0.300000,0.200000,50.000000,0,TARGET_OVERLAPS_GO2_FOOTPRINT,nan,nan,nan,nan,0.000000
-0.300000,0.200000,60.000000,0,TARGET_OVERLAPS_GO2_FOOTPRINT,nan,nan,nan,nan,0.000000
-0.300000,0.200000,70.000000,0,TARGET_OVERLAPS_GO2_FOOTPRINT,nan,nan,nan,nan,0.000000
-0.300000,0.200000,80.000000,0,TARGET_OVERLAPS_GO2_FOOTPRINT,nan,nan,nan,nan,0.000000
-0.250000,0.200000,0.000000,0,TARGET_OVERLAPS_GO2_FOOTPRINT,nan,nan,nan,nan,0.000000
-0.250000,0.200000,10.000000,0,TARGET_OVERLAPS_GO2_FOOTPRINT,nan,nan,nan,nan,0.000000
-0.250000,0.200000,20.000000,0,TARGET_OVERLAPS_GO2_FOOTPRINT,nan,nan,nan,nan,0.000000
-0.250000,0.200000,30.000000,0,TARGET_OVERLAPS_GO2_FOOTPRINT,nan,nan,nan,nan,0.000000
-0.250000,0.200000,40.000000,0,TARGET_OVERLAPS_GO2_FOOTPRINT,nan,nan,nan,nan,0.000000
-0.250000,0.200000,50.000000,0,TARGET_OVERLAPS_GO2_FOOTPRINT,nan,nan,nan,nan,0.000000
-0.250000,0.200000,60.000000,0,TARGET_OVERLAPS_GO2_FOOTPRINT,nan,nan,nan,nan,0.000000
-0.250000,0.200000,70.000000,0,TARGET_OVERLAPS_GO2_FOOTPRINT,nan,nan,nan,nan,0.000000
-0.250000,0.200000,80.000000,0,TARGET_OVERLAPS_GO2_FOOTPRINT,nan,nan,nan,nan,0.000000
-0.200000,0.200000,0.000000,0,TARGET_OVERLAPS_GO2_FOOTPRINT,nan,nan,nan,nan,0.000000
-0.200000,0.200000,10.000000,0,TARGET_OVERLAPS_GO2_FOOTPRINT,nan,nan,nan,nan,0.000000
-0.200000,0.200000,20.000000,0,TARGET_OVERLAPS_GO2_FOOTPRINT,nan,nan,nan,nan,0.000000
-0.200000,0.200000,30.000000,0,TARGET_OVERLAPS_GO2_FOOTPRINT,nan,nan,nan,nan,0.000000
-0.200000,0.200000,40.000000,0,TARGET_OVERLAPS_GO2_FOOTPRINT,nan,nan,nan,nan,0.000000
-0.200000,0.200000,50.000000,0,TARGET_OVERLAPS_GO2_FOOTPRINT,nan,nan,nan,nan,0.000000
-0.200000,0.200000,60.000000,0,TARGET_OVERLAPS_GO2_FOOTPRINT,nan,nan,nan,nan,0.000000
-0.200000,0.200000,70.000000,0,TARGET_OVERLAPS_GO2_FOOTPRINT,nan,nan,nan,nan,0.000000
-0.200000,0.200000,80.000000,0,TARGET_OVERLAPS_GO2_FOOTPRINT,nan,nan,nan,nan,0.000000
-0.150000,0.200000,0.000000,0,TARGET_OVERLAPS_GO2_FOOTPRINT,nan,nan,nan,nan,0.000000
-0.150000,0.200000,10.000000,0,TARGET_OVERLAPS_GO2_FOOTPRINT,nan,nan,nan,nan,0.000000
-0.150000,0.200000,20.000000,0,TARGET_OVERLAPS_GO2_FOOTPRINT,nan,nan,nan,nan,0.000000
-0.150000,0.200000,30.000000,0,TARGET_OVERLAPS_GO2_FOOTPRINT,nan,nan,nan,nan,0.000000
-0.150000,0.200000,40.000000,0,TARGET_OVERLAPS_GO2_FOOTPRINT,nan,nan,nan,nan,0.000000
-0.150000,0.200000,50.000000,0,TARGET_OVERLAPS_GO2_FOOTPRINT,nan,nan,nan,nan,0.000000
-0.150000,0.200000,60.000000,0,TARGET_OVERLAPS_GO2_FOOTPRINT,nan,nan,nan,nan,0.000000
-0.150000,0.200000,70.000000,0,TARGET_OVERLAPS_GO2_FOOTPRINT,nan,nan,nan,nan,0.000000
-0.150000,0.200000,80.000000,0,TARGET_OVERLAPS_GO2_FOOTPRINT,nan,nan,nan,nan,0.000000
-0.100000,0.200000,0.000000,0,TARGET_OVERLAPS_GO2_FOOTPRINT,nan,nan,nan,nan,0.000000
-0.100000,0.200000,10.000000,0,TARGET_OVERLAPS_GO2_FOOTPRINT,nan,nan,nan,nan,0.000000
-0.100000,0.200000,20.000000,0,TARGET_OVERLAPS_GO2_FOOTPRINT,nan,nan,nan,nan,0.000000
-0.100000,0.200000,30.000000,0,TARGET_OVERLAPS_GO2_FOOTPRINT,nan,nan,nan,nan,0.000000
-0.100000,0.200000,40.000000,0,TARGET_OVERLAPS_GO2_FOOTPRINT,nan,nan,nan,nan,0.000000
-0.100000,0.200000,50.000000,0,TARGET_OVERLAPS_GO2_FOOTPRINT,nan,nan,nan,nan,0.000000
-0.100000,0.200000,60.000000,0,TARGET_OVERLAPS_GO2_FOOTPRINT,nan,nan,nan,nan,0.000000
-0.100000,0.200000,70.000000,0,TARGET_OVERLAPS_GO2_FOOTPRINT,nan,nan,nan,nan,0.000000
-0.100000,0.200000,80.000000,0,TARGET_OVERLAPS_GO2_FOOTPRINT,nan,nan,nan,nan,0.000000
-0.050000,0.200000,0.000000,0,TARGET_OVERLAPS_GO2_FOOTPRINT,nan,nan,nan,nan,0.000000
-0.050000,0.200000,10.000000,0,TARGET_OVERLAPS_GO2_FOOTPRINT,nan,nan,nan,nan,0.000000
-0.050000,0.200000,20.000000,0,TARGET_OVERLAPS_GO2_FOOTPRINT,nan,nan,nan,nan,0.000000
-0.050000,0.200000,30.000000,0,TARGET_OVERLAPS_GO2_FOOTPRINT,nan,nan,nan,nan,0.000000
-0.050000,0.200000,40.000000,0,TARGET_OVERLAPS_GO2_FOOTPRINT,nan,nan,nan,nan,0.000000
-0.050000,0.200000,50.000000,0,TARGET_OVERLAPS_GO2_FOOTPRINT,nan,nan,nan,nan,0.000000
-0.050000,0.200000,60.000000,0,TARGET_OVERLAPS_GO2_FOOTPRINT,nan,nan,nan,nan,0.000000
-0.050000,0.200000,70.000000,0,TARGET_OVERLAPS_GO2_FOOTPRINT,nan,nan,nan,nan,0.000000
-0.050000,0.200000,80.000000,0,TARGET_OVERLAPS_GO2_FOOTPRINT,nan,nan,nan,nan,0.000000
0.000000,0.200000,0.000000,0,TARGET_OVERLAPS_GO2_FOOTPRINT,nan,nan,nan,nan,0.000000
0.000000,0.200000,10.000000,0,TARGET_OVERLAPS_GO2_FOOTPRINT,nan,nan,nan,nan,0.000000
0.000000,0.200000,20.000000,0,TARGET_OVERLAPS_GO2_FOOTPRINT,nan,nan,nan,nan,0.000000
0.000000,0.200000,30.000000,0,TARGET_OVERLAPS_GO2_FOOTPRINT,nan,nan,nan,nan,0.000000
0.000000,0.200000,40.000000,0,TARGET_OVERLAPS_GO2_FOOTPRINT,nan,nan,nan,nan,0.000000
0.000000,0.200000,50.000000,0,TARGET_OVERLAPS_GO2_FOOTPRINT,nan,nan,nan,nan,0.000000
0.000000,0.200000,60.000000,0,TARGET_OVERLAPS_GO2_FOOTPRINT,nan,nan,nan,nan,0.000000
0.000000,0.200000,70.000000,0,TARGET_OVERLAPS_GO2_FOOTPRINT,nan,nan,nan,nan,0.000000
0.000000,0.200000,80.000000,0,TARGET_OVERLAPS_GO2_FOOTPRINT,nan,nan,nan,nan,0.000000
0.050000,0.200000,0.000000,0,TARGET_OVERLAPS_GO2_FOOTPRINT,nan,nan,nan,nan,0.000000
0.050000,0.200000,10.000000,0,TARGET_OVERLAPS_GO2_FOOTPRINT,nan,nan,nan,nan,0.000000
0.050000,0.200000,20.000000,0,TARGET_OVERLAPS_GO2_FOOTPRINT,nan,nan,nan,nan,0.000000
0.050000,0.200000,30.000000,0,TARGET_OVERLAPS_GO2_FOOTPRINT,nan,nan,nan,nan,0.000000
0.050000,0.200000,40.000000,0,TARGET_OVERLAPS_GO2_FOOTPRINT,nan,nan,nan,nan,0.000000
0.050000,0.200000,50.000000,0,TARGET_OVERLAPS_GO2_FOOTPRINT,nan,nan,nan,nan,0.000000
0.050000,0.200000,60.000000,0,TARGET_OVERLAPS_GO2_FOOTPRINT,nan,nan,nan,nan,0.000000
0.050000,0.200000,70.000000,0,TARGET_OVERLAPS_GO2_FOOTPRINT,nan,nan,nan,nan,0.000000
0.050000,0.200000,80.000000,0,TARGET_OVERLAPS_GO2_FOOTPRINT,nan,nan,nan,nan,0.000000
0.100000,0.200000,0.000000,0,TARGET_OVERLAPS_GO2_FOOTPRINT,nan,nan,nan,nan,0.000000
0.100000,0.200000,10.000000,0,TARGET_OVERLAPS_GO2_FOOTPRINT,nan,nan,nan,nan,0.000000
0.100000,0.200000,20.000000,0,TARGET_OVERLAPS_GO2_FOOTPRINT,nan,nan,nan,nan,0.000000
0.100000,0.200000,30.000000,0,TARGET_OVERLAPS_GO2_FOOTPRINT,nan,nan,nan,nan,0.000000
0.100000,0.200000,40.000000,0,TARGET_OVERLAPS_GO2_FOOTPRINT,nan,nan,nan,nan,0.000000
0.100000,0.200000,50.000000,0,TARGET_OVERLAPS_GO2_FOOTPRINT,nan,nan,nan,nan,0.000000
0.100000,0.200000,60.000000,0,TARGET_OVERLAPS_GO2_FOOTPRINT,nan,nan,nan,nan,0.000000
0.100000,0.200000,70.000000,0,TARGET_OVERLAPS_GO2_FOOTPRINT,nan,nan,nan,nan,0.000000
0.100000,0.200000,80.000000,0,TARGET_OVERLAPS_GO2_FOOTPRINT,nan,nan,nan,nan,0.000000
0.150000,0.200000,0.000000,0,TARGET_OVERLAPS_GO2_FOOTPRINT,nan,nan,nan,nan,0.000000
0.150000,0.200000,10.000000,0,TARGET_OVERLAPS_GO2_FOOTPRINT,nan,nan,nan,nan,0.000000
0.150000,0.200000,20.000000,0,TARGET_OVERLAPS_GO2_FOOTPRINT,nan,nan,nan,nan,0.000000
0.150000,0.200000,30.000000,0,TARGET_OVERLAPS_GO2_FOOTPRINT,nan,nan,nan,nan,0.000000
0.150000,0.200000,40.000000,0,TARGET_OVERLAPS_GO2_FOOTPRINT,nan,nan,nan,nan,0.000000
0.150000,0.200000,50.000000,0,TARGET_OVERLAPS_GO2_FOOTPRINT,nan,nan,nan,nan,0.000000
0.150000,0.200000,60.000000,0,TARGET_OVERLAPS_GO2_FOOTPRINT,nan,nan,nan,nan,0.000000
0.150000,0.200000,70.000000,0,TARGET_OVERLAPS_GO2_FOOTPRINT,nan,nan,nan,nan,0.000000
0.150000,0.200000,80.000000,0,TARGET_OVERLAPS_GO2_FOOTPRINT,nan,nan,nan,nan,0.000000
0.200000,0.200000,0.000000,0,TARGET_OVERLAPS_GO2_FOOTPRINT,nan,nan,nan,nan,0.000000
0.200000,0.200000,10.000000,0,TARGET_OVERLAPS_GO2_FOOTPRINT,nan,nan,nan,nan,0.000000
0.200000,0.200000,20.000000,0,TARGET_OVERLAPS_GO2_FOOTPRINT,nan,nan,nan,nan,0.000000
0.200000,0.200000,30.000000,0,TARGET_OVERLAPS_GO2_FOOTPRINT,nan,nan,nan,nan,0.000000
0.200000,0.200000,40.000000,0,TARGET_OVERLAPS_GO2_FOOTPRINT,nan,nan,nan,nan,0.000000
0.200000,0.200000,50.000000,0,TARGET_OVERLAPS_GO2_FOOTPRINT,nan,nan,nan,nan,0.000000
0.200000,0.200000,60.000000,0,TARGET_OVERLAPS_GO2_FOOTPRINT,nan,nan,nan,nan,0.000000
0.200000,0.200000,70.000000,0,TARGET_OVERLAPS_GO2_FOOTPRINT,nan,nan,nan,nan,0.000000
0.200000,0.200000,80.000000,0,TARGET_OVERLAPS_GO2_FOOTPRINT,nan,nan,nan,nan,0.000000
0.250000,0.200000,0.000000,0,TARGET_OVERLAPS_GO2_FOOTPRINT,nan,nan,nan,nan,0.000000
0.250000,0.200000,10.000000,0,TARGET_OVERLAPS_GO2_FOOTPRINT,nan,nan,nan,nan,0.000000
0.250000,0.200000,20.000000,0,TARGET_OVERLAPS_GO2_FOOTPRINT,nan,nan,nan,nan,0.000000
0.250000,0.200000,30.000000,0,TARGET_OVERLAPS_GO2_FOOTPRINT,nan,nan,nan,nan,0.000000
0.250000,0.200000,40.000000,0,TARGET_OVERLAPS_GO2_FOOTPRINT,nan,nan,nan,nan,0.000000
0.250000,0.200000,50.000000,0,TARGET_OVERLAPS_GO2_FOOTPRINT,nan,nan,nan,nan,0.000000
0.250000,0.200000,60.000000,0,TARGET_OVERLAPS_GO2_FOOTPRINT,nan,nan,nan,nan,0.000000
0.250000,0.200000,70.000000,0,TARGET_OVERLAPS_GO2_FOOTPRINT,nan,nan,nan,nan,0.000000
0.250000,0.200000,80.000000,0,TARGET_OVERLAPS_GO2_FOOTPRINT,nan,nan,nan,nan,0.000000
0.300000,0.200000,0.000000,0,TARGET_OVERLAPS_GO2_FOOTPRINT,nan,nan,nan,nan,0.000000
0.300000,0.200000,10.000000,0,TARGET_OVERLAPS_GO2_FOOTPRINT,nan,nan,nan,nan,0.000000
0.300000,0.200000,20.000000,0,TARGET_OVERLAPS_GO2_FOOTPRINT,nan,nan,nan,nan,0.000000
0.300000,0.200000,30.000000,0,TARGET_OVERLAPS_GO2_FOOTPRINT,nan,nan,nan,nan,0.000000
0.300000,0.200000,40.000000,0,TARGET_OVERLAPS_GO2_FOOTPRINT,nan,nan,nan,nan,0.000000
0.300000,0.200000,50.000000,0,TARGET_OVERLAPS_GO2_FOOTPRINT,nan,nan,nan,nan,0.000000
0.300000,0.200000,60.000000,0,TARGET_OVERLAPS_GO2_FOOTPRINT,nan,nan,nan,nan,0.000000
0.300000,0.200000,70.000000,0,TARGET_OVERLAPS_GO2_FOOTPRINT,nan,nan,nan,nan,0.000000
0.300000,0.200000,80.000000,0,TARGET_OVERLAPS_GO2_FOOTPRINT,nan,nan,nan,nan,0.000000
0.350000,0.200000,0.000000,0,TARGET_OVERLAPS_GO2_FOOTPRINT,nan,nan,nan,nan,0.000000
0.350000,0.200000,10.000000,0,TARGET_OVERLAPS_GO2_FOOTPRINT,nan,nan,nan,nan,0.000000
0.350000,0.200000,20.000000,0,TARGET_OVERLAPS_GO2_FOOTPRINT,nan,nan,nan,nan,0.000000
0.350000,0.200000,30.000000,0,TARGET_OVERLAPS_GO2_FOOTPRINT,nan,nan,nan,nan,0.000000
0.350000,0.200000,40.000000,0,TARGET_OVERLAPS_GO2_FOOTPRINT,nan,nan,nan,nan,0.000000
0.350000,0.200000,50.000000,0,TARGET_OVERLAPS_GO2_FOOTPRINT,nan,nan,nan,nan,0.000000
0.350000,0.200000,60.000000,0,TARGET_OVERLAPS_GO2_FOOTPRINT,nan,nan,nan,nan,0.000000
0.350000,0.200000,70.000000,0,TARGET_OVERLAPS_GO2_FOOTPRINT,nan,nan,nan,nan,0.000000
0.350000,0.200000,80.000000,0,TARGET_OVERLAPS_GO2_FOOTPRINT,nan,nan,nan,nan,0.000000
0.400000,0.200000,0.000000,1,NONE,0.080000,-0.040000,-90.000000,2.000000,0.040897
0.400000,0.200000,10.000000,1,NONE,0.080000,-0.040000,-80.000000,2.000000,0.049930
0.400000,0.200000,20.000000,1,NONE,0.080000,-0.040000,110.000000,-2.000000,0.033611
0.400000,0.200000,30.000000,1,NONE,0.080000,-0.040000,120.000000,-2.000000,0.041740
0.400000,0.200000,40.000000,1,NONE,0.080000,-0.040000,130.000000,-2.000000,0.041396
0.400000,0.200000,50.000000,1,NONE,0.080000,-0.040000,140.000000,-2.000000,0.037436
0.400000,0.200000,60.000000,1,NONE,0.080000,-0.040000,150.000000,-2.000000,0.041019
0.400000,0.200000,70.000000,1,NONE,0.080000,-0.040000,160.000000,-2.000000,0.071480
0.400000,0.200000,80.000000,1,NONE,0.080000,-0.024000,170.000000,2.000000,0.049113
0.450000,0.200000,0.000000,0,PREGRASP_DESCENT_OR_CARRY,nan,nan,nan,nan,0.000000
0.450000,0.200000,10.000000,0,PREGRASP_DESCENT_OR_CARRY,nan,nan,nan,nan,0.000000
0.450000,0.200000,20.000000,0,PREGRASP_DESCENT_OR_CARRY,nan,nan,nan,nan,0.000000
0.450000,0.200000,30.000000,0,PREGRASP_DESCENT_OR_CARRY,nan,nan,nan,nan,0.000000
0.450000,0.200000,40.000000,0,PREGRASP_DESCENT_OR_CARRY,nan,nan,nan,nan,0.000000
0.450000,0.200000,50.000000,0,PREGRASP_DESCENT_OR_CARRY,nan,nan,nan,nan,0.000000
0.450000,0.200000,60.000000,0,PREGRASP_DESCENT_OR_CARRY,nan,nan,nan,nan,0.000000
0.450000,0.200000,70.000000,0,PREGRASP_DESCENT_OR_CARRY,nan,nan,nan,nan,0.000000
0.450000,0.200000,80.000000,0,PREGRASP_DESCENT_OR_CARRY,nan,nan,nan,nan,0.000000
0.500000,0.200000,0.000000,0,PREGRASP_DESCENT_OR_CARRY,nan,nan,nan,nan,0.000000
0.500000,0.200000,10.000000,0,PREGRASP_DESCENT_OR_CARRY,nan,nan,nan,nan,0.000000
0.500000,0.200000,20.000000,0,PREGRASP_DESCENT_OR_CARRY,nan,nan,nan,nan,0.000000
0.500000,0.200000,30.000000,0,PREGRASP_DESCENT_OR_CARRY,nan,nan,nan,nan,0.000000
0.500000,0.200000,40.000000,0,PREGRASP_DESCENT_OR_CARRY,nan,nan,nan,nan,0.000000
0.500000,0.200000,50.000000,0,PREGRASP_DESCENT_OR_CARRY,nan,nan,nan,nan,0.000000
0.500000,0.200000,60.000000,0,PREGRASP_DESCENT_OR_CARRY,nan,nan,nan,nan,0.000000
0.500000,0.200000,70.000000,0,PREGRASP_DESCENT_OR_CARRY,nan,nan,nan,nan,0.000000
0.500000,0.200000,80.000000,0,PREGRASP_DESCENT_OR_CARRY,nan,nan,nan,nan,0.000000
0.550000,0.200000,0.000000,0,PREGRASP_DESCENT_OR_CARRY,nan,nan,nan,nan,0.000000
0.550000,0.200000,10.000000,0,PREGRASP_DESCENT_OR_CARRY,nan,nan,nan,nan,0.000000
0.550000,0.200000,20.000000,0,PREGRASP_DESCENT_OR_CARRY,nan,nan,nan,nan,0.000000
0.550000,0.200000,30.000000,0,PREGRASP_DESCENT_OR_CARRY,nan,nan,nan,nan,0.000000
0.550000,0.200000,40.000000,0,PREGRASP_DESCENT_OR_CARRY,nan,nan,nan,nan,0.000000
0.550000,0.200000,50.000000,0,PREGRASP_DESCENT_OR_CARRY,nan,nan,nan,nan,0.000000
0.550000,0.200000,60.000000,0,PREGRASP_DESCENT_OR_CARRY,nan,nan,nan,nan,0.000000
0.550000,0.200000,70.000000,0,PREGRASP_DESCENT_OR_CARRY,nan,nan,nan,nan,0.000000
0.550000,0.200000,80.000000,0,PREGRASP_DESCENT_OR_CARRY,nan,nan,nan,nan,0.000000
0.600000,0.200000,0.000000,0,PLAN_TOP_OBSERVE,nan,nan,nan,nan,0.000000
0.600000,0.200000,10.000000,0,PLAN_TOP_OBSERVE,nan,nan,nan,nan,0.000000
0.600000,0.200000,20.000000,0,PLAN_TOP_OBSERVE,nan,nan,nan,nan,0.000000
0.600000,0.200000,30.000000,0,PLAN_TOP_OBSERVE,nan,nan,nan,nan,0.000000
0.600000,0.200000,40.000000,0,PLAN_TOP_OBSERVE,nan,nan,nan,nan,0.000000
0.600000,0.200000,50.000000,0,PLAN_TOP_OBSERVE,nan,nan,nan,nan,0.000000
0.600000,0.200000,60.000000,0,PLAN_TOP_OBSERVE,nan,nan,nan,nan,0.000000
0.600000,0.200000,70.000000,0,PLAN_TOP_OBSERVE,nan,nan,nan,nan,0.000000
0.600000,0.200000,80.000000,0,PLAN_TOP_OBSERVE,nan,nan,nan,nan,0.000000
0.650000,0.200000,0.000000,0,PLAN_TOP_OBSERVE,nan,nan,nan,nan,0.000000
0.650000,0.200000,10.000000,0,PLAN_TOP_OBSERVE,nan,nan,nan,nan,0.000000
0.650000,0.200000,20.000000,0,PLAN_TOP_OBSERVE,nan,nan,nan,nan,0.000000
0.650000,0.200000,30.000000,0,PLAN_TOP_OBSERVE,nan,nan,nan,nan,0.000000
0.650000,0.200000,40.000000,0,PLAN_TOP_OBSERVE,nan,nan,nan,nan,0.000000
0.650000,0.200000,50.000000,0,PLAN_TOP_OBSERVE,nan,nan,nan,nan,0.000000
0.650000,0.200000,60.000000,0,PLAN_TOP_OBSERVE,nan,nan,nan,nan,0.000000
0.650000,0.200000,70.000000,0,PLAN_TOP_OBSERVE,nan,nan,nan,nan,0.000000
0.650000,0.200000,80.000000,0,PLAN_TOP_OBSERVE,nan,nan,nan,nan,0.000000
0.700000,0.200000,0.000000,0,PLAN_TOP_OBSERVE,nan,nan,nan,nan,0.000000
0.700000,0.200000,10.000000,0,PLAN_TOP_OBSERVE,nan,nan,nan,nan,0.000000
0.700000,0.200000,20.000000,0,PLAN_TOP_OBSERVE,nan,nan,nan,nan,0.000000
0.700000,0.200000,30.000000,0,PLAN_TOP_OBSERVE,nan,nan,nan,nan,0.000000
0.700000,0.200000,40.000000,0,PLAN_TOP_OBSERVE,nan,nan,nan,nan,0.000000
0.700000,0.200000,50.000000,0,PLAN_TOP_OBSERVE,nan,nan,nan,nan,0.000000
0.700000,0.200000,60.000000,0,PLAN_TOP_OBSERVE,nan,nan,nan,nan,0.000000
0.700000,0.200000,70.000000,0,PLAN_TOP_OBSERVE,nan,nan,nan,nan,0.000000
0.700000,0.200000,80.000000,0,PLAN_TOP_OBSERVE,nan,nan,nan,nan,0.000000
-0.700000,0.250000,0.000000,0,PLAN_TOP_OBSERVE,nan,nan,nan,nan,0.000000
-0.700000,0.250000,10.000000,0,PLAN_TOP_OBSERVE,nan,nan,nan,nan,0.000000
-0.700000,0.250000,20.000000,0,PLAN_TOP_OBSERVE,nan,nan,nan,nan,0.000000
-0.700000,0.250000,30.000000,0,PLAN_TOP_OBSERVE,nan,nan,nan,nan,0.000000
-0.700000,0.250000,40.000000,0,PLAN_TOP_OBSERVE,nan,nan,nan,nan,0.000000
-0.700000,0.250000,50.000000,0,PLAN_TOP_OBSERVE,nan,nan,nan,nan,0.000000
-0.700000,0.250000,60.000000,0,PLAN_TOP_OBSERVE,nan,nan,nan,nan,0.000000
-0.700000,0.250000,70.000000,0,PLAN_TOP_OBSERVE,nan,nan,nan,nan,0.000000
-0.700000,0.250000,80.000000,0,PLAN_TOP_OBSERVE,nan,nan,nan,nan,0.000000
-0.650000,0.250000,0.000000,0,PLAN_TOP_OBSERVE,nan,nan,nan,nan,0.000000
-0.650000,0.250000,10.000000,0,PLAN_TOP_OBSERVE,nan,nan,nan,nan,0.000000
-0.650000,0.250000,20.000000,0,PLAN_TOP_OBSERVE,nan,nan,nan,nan,0.000000
-0.650000,0.250000,30.000000,0,PLAN_TOP_OBSERVE,nan,nan,nan,nan,0.000000
-0.650000,0.250000,40.000000,0,PLAN_TOP_OBSERVE,nan,nan,nan,nan,0.000000
-0.650000,0.250000,50.000000,0,PLAN_TOP_OBSERVE,nan,nan,nan,nan,0.000000
-0.650000,0.250000,60.000000,0,PLAN_TOP_OBSERVE,nan,nan,nan,nan,0.000000
-0.650000,0.250000,70.000000,0,PLAN_TOP_OBSERVE,nan,nan,nan,nan,0.000000
-0.650000,0.250000,80.000000,0,PLAN_TOP_OBSERVE,nan,nan,nan,nan,0.000000
-0.600000,0.250000,0.000000,0,PLAN_TOP_OBSERVE,nan,nan,nan,nan,0.000000
-0.600000,0.250000,10.000000,0,PLAN_TOP_OBSERVE,nan,nan,nan,nan,0.000000
-0.600000,0.250000,20.000000,0,PLAN_TOP_OBSERVE,nan,nan,nan,nan,0.000000
-0.600000,0.250000,30.000000,0,PLAN_TOP_OBSERVE,nan,nan,nan,nan,0.000000
-0.600000,0.250000,40.000000,0,PLAN_TOP_OBSERVE,nan,nan,nan,nan,0.000000
-0.600000,0.250000,50.000000,0,PLAN_TOP_OBSERVE,nan,nan,nan,nan,0.000000
-0.600000,0.250000,60.000000,0,PLAN_TOP_OBSERVE,nan,nan,nan,nan,0.000000
-0.600000,0.250000,70.000000,0,PLAN_TOP_OBSERVE,nan,nan,nan,nan,0.000000
-0.600000,0.250000,80.000000,0,PLAN_TOP_OBSERVE,nan,nan,nan,nan,0.000000
-0.550000,0.250000,0.000000,0,PLAN_TOP_OBSERVE,nan,nan,nan,nan,0.000000
-0.550000,0.250000,10.000000,0,PLAN_TOP_OBSERVE,nan,nan,nan,nan,0.000000
-0.550000,0.250000,20.000000,0,PLAN_TOP_OBSERVE,nan,nan,nan,nan,0.000000
-0.550000,0.250000,30.000000,0,PLAN_TOP_OBSERVE,nan,nan,nan,nan,0.000000
-0.550000,0.250000,40.000000,0,PLAN_TOP_OBSERVE,nan,nan,nan,nan,0.000000
-0.550000,0.250000,50.000000,0,PLAN_TOP_OBSERVE,nan,nan,nan,nan,0.000000
-0.550000,0.250000,60.000000,0,PLAN_TOP_OBSERVE,nan,nan,nan,nan,0.000000
-0.550000,0.250000,70.000000,0,PLAN_TOP_OBSERVE,nan,nan,nan,nan,0.000000
-0.550000,0.250000,80.000000,0,PLAN_TOP_OBSERVE,nan,nan,nan,nan,0.000000
-0.500000,0.250000,0.000000,0,PREGRASP_DESCENT_OR_CARRY,nan,nan,nan,nan,0.000000
-0.500000,0.250000,10.000000,0,PREGRASP_DESCENT_OR_CARRY,nan,nan,nan,nan,0.000000
-0.500000,0.250000,20.000000,0,PREGRASP_DESCENT_OR_CARRY,nan,nan,nan,nan,0.000000
-0.500000,0.250000,30.000000,0,PREGRASP_DESCENT_OR_CARRY,nan,nan,nan,nan,0.000000
-0.500000,0.250000,40.000000,0,PREGRASP_DESCENT_OR_CARRY,nan,nan,nan,nan,0.000000
-0.500000,0.250000,50.000000,0,PREGRASP_DESCENT_OR_CARRY,nan,nan,nan,nan,0.000000
-0.500000,0.250000,60.000000,0,PREGRASP_DESCENT_OR_CARRY,nan,nan,nan,nan,0.000000
-0.500000,0.250000,70.000000,0,PREGRASP_DESCENT_OR_CARRY,nan,nan,nan,nan,0.000000
-0.500000,0.250000,80.000000,0,PREGRASP_DESCENT_OR_CARRY,nan,nan,nan,nan,0.000000
-0.450000,0.250000,0.000000,0,PREGRASP_DESCENT_OR_CARRY,nan,nan,nan,nan,0.000000
-0.450000,0.250000,10.000000,0,PREGRASP_DESCENT_OR_CARRY,nan,nan,nan,nan,0.000000
-0.450000,0.250000,20.000000,0,PREGRASP_DESCENT_OR_CARRY,nan,nan,nan,nan,0.000000
-0.450000,0.250000,30.000000,0,PREGRASP_DESCENT_OR_CARRY,nan,nan,nan,nan,0.000000
-0.450000,0.250000,40.000000,0,PREGRASP_DESCENT_OR_CARRY,nan,nan,nan,nan,0.000000
-0.450000,0.250000,50.000000,0,PREGRASP_DESCENT_OR_CARRY,nan,nan,nan,nan,0.000000
-0.450000,0.250000,60.000000,0,PREGRASP_DESCENT_OR_CARRY,nan,nan,nan,nan,0.000000
-0.450000,0.250000,70.000000,0,PREGRASP_DESCENT_OR_CARRY,nan,nan,nan,nan,0.000000
-0.450000,0.250000,80.000000,0,PREGRASP_DESCENT_OR_CARRY,nan,nan,nan,nan,0.000000
-0.400000,0.250000,0.000000,0,PREGRASP_DESCENT_OR_CARRY,nan,nan,nan,nan,0.000000
-0.400000,0.250000,10.000000,0,PREGRASP_DESCENT_OR_CARRY,nan,nan,nan,nan,0.000000
-0.400000,0.250000,20.000000,0,PREGRASP_DESCENT_OR_CARRY,nan,nan,nan,nan,0.000000
-0.400000,0.250000,30.000000,0,PREGRASP_DESCENT_OR_CARRY,nan,nan,nan,nan,0.000000
-0.400000,0.250000,40.000000,0,PREGRASP_DESCENT_OR_CARRY,nan,nan,nan,nan,0.000000
-0.400000,0.250000,50.000000,0,PREGRASP_DESCENT_OR_CARRY,nan,nan,nan,nan,0.000000
-0.400000,0.250000,60.000000,0,PREGRASP_DESCENT_OR_CARRY,nan,nan,nan,nan,0.000000
-0.400000,0.250000,70.000000,0,PREGRASP_DESCENT_OR_CARRY,nan,nan,nan,nan,0.000000
-0.400000,0.250000,80.000000,0,PREGRASP_DESCENT_OR_CARRY,nan,nan,nan,nan,0.000000
-0.350000,0.250000,0.000000,0,PREGRASP_DESCENT_OR_CARRY,nan,nan,nan,nan,0.000000
-0.350000,0.250000,10.000000,0,PREGRASP_DESCENT_OR_CARRY,nan,nan,nan,nan,0.000000
-0.350000,0.250000,20.000000,0,PREGRASP_DESCENT_OR_CARRY,nan,nan,nan,nan,0.000000
-0.350000,0.250000,30.000000,0,PREGRASP_DESCENT_OR_CARRY,nan,nan,nan,nan,0.000000
-0.350000,0.250000,40.000000,0,PREGRASP_DESCENT_OR_CARRY,nan,nan,nan,nan,0.000000
-0.350000,0.250000,50.000000,0,PREGRASP_DESCENT_OR_CARRY,nan,nan,nan,nan,0.000000
-0.350000,0.250000,60.000000,0,PREGRASP_DESCENT_OR_CARRY,nan,nan,nan,nan,0.000000
-0.350000,0.250000,70.000000,0,PREGRASP_DESCENT_OR_CARRY,nan,nan,nan,nan,0.000000
-0.350000,0.250000,80.000000,0,PREGRASP_DESCENT_OR_CARRY,nan,nan,nan,nan,0.000000
-0.300000,0.250000,0.000000,0,PREGRASP_DESCENT_OR_CARRY,nan,nan,nan,nan,0.000000
-0.300000,0.250000,10.000000,0,PREGRASP_DESCENT_OR_CARRY,nan,nan,nan,nan,0.000000
-0.300000,0.250000,20.000000,0,PREGRASP_DESCENT_OR_CARRY,nan,nan,nan,nan,0.000000
-0.300000,0.250000,30.000000,0,PREGRASP_DESCENT_OR_CARRY,nan,nan,nan,nan,0.000000
-0.300000,0.250000,40.000000,0,PREGRASP_DESCENT_OR_CARRY,nan,nan,nan,nan,0.000000
-0.300000,0.250000,50.000000,0,PREGRASP_DESCENT_OR_CARRY,nan,nan,nan,nan,0.000000
-0.300000,0.250000,60.000000,0,PREGRASP_DESCENT_OR_CARRY,nan,nan,nan,nan,0.000000
-0.300000,0.250000,70.000000,0,PREGRASP_DESCENT_OR_CARRY,nan,nan,nan,nan,0.000000
-0.300000,0.250000,80.000000,0,PREGRASP_DESCENT_OR_CARRY,nan,nan,nan,nan,0.000000
-0.250000,0.250000,0.000000,1,NONE,0.080000,-0.040000,0.000000,2.000000,0.032631
-0.250000,0.250000,10.000000,1,NONE,0.080000,-0.040000,10.000000,2.000000,0.020847
-0.250000,0.250000,20.000000,1,NONE,0.080000,-0.040000,20.000000,-2.000000,0.112279
-0.250000,0.250000,30.000000,1,NONE,0.080000,-0.040000,-60.000000,-2.000000,0.153885
-0.250000,0.250000,40.000000,1,NONE,0.080000,-0.040000,-50.000000,-2.000000,0.117001
-0.250000,0.250000,50.000000,1,NONE,0.080000,-0.040000,-40.000000,2.000000,0.043682
-0.250000,0.250000,60.000000,1,NONE,0.080000,-0.040000,-30.000000,2.000000,0.041239
-0.250000,0.250000,70.000000,1,NONE,0.080000,-0.040000,-20.000000,2.000000,0.041249
-0.250000,0.250000,80.000000,1,NONE,0.080000,-0.040000,-10.000000,2.000000,0.039520
-0.200000,0.250000,0.000000,1,NONE,0.080000,-0.040000,0.000000,-2.000000,0.032952
-0.200000,0.250000,10.000000,1,NONE,0.080000,-0.040000,10.000000,2.000000,0.018884
-0.200000,0.250000,20.000000,1,NONE,0.080000,-0.040000,20.000000,-2.000000,0.028743
-0.200000,0.250000,30.000000,1,NONE,0.080000,-0.040000,-60.000000,2.000000,0.111946
-0.200000,0.250000,40.000000,1,NONE,0.080000,-0.040000,-50.000000,-2.000000,0.118528
-0.200000,0.250000,50.000000,1,NONE,0.080000,-0.040000,-40.000000,-2.000000,0.111207
-0.200000,0.250000,60.000000,1,NONE,0.080000,-0.040000,-30.000000,2.000000,0.072769
-0.200000,0.250000,70.000000,1,NONE,0.080000,-0.040000,-20.000000,-2.000000,0.030879
-0.200000,0.250000,80.000000,1,NONE,0.080000,-0.024000,170.000000,-2.000000,0.042475
-0.150000,0.250000,0.000000,0,PREGRASP_DESCENT_OR_CARRY,nan,nan,nan,nan,0.000000
-0.150000,0.250000,10.000000,0,PREGRASP_DESCENT_OR_CARRY,nan,nan,nan,nan,0.000000
-0.150000,0.250000,20.000000,0,PREGRASP_DESCENT_OR_CARRY,nan,nan,nan,nan,0.000000
-0.150000,0.250000,30.000000,0,PREGRASP_DESCENT_OR_CARRY,nan,nan,nan,nan,0.000000
-0.150000,0.250000,40.000000,0,PREGRASP_DESCENT_OR_CARRY,nan,nan,nan,nan,0.000000
-0.150000,0.250000,50.000000,0,PREGRASP_DESCENT_OR_CARRY,nan,nan,nan,nan,0.000000
-0.150000,0.250000,60.000000,0,PREGRASP_DESCENT_OR_CARRY,nan,nan,nan,nan,0.000000
-0.150000,0.250000,70.000000,0,PREGRASP_DESCENT_OR_CARRY,nan,nan,nan,nan,0.000000
-0.150000,0.250000,80.000000,0,PREGRASP_DESCENT_OR_CARRY,nan,nan,nan,nan,0.000000
-0.100000,0.250000,0.000000,0,PREGRASP_DESCENT_OR_CARRY,nan,nan,nan,nan,0.000000
-0.100000,0.250000,10.000000,0,PREGRASP_DESCENT_OR_CARRY,nan,nan,nan,nan,0.000000
-0.100000,0.250000,20.000000,0,PREGRASP_DESCENT_OR_CARRY,nan,nan,nan,nan,0.000000
-0.100000,0.250000,30.000000,0,PREGRASP_DESCENT_OR_CARRY,nan,nan,nan,nan,0.000000
-0.100000,0.250000,40.000000,0,PREGRASP_DESCENT_OR_CARRY,nan,nan,nan,nan,0.000000
-0.100000,0.250000,50.000000,0,PREGRASP_DESCENT_OR_CARRY,nan,nan,nan,nan,0.000000
-0.100000,0.250000,60.000000,0,PREGRASP_DESCENT_OR_CARRY,nan,nan,nan,nan,0.000000
-0.100000,0.250000,70.000000,0,PREGRASP_DESCENT_OR_CARRY,nan,nan,nan,nan,0.000000
-0.100000,0.250000,80.000000,0,PREGRASP_DESCENT_OR_CARRY,nan,nan,nan,nan,0.000000
-0.050000,0.250000,0.000000,1,NONE,0.080000,-0.040000,180.000000,-4.000000,0.057455
-0.050000,0.250000,10.000000,1,NONE,0.050000,-0.040000,10.000000,2.000000,0.063754
-0.050000,0.250000,20.000000,1,NONE,0.050000,-0.040000,-70.000000,2.000000,0.128467
-0.050000,0.250000,30.000000,1,NONE,0.080000,-0.032000,-60.000000,-2.000000,0.053354
-0.050000,0.250000,40.000000,1,NONE,0.080000,-0.040000,-140.000000,-4.000000,0.114934
-0.050000,0.250000,50.000000,1,NONE,0.080000,-0.032000,-40.000000,-2.000000,0.032200
-0.050000,0.250000,60.000000,1,NONE,0.080000,-0.040000,-30.000000,2.000000,0.039391
-0.050000,0.250000,70.000000,1,NONE,0.080000,-0.040000,-20.000000,2.000000,0.041149
-0.050000,0.250000,80.000000,1,NONE,0.080000,-0.040000,-10.000000,4.000000,0.054027
0.000000,0.250000,0.000000,0,PREGRASP_DESCENT_OR_CARRY,nan,nan,nan,nan,0.000000
0.000000,0.250000,10.000000,0,PREGRASP_DESCENT_OR_CARRY,nan,nan,nan,nan,0.000000
0.000000,0.250000,20.000000,0,PREGRASP_DESCENT_OR_CARRY,nan,nan,nan,nan,0.000000
0.000000,0.250000,30.000000,0,PREGRASP_DESCENT_OR_CARRY,nan,nan,nan,nan,0.000000
0.000000,0.250000,40.000000,0,PREGRASP_DESCENT_OR_CARRY,nan,nan,nan,nan,0.000000
0.000000,0.250000,50.000000,0,PREGRASP_DESCENT_OR_CARRY,nan,nan,nan,nan,0.000000
0.000000,0.250000,60.000000,0,PREGRASP_DESCENT_OR_CARRY,nan,nan,nan,nan,0.000000
0.000000,0.250000,70.000000,0,PREGRASP_DESCENT_OR_CARRY,nan,nan,nan,nan,0.000000
0.000000,0.250000,80.000000,0,PREGRASP_DESCENT_OR_CARRY,nan,nan,nan,nan,0.000000
0.050000,0.250000,0.000000,0,PREGRASP_DESCENT_OR_CARRY,nan,nan,nan,nan,0.000000
0.050000,0.250000,10.000000,0,PREGRASP_DESCENT_OR_CARRY,nan,nan,nan,nan,0.000000
0.050000,0.250000,20.000000,0,PREGRASP_DESCENT_OR_CARRY,nan,nan,nan,nan,0.000000
0.050000,0.250000,30.000000,0,PREGRASP_DESCENT_OR_CARRY,nan,nan,nan,nan,0.000000
0.050000,0.250000,40.000000,0,PREGRASP_DESCENT_OR_CARRY,nan,nan,nan,nan,0.000000
0.050000,0.250000,50.000000,0,PREGRASP_DESCENT_OR_CARRY,nan,nan,nan,nan,0.000000
0.050000,0.250000,60.000000,0,PREGRASP_DESCENT_OR_CARRY,nan,nan,nan,nan,0.000000
0.050000,0.250000,70.000000,0,PREGRASP_DESCENT_OR_CARRY,nan,nan,nan,nan,0.000000
0.050000,0.250000,80.000000,0,PREGRASP_DESCENT_OR_CARRY,nan,nan,nan,nan,0.000000
0.100000,0.250000,0.000000,0,PREGRASP_DESCENT_OR_CARRY,nan,nan,nan,nan,0.000000
0.100000,0.250000,10.000000,0,PREGRASP_DESCENT_OR_CARRY,nan,nan,nan,nan,0.000000
0.100000,0.250000,20.000000,0,PREGRASP_DESCENT_OR_CARRY,nan,nan,nan,nan,0.000000
0.100000,0.250000,30.000000,0,PREGRASP_DESCENT_OR_CARRY,nan,nan,nan,nan,0.000000
0.100000,0.250000,40.000000,0,PREGRASP_DESCENT_OR_CARRY,nan,nan,nan,nan,0.000000
0.100000,0.250000,50.000000,0,PREGRASP_DESCENT_OR_CARRY,nan,nan,nan,nan,0.000000
0.100000,0.250000,60.000000,0,PREGRASP_DESCENT_OR_CARRY,nan,nan,nan,nan,0.000000
0.100000,0.250000,70.000000,0,PREGRASP_DESCENT_OR_CARRY,nan,nan,nan,nan,0.000000
0.100000,0.250000,80.000000,0,PREGRASP_DESCENT_OR_CARRY,nan,nan,nan,nan,0.000000
0.150000,0.250000,0.000000,0,PREGRASP_DESCENT_OR_CARRY,nan,nan,nan,nan,0.000000
0.150000,0.250000,10.000000,0,PREGRASP_DESCENT_OR_CARRY,nan,nan,nan,nan,0.000000
0.150000,0.250000,20.000000,0,PREGRASP_DESCENT_OR_CARRY,nan,nan,nan,nan,0.000000
0.150000,0.250000,30.000000,0,PREGRASP_DESCENT_OR_CARRY,nan,nan,nan,nan,0.000000
0.150000,0.250000,40.000000,0,PREGRASP_DESCENT_OR_CARRY,nan,nan,nan,nan,0.000000
0.150000,0.250000,50.000000,0,PREGRASP_DESCENT_OR_CARRY,nan,nan,nan,nan,0.000000
0.150000,0.250000,60.000000,0,PREGRASP_DESCENT_OR_CARRY,nan,nan,nan,nan,0.000000
0.150000,0.250000,70.000000,0,PREGRASP_DESCENT_OR_CARRY,nan,nan,nan,nan,0.000000
0.150000,0.250000,80.000000,0,PREGRASP_DESCENT_OR_CARRY,nan,nan,nan,nan,0.000000
0.200000,0.250000,0.000000,0,PREGRASP_DESCENT_OR_CARRY,nan,nan,nan,nan,0.000000
0.200000,0.250000,10.000000,0,PREGRASP_DESCENT_OR_CARRY,nan,nan,nan,nan,0.000000
0.200000,0.250000,20.000000,0,PREGRASP_DESCENT_OR_CARRY,nan,nan,nan,nan,0.000000
0.200000,0.250000,30.000000,0,PREGRASP_DESCENT_OR_CARRY,nan,nan,nan,nan,0.000000
0.200000,0.250000,40.000000,0,PREGRASP_DESCENT_OR_CARRY,nan,nan,nan,nan,0.000000
0.200000,0.250000,50.000000,0,PREGRASP_DESCENT_OR_CARRY,nan,nan,nan,nan,0.000000
0.200000,0.250000,60.000000,0,PREGRASP_DESCENT_OR_CARRY,nan,nan,nan,nan,0.000000
0.200000,0.250000,70.000000,0,PREGRASP_DESCENT_OR_CARRY,nan,nan,nan,nan,0.000000
0.200000,0.250000,80.000000,0,PREGRASP_DESCENT_OR_CARRY,nan,nan,nan,nan,0.000000
0.250000,0.250000,0.000000,0,PREGRASP_DESCENT_OR_CARRY,nan,nan,nan,nan,0.000000
0.250000,0.250000,10.000000,0,PREGRASP_DESCENT_OR_CARRY,nan,nan,nan,nan,0.000000
0.250000,0.250000,20.000000,0,PREGRASP_DESCENT_OR_CARRY,nan,nan,nan,nan,0.000000
0.250000,0.250000,30.000000,0,PREGRASP_DESCENT_OR_CARRY,nan,nan,nan,nan,0.000000
0.250000,0.250000,40.000000,0,PREGRASP_DESCENT_OR_CARRY,nan,nan,nan,nan,0.000000
0.250000,0.250000,50.000000,0,PREGRASP_DESCENT_OR_CARRY,nan,nan,nan,nan,0.000000
0.250000,0.250000,60.000000,0,PREGRASP_DESCENT_OR_CARRY,nan,nan,nan,nan,0.000000
0.250000,0.250000,70.000000,0,PREGRASP_DESCENT_OR_CARRY,nan,nan,nan,nan,0.000000
0.250000,0.250000,80.000000,0,PREGRASP_DESCENT_OR_CARRY,nan,nan,nan,nan,0.000000
0.300000,0.250000,0.000000,0,PREGRASP_DESCENT_OR_CARRY,nan,nan,nan,nan,0.000000
0.300000,0.250000,10.000000,0,PREGRASP_DESCENT_OR_CARRY,nan,nan,nan,nan,0.000000
0.300000,0.250000,20.000000,0,PREGRASP_DESCENT_OR_CARRY,nan,nan,nan,nan,0.000000
0.300000,0.250000,30.000000,0,PREGRASP_DESCENT_OR_CARRY,nan,nan,nan,nan,0.000000
0.300000,0.250000,40.000000,0,PREGRASP_DESCENT_OR_CARRY,nan,nan,nan,nan,0.000000
0.300000,0.250000,50.000000,0,PREGRASP_DESCENT_OR_CARRY,nan,nan,nan,nan,0.000000
0.300000,0.250000,60.000000,0,PREGRASP_DESCENT_OR_CARRY,nan,nan,nan,nan,0.000000
0.300000,0.250000,70.000000,0,PREGRASP_DESCENT_OR_CARRY,nan,nan,nan,nan,0.000000
0.300000,0.250000,80.000000,0,PREGRASP_DESCENT_OR_CARRY,nan,nan,nan,nan,0.000000
0.350000,0.250000,0.000000,0,PREGRASP_DESCENT_OR_CARRY,nan,nan,nan,nan,0.000000
0.350000,0.250000,10.000000,0,PREGRASP_DESCENT_OR_CARRY,nan,nan,nan,nan,0.000000
0.350000,0.250000,20.000000,0,PREGRASP_DESCENT_OR_CARRY,nan,nan,nan,nan,0.000000
0.350000,0.250000,30.000000,0,PREGRASP_DESCENT_OR_CARRY,nan,nan,nan,nan,0.000000
0.350000,0.250000,40.000000,0,PREGRASP_DESCENT_OR_CARRY,nan,nan,nan,nan,0.000000
0.350000,0.250000,50.000000,0,PREGRASP_DESCENT_OR_CARRY,nan,nan,nan,nan,0.000000
0.350000,0.250000,60.000000,0,PREGRASP_DESCENT_OR_CARRY,nan,nan,nan,nan,0.000000
0.350000,0.250000,70.000000,0,PREGRASP_DESCENT_OR_CARRY,nan,nan,nan,nan,0.000000
0.350000,0.250000,80.000000,0,PREGRASP_DESCENT_OR_CARRY,nan,nan,nan,nan,0.000000
0.400000,0.250000,0.000000,0,PREGRASP_DESCENT_OR_CARRY,nan,nan,nan,nan,0.000000
0.400000,0.250000,10.000000,0,PREGRASP_DESCENT_OR_CARRY,nan,nan,nan,nan,0.000000
0.400000,0.250000,20.000000,0,PREGRASP_DESCENT_OR_CARRY,nan,nan,nan,nan,0.000000
0.400000,0.250000,30.000000,0,PREGRASP_DESCENT_OR_CARRY,nan,nan,nan,nan,0.000000
0.400000,0.250000,40.000000,0,PREGRASP_DESCENT_OR_CARRY,nan,nan,nan,nan,0.000000
0.400000,0.250000,50.000000,0,PREGRASP_DESCENT_OR_CARRY,nan,nan,nan,nan,0.000000
0.400000,0.250000,60.000000,0,PREGRASP_DESCENT_OR_CARRY,nan,nan,nan,nan,0.000000
0.400000,0.250000,70.000000,0,PREGRASP_DESCENT_OR_CARRY,nan,nan,nan,nan,0.000000
0.400000,0.250000,80.000000,0,PREGRASP_DESCENT_OR_CARRY,nan,nan,nan,nan,0.000000
0.450000,0.250000,0.000000,0,PREGRASP_DESCENT_OR_CARRY,nan,nan,nan,nan,0.000000
0.450000,0.250000,10.000000,0,PREGRASP_DESCENT_OR_CARRY,nan,nan,nan,nan,0.000000
0.450000,0.250000,20.000000,0,PREGRASP_DESCENT_OR_CARRY,nan,nan,nan,nan,0.000000
0.450000,0.250000,30.000000,0,PREGRASP_DESCENT_OR_CARRY,nan,nan,nan,nan,0.000000
0.450000,0.250000,40.000000,0,PREGRASP_DESCENT_OR_CARRY,nan,nan,nan,nan,0.000000
0.450000,0.250000,50.000000,0,PREGRASP_DESCENT_OR_CARRY,nan,nan,nan,nan,0.000000
0.450000,0.250000,60.000000,0,PREGRASP_DESCENT_OR_CARRY,nan,nan,nan,nan,0.000000
0.450000,0.250000,70.000000,0,PREGRASP_DESCENT_OR_CARRY,nan,nan,nan,nan,0.000000
0.450000,0.250000,80.000000,0,PREGRASP_DESCENT_OR_CARRY,nan,nan,nan,nan,0.000000
0.500000,0.250000,0.000000,0,PREGRASP_DESCENT_OR_CARRY,nan,nan,nan,nan,0.000000
0.500000,0.250000,10.000000,0,PREGRASP_DESCENT_OR_CARRY,nan,nan,nan,nan,0.000000
0.500000,0.250000,20.000000,0,PREGRASP_DESCENT_OR_CARRY,nan,nan,nan,nan,0.000000
0.500000,0.250000,30.000000,0,PREGRASP_DESCENT_OR_CARRY,nan,nan,nan,nan,0.000000
0.500000,0.250000,40.000000,0,PREGRASP_DESCENT_OR_CARRY,nan,nan,nan,nan,0.000000
0.500000,0.250000,50.000000,0,PREGRASP_DESCENT_OR_CARRY,nan,nan,nan,nan,0.000000
0.500000,0.250000,60.000000,0,PREGRASP_DESCENT_OR_CARRY,nan,nan,nan,nan,0.000000
0.500000,0.250000,70.000000,0,PREGRASP_DESCENT_OR_CARRY,nan,nan,nan,nan,0.000000
0.500000,0.250000,80.000000,0,PREGRASP_DESCENT_OR_CARRY,nan,nan,nan,nan,0.000000
0.550000,0.250000,0.000000,0,PLAN_TOP_OBSERVE,nan,nan,nan,nan,0.000000
0.550000,0.250000,10.000000,0,PLAN_TOP_OBSERVE,nan,nan,nan,nan,0.000000
0.550000,0.250000,20.000000,0,PLAN_TOP_OBSERVE,nan,nan,nan,nan,0.000000
0.550000,0.250000,30.000000,0,PLAN_TOP_OBSERVE,nan,nan,nan,nan,0.000000
0.550000,0.250000,40.000000,0,PLAN_TOP_OBSERVE,nan,nan,nan,nan,0.000000
0.550000,0.250000,50.000000,0,PLAN_TOP_OBSERVE,nan,nan,nan,nan,0.000000
0.550000,0.250000,60.000000,0,PLAN_TOP_OBSERVE,nan,nan,nan,nan,0.000000
0.550000,0.250000,70.000000,0,PLAN_TOP_OBSERVE,nan,nan,nan,nan,0.000000
0.550000,0.250000,80.000000,0,PLAN_TOP_OBSERVE,nan,nan,nan,nan,0.000000
0.600000,0.250000,0.000000,0,PLAN_TOP_OBSERVE,nan,nan,nan,nan,0.000000
0.600000,0.250000,10.000000,0,PLAN_TOP_OBSERVE,nan,nan,nan,nan,0.000000
0.600000,0.250000,20.000000,0,PLAN_TOP_OBSERVE,nan,nan,nan,nan,0.000000
0.600000,0.250000,30.000000,0,PLAN_TOP_OBSERVE,nan,nan,nan,nan,0.000000
0.600000,0.250000,40.000000,0,PLAN_TOP_OBSERVE,nan,nan,nan,nan,0.000000
0.600000,0.250000,50.000000,0,PLAN_TOP_OBSERVE,nan,nan,nan,nan,0.000000
0.600000,0.250000,60.000000,0,PLAN_TOP_OBSERVE,nan,nan,nan,nan,0.000000
0.600000,0.250000,70.000000,0,PLAN_TOP_OBSERVE,nan,nan,nan,nan,0.000000
0.600000,0.250000,80.000000,0,PLAN_TOP_OBSERVE,nan,nan,nan,nan,0.000000
0.650000,0.250000,0.000000,0,PLAN_TOP_OBSERVE,nan,nan,nan,nan,0.000000
0.650000,0.250000,10.000000,0,PLAN_TOP_OBSERVE,nan,nan,nan,nan,0.000000
0.650000,0.250000,20.000000,0,PLAN_TOP_OBSERVE,nan,nan,nan,nan,0.000000
0.650000,0.250000,30.000000,0,PLAN_TOP_OBSERVE,nan,nan,nan,nan,0.000000
0.650000,0.250000,40.000000,0,PLAN_TOP_OBSERVE,nan,nan,nan,nan,0.000000
0.650000,0.250000,50.000000,0,PLAN_TOP_OBSERVE,nan,nan,nan,nan,0.000000
0.650000,0.250000,60.000000,0,PLAN_TOP_OBSERVE,nan,nan,nan,nan,0.000000
0.650000,0.250000,70.000000,0,PLAN_TOP_OBSERVE,nan,nan,nan,nan,0.000000
0.650000,0.250000,80.000000,0,PLAN_TOP_OBSERVE,nan,nan,nan,nan,0.000000
0.700000,0.250000,0.000000,0,PLAN_TOP_OBSERVE,nan,nan,nan,nan,0.000000
0.700000,0.250000,10.000000,0,PLAN_TOP_OBSERVE,nan,nan,nan,nan,0.000000
0.700000,0.250000,20.000000,0,PLAN_TOP_OBSERVE,nan,nan,nan,nan,0.000000
0.700000,0.250000,30.000000,0,PLAN_TOP_OBSERVE,nan,nan,nan,nan,0.000000
0.700000,0.250000,40.000000,0,PLAN_TOP_OBSERVE,nan,nan,nan,nan,0.000000
0.700000,0.250000,50.000000,0,PLAN_TOP_OBSERVE,nan,nan,nan,nan,0.000000
0.700000,0.250000,60.000000,0,PLAN_TOP_OBSERVE,nan,nan,nan,nan,0.000000
0.700000,0.250000,70.000000,0,PLAN_TOP_OBSERVE,nan,nan,nan,nan,0.000000
0.700000,0.250000,80.000000,0,PLAN_TOP_OBSERVE,nan,nan,nan,nan,0.000000
-0.700000,0.300000,0.000000,0,PLAN_TOP_OBSERVE,nan,nan,nan,nan,0.000000
-0.700000,0.300000,10.000000,0,PLAN_TOP_OBSERVE,nan,nan,nan,nan,0.000000
-0.700000,0.300000,20.000000,0,PLAN_TOP_OBSERVE,nan,nan,nan,nan,0.000000
-0.700000,0.300000,30.000000,0,PLAN_TOP_OBSERVE,nan,nan,nan,nan,0.000000
-0.700000,0.300000,40.000000,0,PLAN_TOP_OBSERVE,nan,nan,nan,nan,0.000000
-0.700000,0.300000,50.000000,0,PLAN_TOP_OBSERVE,nan,nan,nan,nan,0.000000
-0.700000,0.300000,60.000000,0,PLAN_TOP_OBSERVE,nan,nan,nan,nan,0.000000
-0.700000,0.300000,70.000000,0,PLAN_TOP_OBSERVE,nan,nan,nan,nan,0.000000
-0.700000,0.300000,80.000000,0,PLAN_TOP_OBSERVE,nan,nan,nan,nan,0.000000
-0.650000,0.300000,0.000000,0,PLAN_TOP_OBSERVE,nan,nan,nan,nan,0.000000
-0.650000,0.300000,10.000000,0,PLAN_TOP_OBSERVE,nan,nan,nan,nan,0.000000
-0.650000,0.300000,20.000000,0,PLAN_TOP_OBSERVE,nan,nan,nan,nan,0.000000
-0.650000,0.300000,30.000000,0,PLAN_TOP_OBSERVE,nan,nan,nan,nan,0.000000
-0.650000,0.300000,40.000000,0,PLAN_TOP_OBSERVE,nan,nan,nan,nan,0.000000
-0.650000,0.300000,50.000000,0,PLAN_TOP_OBSERVE,nan,nan,nan,nan,0.000000
-0.650000,0.300000,60.000000,0,PLAN_TOP_OBSERVE,nan,nan,nan,nan,0.000000
-0.650000,0.300000,70.000000,0,PLAN_TOP_OBSERVE,nan,nan,nan,nan,0.000000
-0.650000,0.300000,80.000000,0,PLAN_TOP_OBSERVE,nan,nan,nan,nan,0.000000
-0.600000,0.300000,0.000000,0,PLAN_TOP_OBSERVE,nan,nan,nan,nan,0.000000
-0.600000,0.300000,10.000000,0,PLAN_TOP_OBSERVE,nan,nan,nan,nan,0.000000
-0.600000,0.300000,20.000000,0,PLAN_TOP_OBSERVE,nan,nan,nan,nan,0.000000
-0.600000,0.300000,30.000000,0,PLAN_TOP_OBSERVE,nan,nan,nan,nan,0.000000
-0.600000,0.300000,40.000000,0,PLAN_TOP_OBSERVE,nan,nan,nan,nan,0.000000
-0.600000,0.300000,50.000000,0,PLAN_TOP_OBSERVE,nan,nan,nan,nan,0.000000
-0.600000,0.300000,60.000000,0,PLAN_TOP_OBSERVE,nan,nan,nan,nan,0.000000
-0.600000,0.300000,70.000000,0,PLAN_TOP_OBSERVE,nan,nan,nan,nan,0.000000
-0.600000,0.300000,80.000000,0,PLAN_TOP_OBSERVE,nan,nan,nan,nan,0.000000
-0.550000,0.300000,0.000000,0,PLAN_TOP_OBSERVE,nan,nan,nan,nan,0.000000
-0.550000,0.300000,10.000000,0,PLAN_TOP_OBSERVE,nan,nan,nan,nan,0.000000
-0.550000,0.300000,20.000000,0,PLAN_TOP_OBSERVE,nan,nan,nan,nan,0.000000
-0.550000,0.300000,30.000000,0,PLAN_TOP_OBSERVE,nan,nan,nan,nan,0.000000
-0.550000,0.300000,40.000000,0,PLAN_TOP_OBSERVE,nan,nan,nan,nan,0.000000
-0.550000,0.300000,50.000000,0,PLAN_TOP_OBSERVE,nan,nan,nan,nan,0.000000
-0.550000,0.300000,60.000000,0,PLAN_TOP_OBSERVE,nan,nan,nan,nan,0.000000
-0.550000,0.300000,70.000000,0,PLAN_TOP_OBSERVE,nan,nan,nan,nan,0.000000
-0.550000,0.300000,80.000000,0,PLAN_TOP_OBSERVE,nan,nan,nan,nan,0.000000
-0.500000,0.300000,0.000000,0,PREGRASP_DESCENT_OR_CARRY,nan,nan,nan,nan,0.000000
-0.500000,0.300000,10.000000,0,PREGRASP_DESCENT_OR_CARRY,nan,nan,nan,nan,0.000000
-0.500000,0.300000,20.000000,0,PREGRASP_DESCENT_OR_CARRY,nan,nan,nan,nan,0.000000
-0.500000,0.300000,30.000000,0,PREGRASP_DESCENT_OR_CARRY,nan,nan,nan,nan,0.000000
-0.500000,0.300000,40.000000,0,PREGRASP_DESCENT_OR_CARRY,nan,nan,nan,nan,0.000000
-0.500000,0.300000,50.000000,0,PREGRASP_DESCENT_OR_CARRY,nan,nan,nan,nan,0.000000
-0.500000,0.300000,60.000000,0,PREGRASP_DESCENT_OR_CARRY,nan,nan,nan,nan,0.000000
-0.500000,0.300000,70.000000,0,PREGRASP_DESCENT_OR_CARRY,nan,nan,nan,nan,0.000000
-0.500000,0.300000,80.000000,0,PREGRASP_DESCENT_OR_CARRY,nan,nan,nan,nan,0.000000
-0.450000,0.300000,0.000000,0,PREGRASP_DESCENT_OR_CARRY,nan,nan,nan,nan,0.000000
-0.450000,0.300000,10.000000,0,PREGRASP_DESCENT_OR_CARRY,nan,nan,nan,nan,0.000000
-0.450000,0.300000,20.000000,0,PREGRASP_DESCENT_OR_CARRY,nan,nan,nan,nan,0.000000
-0.450000,0.300000,30.000000,0,PREGRASP_DESCENT_OR_CARRY,nan,nan,nan,nan,0.000000
-0.450000,0.300000,40.000000,0,PREGRASP_DESCENT_OR_CARRY,nan,nan,nan,nan,0.000000
-0.450000,0.300000,50.000000,0,PREGRASP_DESCENT_OR_CARRY,nan,nan,nan,nan,0.000000
-0.450000,0.300000,60.000000,0,PREGRASP_DESCENT_OR_CARRY,nan,nan,nan,nan,0.000000
-0.450000,0.300000,70.000000,0,PREGRASP_DESCENT_OR_CARRY,nan,nan,nan,nan,0.000000
-0.450000,0.300000,80.000000,0,PREGRASP_DESCENT_OR_CARRY,nan,nan,nan,nan,0.000000
-0.400000,0.300000,0.000000,0,PREGRASP_DESCENT_OR_CARRY,nan,nan,nan,nan,0.000000
-0.400000,0.300000,10.000000,0,PREGRASP_DESCENT_OR_CARRY,nan,nan,nan,nan,0.000000
-0.400000,0.300000,20.000000,0,PREGRASP_DESCENT_OR_CARRY,nan,nan,nan,nan,0.000000
-0.400000,0.300000,30.000000,0,PREGRASP_DESCENT_OR_CARRY,nan,nan,nan,nan,0.000000
-0.400000,0.300000,40.000000,0,PREGRASP_DESCENT_OR_CARRY,nan,nan,nan,nan,0.000000
-0.400000,0.300000,50.000000,0,PREGRASP_DESCENT_OR_CARRY,nan,nan,nan,nan,0.000000
-0.400000,0.300000,60.000000,0,PREGRASP_DESCENT_OR_CARRY,nan,nan,nan,nan,0.000000
-0.400000,0.300000,70.000000,0,PREGRASP_DESCENT_OR_CARRY,nan,nan,nan,nan,0.000000
-0.400000,0.300000,80.000000,0,PREGRASP_DESCENT_OR_CARRY,nan,nan,nan,nan,0.000000
-0.350000,0.300000,0.000000,1,NONE,0.080000,-0.024000,0.000000,4.000000,0.022617
-0.350000,0.300000,10.000000,1,NONE,0.080000,-0.024000,10.000000,4.000000,0.030192
-0.350000,0.300000,20.000000,1,NONE,0.080000,-0.024000,20.000000,4.000000,0.030195
-0.350000,0.300000,30.000000,1,NONE,0.080000,-0.032000,30.000000,4.000000,0.051244
-0.350000,0.300000,40.000000,1,NONE,0.080000,-0.032000,40.000000,4.000000,0.041176
-0.350000,0.300000,50.000000,1,NONE,0.080000,-0.032000,-130.000000,-4.000000,0.061150
-0.350000,0.300000,60.000000,1,NONE,0.080000,-0.032000,-120.000000,-4.000000,0.078301
-0.350000,0.300000,70.000000,1,NONE,0.080000,-0.032000,-110.000000,-4.000000,0.076607
-0.350000,0.300000,80.000000,1,NONE,0.080000,-0.024000,-100.000000,-4.000000,0.080600
-0.300000,0.300000,0.000000,1,NONE,0.080000,-0.040000,0.000000,2.000000,0.032452
-0.300000,0.300000,10.000000,1,NONE,0.080000,-0.040000,10.000000,2.000000,0.040064
-0.300000,0.300000,20.000000,1,NONE,0.080000,-0.040000,20.000000,2.000000,0.041156
-0.300000,0.300000,30.000000,1,NONE,0.080000,-0.040000,30.000000,2.000000,0.032261
-0.300000,0.300000,40.000000,1,NONE,0.080000,-0.040000,40.000000,2.000000,0.031634
-0.300000,0.300000,50.000000,1,NONE,0.080000,-0.040000,50.000000,-2.000000,0.122613
-0.300000,0.300000,60.000000,1,NONE,0.080000,-0.040000,60.000000,-4.000000,0.218676
-0.300000,0.300000,70.000000,1,NONE,0.080000,-0.040000,160.000000,2.000000,0.191496
-0.300000,0.300000,80.000000,1,NONE,0.080000,-0.040000,170.000000,2.000000,0.205730
-0.250000,0.300000,0.000000,1,NONE,0.080000,-0.040000,0.000000,2.000000,0.041185
-0.250000,0.300000,10.000000,1,NONE,0.080000,-0.040000,10.000000,-4.000000,0.044562
-0.250000,0.300000,20.000000,1,NONE,0.080000,-0.040000,20.000000,2.000000,0.054368
-0.250000,0.300000,30.000000,1,NONE,0.080000,-0.040000,30.000000,-2.000000,0.031934
-0.250000,0.300000,40.000000,1,NONE,0.080000,-0.040000,40.000000,2.000000,0.038935
-0.250000,0.300000,50.000000,1,NONE,0.080000,-0.040000,50.000000,-4.000000,0.071941
-0.250000,0.300000,60.000000,1,NONE,0.080000,-0.040000,60.000000,-4.000000,0.157470
-0.250000,0.300000,70.000000,1,NONE,0.080000,-0.040000,-20.000000,2.000000,0.138468
-0.250000,0.300000,80.000000,1,NONE,0.080000,-0.040000,170.000000,4.000000,0.255332
-0.200000,0.300000,0.000000,1,NONE,0.080000,-0.040000,0.000000,-4.000000,0.030606
-0.200000,0.300000,10.000000,1,NONE,0.080000,-0.040000,10.000000,2.000000,0.042667
-0.200000,0.300000,20.000000,1,NONE,0.080000,-0.040000,20.000000,2.000000,0.040624
-0.200000,0.300000,30.000000,1,NONE,0.080000,-0.040000,30.000000,4.000000,0.039913
-0.200000,0.300000,40.000000,1,NONE,0.080000,-0.040000,40.000000,2.000000,0.030945
-0.200000,0.300000,50.000000,1,NONE,0.080000,-0.040000,50.000000,-2.000000,0.073891
-0.200000,0.300000,60.000000,1,NONE,0.080000,-0.040000,60.000000,-4.000000,0.123856
-0.200000,0.300000,70.000000,1,NONE,0.080000,-0.040000,160.000000,2.000000,0.217534
-0.200000,0.300000,80.000000,1,NONE,0.080000,-0.040000,170.000000,-2.000000,0.189039
-0.150000,0.300000,0.000000,1,NONE,0.080000,-0.040000,0.000000,2.000000,0.032067
-0.150000,0.300000,10.000000,1,NONE,0.080000,-0.040000,10.000000,2.000000,0.050143
-0.150000,0.300000,20.000000,1,NONE,0.080000,-0.040000,20.000000,2.000000,0.029973
-0.150000,0.300000,30.000000,1,NONE,0.080000,-0.040000,30.000000,2.000000,0.031564
-0.150000,0.300000,40.000000,1,NONE,0.080000,-0.040000,40.000000,2.000000,0.029669
-0.150000,0.300000,50.000000,1,NONE,0.080000,-0.040000,50.000000,-2.000000,0.092193
-0.150000,0.300000,60.000000,1,NONE,0.080000,-0.040000,60.000000,-4.000000,0.093861
-0.150000,0.300000,70.000000,1,NONE,0.080000,-0.040000,160.000000,2.000000,0.053865
-0.150000,0.300000,80.000000,1,NONE,0.080000,-0.040000,170.000000,2.000000,0.041523
-0.100000,0.300000,0.000000,1,NONE,0.080000,-0.040000,0.000000,2.000000,0.040474
-0.100000,0.300000,10.000000,1,NONE,0.080000,-0.040000,10.000000,2.000000,0.049718
-0.100000,0.300000,20.000000,1,NONE,0.080000,-0.040000,20.000000,2.000000,0.041578
-0.100000,0.300000,30.000000,1,NONE,0.080000,-0.040000,30.000000,2.000000,0.026298
-0.100000,0.300000,40.000000,1,NONE,0.080000,-0.040000,40.000000,-4.000000,0.043097
-0.100000,0.300000,50.000000,1,NONE,0.080000,-0.040000,140.000000,2.000000,0.029093
-0.100000,0.300000,60.000000,1,NONE,0.080000,-0.040000,150.000000,2.000000,0.041926
-0.100000,0.300000,70.000000,1,NONE,0.080000,-0.040000,160.000000,2.000000,0.079357
-0.100000,0.300000,80.000000,1,NONE,0.080000,-0.040000,170.000000,2.000000,0.137127
-0.050000,0.300000,0.000000,1,NONE,0.080000,-0.040000,-90.000000,2.000000,0.050331
-0.050000,0.300000,10.000000,1,NONE,0.080000,-0.040000,10.000000,4.000000,0.050675
-0.050000,0.300000,20.000000,1,NONE,0.080000,-0.040000,20.000000,-4.000000,0.033628
-0.050000,0.300000,30.000000,1,NONE,0.080000,-0.040000,30.000000,2.000000,0.043768
-0.050000,0.300000,40.000000,1,NONE,0.080000,-0.040000,40.000000,-2.000000,0.038956
-0.050000,0.300000,50.000000,1,NONE,0.080000,-0.040000,50.000000,-2.000000,0.042571
-0.050000,0.300000,60.000000,1,NONE,0.080000,-0.040000,150.000000,2.000000,0.048539
-0.050000,0.300000,70.000000,1,NONE,0.080000,-0.040000,160.000000,2.000000,0.106151
-0.050000,0.300000,80.000000,1,NONE,0.080000,-0.040000,170.000000,2.000000,0.121003
0.000000,0.300000,0.000000,1,NONE,0.080000,-0.024000,0.000000,2.000000,0.025666
0.000000,0.300000,10.000000,1,NONE,0.080000,-0.040000,10.000000,-2.000000,0.027685
0.000000,0.300000,20.000000,1,NONE,0.080000,-0.040000,20.000000,-2.000000,0.028115
0.000000,0.300000,30.000000,1,NONE,0.080000,-0.040000,30.000000,-2.000000,0.065215
0.000000,0.300000,40.000000,1,NONE,0.080000,-0.040000,40.000000,-2.000000,0.029778
0.000000,0.300000,50.000000,1,NONE,0.080000,-0.040000,50.000000,-2.000000,0.039110
0.000000,0.300000,60.000000,1,NONE,0.080000,-0.040000,60.000000,-4.000000,0.085291
0.000000,0.300000,70.000000,1,NONE,0.080000,-0.040000,160.000000,2.000000,0.155092
0.000000,0.300000,80.000000,1,NONE,0.080000,-0.040000,170.000000,2.000000,0.092226
0.050000,0.300000,0.000000,1,NONE,0.080000,-0.040000,0.000000,-2.000000,0.049532
0.050000,0.300000,10.000000,1,NONE,0.080000,-0.040000,10.000000,-2.000000,0.050485
0.050000,0.300000,20.000000,1,NONE,0.080000,-0.032000,20.000000,2.000000,0.050156
0.050000,0.300000,30.000000,1,NONE,0.080000,-0.040000,30.000000,-2.000000,0.048436
0.050000,0.300000,40.000000,1,NONE,0.080000,-0.040000,40.000000,-2.000000,0.052894
0.050000,0.300000,50.000000,1,NONE,0.080000,-0.040000,50.000000,-2.000000,0.052004
0.050000,0.300000,60.000000,1,NONE,0.080000,-0.040000,60.000000,-4.000000,0.078711
0.050000,0.300000,70.000000,1,NONE,0.080000,-0.040000,160.000000,4.000000,0.092232
0.050000,0.300000,80.000000,1,NONE,0.080000,-0.040000,170.000000,2.000000,0.030137
0.100000,0.300000,0.000000,1,NONE,0.080000,-0.040000,0.000000,2.000000,0.038673
0.100000,0.300000,10.000000,1,NONE,0.080000,-0.040000,10.000000,2.000000,0.039479
0.100000,0.300000,20.000000,1,NONE,0.080000,-0.040000,20.000000,-4.000000,0.042790
0.100000,0.300000,30.000000,1,NONE,0.080000,-0.040000,30.000000,-2.000000,0.039179
0.100000,0.300000,40.000000,1,NONE,0.080000,-0.040000,130.000000,2.000000,0.044144
0.100000,0.300000,50.000000,1,NONE,0.080000,-0.040000,50.000000,-4.000000,0.020871
0.100000,0.300000,60.000000,1,NONE,0.080000,-0.040000,150.000000,2.000000,0.052111
0.100000,0.300000,70.000000,1,NONE,0.080000,-0.040000,160.000000,2.000000,0.040734
0.100000,0.300000,80.000000,1,NONE,0.080000,-0.040000,170.000000,2.000000,0.031520
0.150000,0.300000,0.000000,1,NONE,0.080000,-0.040000,0.000000,-2.000000,0.048393
0.150000,0.300000,10.000000,1,NONE,0.080000,-0.040000,10.000000,2.000000,0.038352
0.150000,0.300000,20.000000,1,NONE,0.080000,-0.040000,20.000000,-4.000000,0.040012
0.150000,0.300000,30.000000,1,NONE,0.080000,-0.040000,30.000000,-4.000000,0.050480
0.150000,0.300000,40.000000,1,NONE,0.080000,-0.040000,40.000000,-2.000000,0.040068
0.150000,0.300000,50.000000,1,NONE,0.080000,-0.040000,140.000000,2.000000,0.028719
0.150000,0.300000,60.000000,1,NONE,0.080000,-0.040000,150.000000,2.000000,0.051153
0.150000,0.300000,70.000000,1,NONE,0.080000,-0.040000,160.000000,2.000000,0.041699
0.150000,0.300000,80.000000,1,NONE,0.080000,-0.040000,170.000000,2.000000,0.085860
0.200000,0.300000,0.000000,1,NONE,0.080000,-0.040000,-90.000000,4.000000,0.135687
0.200000,0.300000,10.000000,1,NONE,0.080000,-0.040000,-80.000000,-2.000000,0.251824
0.200000,0.300000,20.000000,1,NONE,0.080000,-0.040000,20.000000,-2.000000,0.042988
0.200000,0.300000,30.000000,1,NONE,0.080000,-0.040000,30.000000,-2.000000,0.020105
0.200000,0.300000,40.000000,1,NONE,0.080000,-0.040000,-50.000000,-2.000000,0.156752
0.200000,0.300000,50.000000,1,NONE,0.080000,-0.040000,140.000000,2.000000,0.033560
0.200000,0.300000,60.000000,1,NONE,0.080000,-0.040000,150.000000,4.000000,0.033388
0.200000,0.300000,70.000000,1,NONE,0.080000,-0.040000,160.000000,2.000000,0.108055
0.200000,0.300000,80.000000,1,NONE,0.080000,-0.040000,170.000000,2.000000,0.141856
0.250000,0.300000,0.000000,1,NONE,0.080000,-0.040000,0.000000,2.000000,0.040733
0.250000,0.300000,10.000000,1,NONE,0.080000,-0.040000,10.000000,2.000000,0.041492
0.250000,0.300000,20.000000,1,NONE,0.080000,-0.040000,20.000000,2.000000,0.042435
0.250000,0.300000,30.000000,1,NONE,0.080000,-0.040000,120.000000,4.000000,0.127607
0.250000,0.300000,40.000000,1,NONE,0.080000,-0.040000,130.000000,2.000000,0.041499
0.250000,0.300000,50.000000,1,NONE,0.080000,-0.040000,140.000000,2.000000,0.040172
0.250000,0.300000,60.000000,1,NONE,0.080000,-0.040000,150.000000,2.000000,0.039915
0.250000,0.300000,70.000000,1,NONE,0.080000,-0.040000,160.000000,2.000000,0.142585
0.250000,0.300000,80.000000,1,NONE,0.080000,-0.040000,170.000000,2.000000,0.213388
0.300000,0.300000,0.000000,1,NONE,0.080000,-0.040000,0.000000,2.000000,0.034584
0.300000,0.300000,10.000000,1,NONE,0.080000,-0.040000,-80.000000,2.000000,0.215706
0.300000,0.300000,20.000000,1,NONE,0.080000,-0.040000,-70.000000,2.000000,0.221193
0.300000,0.300000,30.000000,1,NONE,0.080000,-0.040000,120.000000,4.000000,0.177575
0.300000,0.300000,40.000000,1,NONE,0.080000,-0.040000,130.000000,2.000000,0.027871
0.300000,0.300000,50.000000,1,NONE,0.080000,-0.040000,140.000000,2.000000,0.039935
0.300000,0.300000,60.000000,1,NONE,0.080000,-0.040000,150.000000,2.000000,0.040383
0.300000,0.300000,70.000000,1,NONE,0.080000,-0.040000,160.000000,2.000000,0.135832
0.300000,0.300000,80.000000,1,NONE,0.080000,-0.040000,170.000000,2.000000,0.186210
0.350000,0.300000,0.000000,1,NONE,0.080000,-0.024000,0.000000,4.000000,0.053679
0.350000,0.300000,10.000000,1,NONE,0.080000,-0.024000,-80.000000,4.000000,0.046736
0.350000,0.300000,20.000000,1,NONE,0.080000,-0.032000,110.000000,-4.000000,0.050675
0.350000,0.300000,30.000000,1,NONE,0.080000,-0.032000,120.000000,-4.000000,0.033711
0.350000,0.300000,40.000000,1,NONE,0.080000,-0.032000,130.000000,-4.000000,0.059894
0.350000,0.300000,50.000000,1,NONE,0.080000,-0.032000,140.000000,-4.000000,0.050263
0.350000,0.300000,60.000000,1,NONE,0.080000,-0.032000,150.000000,-4.000000,0.040560
0.350000,0.300000,70.000000,1,NONE,0.080000,-0.024000,160.000000,-4.000000,0.054584
0.350000,0.300000,80.000000,1,NONE,0.080000,-0.024000,170.000000,-4.000000,0.066599
0.400000,0.300000,0.000000,0,PREGRASP_DESCENT_OR_CARRY,nan,nan,nan,nan,0.000000
0.400000,0.300000,10.000000,0,PREGRASP_DESCENT_OR_CARRY,nan,nan,nan,nan,0.000000
0.400000,0.300000,20.000000,0,PREGRASP_DESCENT_OR_CARRY,nan,nan,nan,nan,0.000000
0.400000,0.300000,30.000000,0,PREGRASP_DESCENT_OR_CARRY,nan,nan,nan,nan,0.000000
0.400000,0.300000,40.000000,0,PREGRASP_DESCENT_OR_CARRY,nan,nan,nan,nan,0.000000
0.400000,0.300000,50.000000,0,PREGRASP_DESCENT_OR_CARRY,nan,nan,nan,nan,0.000000
0.400000,0.300000,60.000000,0,PREGRASP_DESCENT_OR_CARRY,nan,nan,nan,nan,0.000000
0.400000,0.300000,70.000000,0,PREGRASP_DESCENT_OR_CARRY,nan,nan,nan,nan,0.000000
0.400000,0.300000,80.000000,0,PREGRASP_DESCENT_OR_CARRY,nan,nan,nan,nan,0.000000
0.450000,0.300000,0.000000,0,PREGRASP_DESCENT_OR_CARRY,nan,nan,nan,nan,0.000000
0.450000,0.300000,10.000000,0,PREGRASP_DESCENT_OR_CARRY,nan,nan,nan,nan,0.000000
0.450000,0.300000,20.000000,0,PREGRASP_DESCENT_OR_CARRY,nan,nan,nan,nan,0.000000
0.450000,0.300000,30.000000,0,PREGRASP_DESCENT_OR_CARRY,nan,nan,nan,nan,0.000000
0.450000,0.300000,40.000000,0,PREGRASP_DESCENT_OR_CARRY,nan,nan,nan,nan,0.000000
0.450000,0.300000,50.000000,0,PREGRASP_DESCENT_OR_CARRY,nan,nan,nan,nan,0.000000
0.450000,0.300000,60.000000,0,PREGRASP_DESCENT_OR_CARRY,nan,nan,nan,nan,0.000000
0.450000,0.300000,70.000000,0,PREGRASP_DESCENT_OR_CARRY,nan,nan,nan,nan,0.000000
0.450000,0.300000,80.000000,0,PREGRASP_DESCENT_OR_CARRY,nan,nan,nan,nan,0.000000
0.500000,0.300000,0.000000,0,PREGRASP_DESCENT_OR_CARRY,nan,nan,nan,nan,0.000000
0.500000,0.300000,10.000000,0,PREGRASP_DESCENT_OR_CARRY,nan,nan,nan,nan,0.000000
0.500000,0.300000,20.000000,0,PREGRASP_DESCENT_OR_CARRY,nan,nan,nan,nan,0.000000
0.500000,0.300000,30.000000,0,PREGRASP_DESCENT_OR_CARRY,nan,nan,nan,nan,0.000000
0.500000,0.300000,40.000000,0,PREGRASP_DESCENT_OR_CARRY,nan,nan,nan,nan,0.000000
0.500000,0.300000,50.000000,0,PREGRASP_DESCENT_OR_CARRY,nan,nan,nan,nan,0.000000
0.500000,0.300000,60.000000,0,PREGRASP_DESCENT_OR_CARRY,nan,nan,nan,nan,0.000000
0.500000,0.300000,70.000000,0,PREGRASP_DESCENT_OR_CARRY,nan,nan,nan,nan,0.000000
0.500000,0.300000,80.000000,0,PREGRASP_DESCENT_OR_CARRY,nan,nan,nan,nan,0.000000
0.550000,0.300000,0.000000,0,PLAN_TOP_OBSERVE,nan,nan,nan,nan,0.000000
0.550000,0.300000,10.000000,0,PLAN_TOP_OBSERVE,nan,nan,nan,nan,0.000000
0.550000,0.300000,20.000000,0,PLAN_TOP_OBSERVE,nan,nan,nan,nan,0.000000
0.550000,0.300000,30.000000,0,PLAN_TOP_OBSERVE,nan,nan,nan,nan,0.000000
0.550000,0.300000,40.000000,0,PLAN_TOP_OBSERVE,nan,nan,nan,nan,0.000000
0.550000,0.300000,50.000000,0,PLAN_TOP_OBSERVE,nan,nan,nan,nan,0.000000
0.550000,0.300000,60.000000,0,PLAN_TOP_OBSERVE,nan,nan,nan,nan,0.000000
0.550000,0.300000,70.000000,0,PLAN_TOP_OBSERVE,nan,nan,nan,nan,0.000000
0.550000,0.300000,80.000000,0,PLAN_TOP_OBSERVE,nan,nan,nan,nan,0.000000
0.600000,0.300000,0.000000,0,PLAN_TOP_OBSERVE,nan,nan,nan,nan,0.000000
0.600000,0.300000,10.000000,0,PLAN_TOP_OBSERVE,nan,nan,nan,nan,0.000000
0.600000,0.300000,20.000000,0,PLAN_TOP_OBSERVE,nan,nan,nan,nan,0.000000
0.600000,0.300000,30.000000,0,PLAN_TOP_OBSERVE,nan,nan,nan,nan,0.000000
0.600000,0.300000,40.000000,0,PLAN_TOP_OBSERVE,nan,nan,nan,nan,0.000000
0.600000,0.300000,50.000000,0,PLAN_TOP_OBSERVE,nan,nan,nan,nan,0.000000
0.600000,0.300000,60.000000,0,PLAN_TOP_OBSERVE,nan,nan,nan,nan,0.000000
0.600000,0.300000,70.000000,0,PLAN_TOP_OBSERVE,nan,nan,nan,nan,0.000000
0.600000,0.300000,80.000000,0,PLAN_TOP_OBSERVE,nan,nan,nan,nan,0.000000
0.650000,0.300000,0.000000,0,PLAN_TOP_OBSERVE,nan,nan,nan,nan,0.000000
0.650000,0.300000,10.000000,0,PLAN_TOP_OBSERVE,nan,nan,nan,nan,0.000000
0.650000,0.300000,20.000000,0,PLAN_TOP_OBSERVE,nan,nan,nan,nan,0.000000
0.650000,0.300000,30.000000,0,PLAN_TOP_OBSERVE,nan,nan,nan,nan,0.000000
0.650000,0.300000,40.000000,0,PLAN_TOP_OBSERVE,nan,nan,nan,nan,0.000000
0.650000,0.300000,50.000000,0,PLAN_TOP_OBSERVE,nan,nan,nan,nan,0.000000
0.650000,0.300000,60.000000,0,PLAN_TOP_OBSERVE,nan,nan,nan,nan,0.000000
0.650000,0.300000,70.000000,0,PLAN_TOP_OBSERVE,nan,nan,nan,nan,0.000000
0.650000,0.300000,80.000000,0,PLAN_TOP_OBSERVE,nan,nan,nan,nan,0.000000
0.700000,0.300000,0.000000,0,PLAN_TOP_OBSERVE,nan,nan,nan,nan,0.000000
0.700000,0.300000,10.000000,0,PLAN_TOP_OBSERVE,nan,nan,nan,nan,0.000000
0.700000,0.300000,20.000000,0,PLAN_TOP_OBSERVE,nan,nan,nan,nan,0.000000
0.700000,0.300000,30.000000,0,PLAN_TOP_OBSERVE,nan,nan,nan,nan,0.000000
0.700000,0.300000,40.000000,0,PLAN_TOP_OBSERVE,nan,nan,nan,nan,0.000000
0.700000,0.300000,50.000000,0,PLAN_TOP_OBSERVE,nan,nan,nan,nan,0.000000
0.700000,0.300000,60.000000,0,PLAN_TOP_OBSERVE,nan,nan,nan,nan,0.000000
0.700000,0.300000,70.000000,0,PLAN_TOP_OBSERVE,nan,nan,nan,nan,0.000000
0.700000,0.300000,80.000000,0,PLAN_TOP_OBSERVE,nan,nan,nan,nan,0.000000
-0.700000,0.350000,0.000000,0,PLAN_TOP_OBSERVE,nan,nan,nan,nan,0.000000
-0.700000,0.350000,10.000000,0,PLAN_TOP_OBSERVE,nan,nan,nan,nan,0.000000
-0.700000,0.350000,20.000000,0,PLAN_TOP_OBSERVE,nan,nan,nan,nan,0.000000
-0.700000,0.350000,30.000000,0,PLAN_TOP_OBSERVE,nan,nan,nan,nan,0.000000
-0.700000,0.350000,40.000000,0,PLAN_TOP_OBSERVE,nan,nan,nan,nan,0.000000
-0.700000,0.350000,50.000000,0,PLAN_TOP_OBSERVE,nan,nan,nan,nan,0.000000
-0.700000,0.350000,60.000000,0,PLAN_TOP_OBSERVE,nan,nan,nan,nan,0.000000
-0.700000,0.350000,70.000000,0,PLAN_TOP_OBSERVE,nan,nan,nan,nan,0.000000
-0.700000,0.350000,80.000000,0,PLAN_TOP_OBSERVE,nan,nan,nan,nan,0.000000
-0.650000,0.350000,0.000000,0,PLAN_TOP_OBSERVE,nan,nan,nan,nan,0.000000
-0.650000,0.350000,10.000000,0,PLAN_TOP_OBSERVE,nan,nan,nan,nan,0.000000
-0.650000,0.350000,20.000000,0,PLAN_TOP_OBSERVE,nan,nan,nan,nan,0.000000
-0.650000,0.350000,30.000000,0,PLAN_TOP_OBSERVE,nan,nan,nan,nan,0.000000
-0.650000,0.350000,40.000000,0,PLAN_TOP_OBSERVE,nan,nan,nan,nan,0.000000
-0.650000,0.350000,50.000000,0,PLAN_TOP_OBSERVE,nan,nan,nan,nan,0.000000
-0.650000,0.350000,60.000000,0,PLAN_TOP_OBSERVE,nan,nan,nan,nan,0.000000
-0.650000,0.350000,70.000000,0,PLAN_TOP_OBSERVE,nan,nan,nan,nan,0.000000
-0.650000,0.350000,80.000000,0,PLAN_TOP_OBSERVE,nan,nan,nan,nan,0.000000
-0.600000,0.350000,0.000000,0,PLAN_TOP_OBSERVE,nan,nan,nan,nan,0.000000
-0.600000,0.350000,10.000000,0,PLAN_TOP_OBSERVE,nan,nan,nan,nan,0.000000
-0.600000,0.350000,20.000000,0,PLAN_TOP_OBSERVE,nan,nan,nan,nan,0.000000
-0.600000,0.350000,30.000000,0,PLAN_TOP_OBSERVE,nan,nan,nan,nan,0.000000
-0.600000,0.350000,40.000000,0,PLAN_TOP_OBSERVE,nan,nan,nan,nan,0.000000
-0.600000,0.350000,50.000000,0,PLAN_TOP_OBSERVE,nan,nan,nan,nan,0.000000
-0.600000,0.350000,60.000000,0,PLAN_TOP_OBSERVE,nan,nan,nan,nan,0.000000
-0.600000,0.350000,70.000000,0,PLAN_TOP_OBSERVE,nan,nan,nan,nan,0.000000
-0.600000,0.350000,80.000000,0,PLAN_TOP_OBSERVE,nan,nan,nan,nan,0.000000
-0.550000,0.350000,0.000000,0,PLAN_TOP_OBSERVE,nan,nan,nan,nan,0.000000
-0.550000,0.350000,10.000000,0,PLAN_TOP_OBSERVE,nan,nan,nan,nan,0.000000
-0.550000,0.350000,20.000000,0,PLAN_TOP_OBSERVE,nan,nan,nan,nan,0.000000
-0.550000,0.350000,30.000000,0,PLAN_TOP_OBSERVE,nan,nan,nan,nan,0.000000
-0.550000,0.350000,40.000000,0,PLAN_TOP_OBSERVE,nan,nan,nan,nan,0.000000
-0.550000,0.350000,50.000000,0,PLAN_TOP_OBSERVE,nan,nan,nan,nan,0.000000
-0.550000,0.350000,60.000000,0,PLAN_TOP_OBSERVE,nan,nan,nan,nan,0.000000
-0.550000,0.350000,70.000000,0,PLAN_TOP_OBSERVE,nan,nan,nan,nan,0.000000
-0.550000,0.350000,80.000000,0,PLAN_TOP_OBSERVE,nan,nan,nan,nan,0.000000
-0.500000,0.350000,0.000000,0,PLAN_TOP_OBSERVE,nan,nan,nan,nan,0.000000
-0.500000,0.350000,10.000000,0,PLAN_TOP_OBSERVE,nan,nan,nan,nan,0.000000
-0.500000,0.350000,20.000000,0,PLAN_TOP_OBSERVE,nan,nan,nan,nan,0.000000
-0.500000,0.350000,30.000000,0,PLAN_TOP_OBSERVE,nan,nan,nan,nan,0.000000
-0.500000,0.350000,40.000000,0,PLAN_TOP_OBSERVE,nan,nan,nan,nan,0.000000
-0.500000,0.350000,50.000000,0,PLAN_TOP_OBSERVE,nan,nan,nan,nan,0.000000
-0.500000,0.350000,60.000000,0,PLAN_TOP_OBSERVE,nan,nan,nan,nan,0.000000
-0.500000,0.350000,70.000000,0,PLAN_TOP_OBSERVE,nan,nan,nan,nan,0.000000
-0.500000,0.350000,80.000000,0,PLAN_TOP_OBSERVE,nan,nan,nan,nan,0.000000
-0.450000,0.350000,0.000000,0,PREGRASP_DESCENT_OR_CARRY,nan,nan,nan,nan,0.000000
-0.450000,0.350000,10.000000,0,PREGRASP_DESCENT_OR_CARRY,nan,nan,nan,nan,0.000000
-0.450000,0.350000,20.000000,0,PREGRASP_DESCENT_OR_CARRY,nan,nan,nan,nan,0.000000
-0.450000,0.350000,30.000000,0,PREGRASP_DESCENT_OR_CARRY,nan,nan,nan,nan,0.000000
-0.450000,0.350000,40.000000,0,PREGRASP_DESCENT_OR_CARRY,nan,nan,nan,nan,0.000000
-0.450000,0.350000,50.000000,0,PREGRASP_DESCENT_OR_CARRY,nan,nan,nan,nan,0.000000
-0.450000,0.350000,60.000000,0,PREGRASP_DESCENT_OR_CARRY,nan,nan,nan,nan,0.000000
-0.450000,0.350000,70.000000,0,PREGRASP_DESCENT_OR_CARRY,nan,nan,nan,nan,0.000000
-0.450000,0.350000,80.000000,0,PREGRASP_DESCENT_OR_CARRY,nan,nan,nan,nan,0.000000
-0.400000,0.350000,0.000000,0,PREGRASP_DESCENT_OR_CARRY,nan,nan,nan,nan,0.000000
-0.400000,0.350000,10.000000,0,PREGRASP_DESCENT_OR_CARRY,nan,nan,nan,nan,0.000000
-0.400000,0.350000,20.000000,0,PREGRASP_DESCENT_OR_CARRY,nan,nan,nan,nan,0.000000
-0.400000,0.350000,30.000000,0,PREGRASP_DESCENT_OR_CARRY,nan,nan,nan,nan,0.000000
-0.400000,0.350000,40.000000,0,PREGRASP_DESCENT_OR_CARRY,nan,nan,nan,nan,0.000000
-0.400000,0.350000,50.000000,0,PREGRASP_DESCENT_OR_CARRY,nan,nan,nan,nan,0.000000
-0.400000,0.350000,60.000000,0,PREGRASP_DESCENT_OR_CARRY,nan,nan,nan,nan,0.000000
-0.400000,0.350000,70.000000,0,PREGRASP_DESCENT_OR_CARRY,nan,nan,nan,nan,0.000000
-0.400000,0.350000,80.000000,0,PREGRASP_DESCENT_OR_CARRY,nan,nan,nan,nan,0.000000
-0.350000,0.350000,0.000000,0,PREGRASP_DESCENT_OR_CARRY,nan,nan,nan,nan,0.000000
-0.350000,0.350000,10.000000,0,PREGRASP_DESCENT_OR_CARRY,nan,nan,nan,nan,0.000000
-0.350000,0.350000,20.000000,0,PREGRASP_DESCENT_OR_CARRY,nan,nan,nan,nan,0.000000
-0.350000,0.350000,30.000000,0,PREGRASP_DESCENT_OR_CARRY,nan,nan,nan,nan,0.000000
-0.350000,0.350000,40.000000,0,PREGRASP_DESCENT_OR_CARRY,nan,nan,nan,nan,0.000000
-0.350000,0.350000,50.000000,0,PREGRASP_DESCENT_OR_CARRY,nan,nan,nan,nan,0.000000
-0.350000,0.350000,60.000000,0,PREGRASP_DESCENT_OR_CARRY,nan,nan,nan,nan,0.000000
-0.350000,0.350000,70.000000,0,PREGRASP_DESCENT_OR_CARRY,nan,nan,nan,nan,0.000000
-0.350000,0.350000,80.000000,0,PREGRASP_DESCENT_OR_CARRY,nan,nan,nan,nan,0.000000
-0.300000,0.350000,0.000000,1,NONE,0.080000,-0.024000,0.000000,4.000000,0.031144
-0.300000,0.350000,10.000000,1,NONE,0.080000,-0.024000,10.000000,4.000000,0.043624
-0.300000,0.350000,20.000000,1,NONE,0.080000,-0.032000,20.000000,4.000000,0.030012
-0.300000,0.350000,30.000000,1,NONE,0.080000,-0.032000,30.000000,4.000000,0.056043
-0.300000,0.350000,40.000000,1,NONE,0.080000,-0.032000,40.000000,4.000000,0.052326
-0.300000,0.350000,50.000000,1,NONE,0.080000,-0.032000,50.000000,4.000000,0.044053
-0.300000,0.350000,60.000000,1,NONE,0.080000,-0.032000,60.000000,4.000000,0.041403
-0.300000,0.350000,70.000000,1,NONE,0.080000,-0.032000,70.000000,4.000000,0.050828
-0.300000,0.350000,80.000000,1,NONE,0.080000,-0.024000,170.000000,-4.000000,0.035933
-0.250000,0.350000,0.000000,1,NONE,0.080000,-0.040000,0.000000,2.000000,0.026882
-0.250000,0.350000,10.000000,1,NONE,0.080000,-0.040000,10.000000,2.000000,0.042224
-0.250000,0.350000,20.000000,1,NONE,0.080000,-0.040000,20.000000,2.000000,0.044130
-0.250000,0.350000,30.000000,1,NONE,0.080000,-0.040000,30.000000,2.000000,0.040997
-0.250000,0.350000,40.000000,1,NONE,0.080000,-0.040000,40.000000,2.000000,0.044658
-0.250000,0.350000,50.000000,1,NONE,0.080000,-0.040000,50.000000,2.000000,0.032253
-0.250000,0.350000,60.000000,1,NONE,0.080000,-0.040000,60.000000,2.000000,0.031774
-0.250000,0.350000,70.000000,1,NONE,0.080000,-0.040000,70.000000,-2.000000,0.032866
-0.250000,0.350000,80.000000,1,NONE,0.080000,-0.040000,80.000000,2.000000,0.033231
-0.200000,0.350000,0.000000,1,NONE,0.080000,-0.040000,0.000000,2.000000,0.031044
-0.200000,0.350000,10.000000,1,NONE,0.080000,-0.040000,10.000000,4.000000,0.032501
-0.200000,0.350000,20.000000,1,NONE,0.080000,-0.040000,20.000000,4.000000,0.028909
-0.200000,0.350000,30.000000,1,NONE,0.080000,-0.040000,30.000000,-2.000000,0.032450
-0.200000,0.350000,40.000000,1,NONE,0.080000,-0.040000,40.000000,4.000000,0.033950
-0.200000,0.350000,50.000000,1,NONE,0.080000,-0.040000,50.000000,2.000000,0.052895
-0.200000,0.350000,60.000000,1,NONE,0.080000,-0.040000,60.000000,2.000000,0.052969
-0.200000,0.350000,70.000000,1,NONE,0.080000,-0.040000,70.000000,2.000000,0.034612
-0.200000,0.350000,80.000000,1,NONE,0.080000,-0.040000,80.000000,-2.000000,0.032137
-0.150000,0.350000,0.000000,1,NONE,0.080000,-0.040000,0.000000,2.000000,0.030350
-0.150000,0.350000,10.000000,1,NONE,0.080000,-0.040000,10.000000,2.000000,0.023914
-0.150000,0.350000,20.000000,1,NONE,0.080000,-0.040000,20.000000,2.000000,0.034922
-0.150000,0.350000,30.000000,1,NONE,0.080000,-0.040000,30.000000,2.000000,0.043406
-0.150000,0.350000,40.000000,1,NONE,0.080000,-0.040000,40.000000,2.000000,0.040827
-0.150000,0.350000,50.000000,1,NONE,0.080000,-0.040000,50.000000,-4.000000,0.023411
-0.150000,0.350000,60.000000,1,NONE,0.080000,-0.040000,150.000000,2.000000,0.039547
-0.150000,0.350000,70.000000,1,NONE,0.080000,-0.040000,70.000000,-2.000000,0.049312
-0.150000,0.350000,80.000000,1,NONE,0.080000,-0.040000,80.000000,-2.000000,0.044096
-0.100000,0.350000,0.000000,1,NONE,0.080000,-0.040000,0.000000,2.000000,0.030246
-0.100000,0.350000,10.000000,1,NONE,0.080000,-0.040000,10.000000,2.000000,0.028522
-0.100000,0.350000,20.000000,1,NONE,0.080000,-0.040000,20.000000,2.000000,0.030366
-0.100000,0.350000,30.000000,1,NONE,0.080000,-0.040000,30.000000,2.000000,0.032489
-0.100000,0.350000,40.000000,1,NONE,0.080000,-0.040000,40.000000,2.000000,0.028954
-0.100000,0.350000,50.000000,1,NONE,0.080000,-0.040000,50.000000,2.000000,0.021944
-0.100000,0.350000,60.000000,1,NONE,0.080000,-0.040000,60.000000,-2.000000,0.042774
-0.100000,0.350000,70.000000,1,NONE,0.080000,-0.040000,70.000000,-2.000000,0.040301
-0.100000,0.350000,80.000000,1,NONE,0.080000,-0.040000,80.000000,-4.000000,0.042668
-0.050000,0.350000,0.000000,1,NONE,0.080000,-0.040000,0.000000,2.000000,0.041291
-0.050000,0.350000,10.000000,1,NONE,0.080000,-0.040000,10.000000,2.000000,0.032981
-0.050000,0.350000,20.000000,1,NONE,0.080000,-0.040000,20.000000,4.000000,0.043895
-0.050000,0.350000,30.000000,1,NONE,0.080000,-0.040000,30.000000,2.000000,0.031709
-0.050000,0.350000,40.000000,1,NONE,0.080000,-0.040000,40.000000,2.000000,0.033196
-0.050000,0.350000,50.000000,1,NONE,0.080000,-0.040000,50.000000,2.000000,0.053416
-0.050000,0.350000,60.000000,1,NONE,0.080000,-0.040000,60.000000,-2.000000,0.043303
-0.050000,0.350000,70.000000,1,NONE,0.080000,-0.040000,70.000000,-2.000000,0.032684
-0.050000,0.350000,80.000000,1,NONE,0.080000,-0.040000,170.000000,-2.000000,0.033802
0.000000,0.350000,0.000000,1,NONE,0.080000,-0.040000,0.000000,2.000000,0.043446
0.000000,0.350000,10.000000,1,NONE,0.080000,-0.040000,10.000000,-2.000000,0.030778
0.000000,0.350000,20.000000,1,NONE,0.080000,-0.040000,110.000000,2.000000,0.041446
0.000000,0.350000,30.000000,1,NONE,0.080000,-0.040000,30.000000,2.000000,0.042102
0.000000,0.350000,40.000000,1,NONE,0.080000,-0.040000,40.000000,2.000000,0.041846
0.000000,0.350000,50.000000,1,NONE,0.080000,-0.040000,140.000000,2.000000,0.052994
0.000000,0.350000,60.000000,1,NONE,0.080000,-0.040000,60.000000,-4.000000,0.040648
0.000000,0.350000,70.000000,1,NONE,0.080000,-0.040000,160.000000,2.000000,0.031513
0.000000,0.350000,80.000000,1,NONE,0.080000,-0.040000,170.000000,2.000000,0.050792
0.050000,0.350000,0.000000,1,NONE,0.080000,-0.040000,0.000000,2.000000,0.028584
0.050000,0.350000,10.000000,1,NONE,0.080000,-0.040000,10.000000,2.000000,0.037206
0.050000,0.350000,20.000000,1,NONE,0.080000,-0.040000,20.000000,-2.000000,0.033222
0.050000,0.350000,30.000000,1,NONE,0.080000,-0.040000,30.000000,4.000000,0.028690
0.050000,0.350000,40.000000,1,NONE,0.080000,-0.040000,130.000000,2.000000,0.049330
0.050000,0.350000,50.000000,1,NONE,0.080000,-0.040000,50.000000,2.000000,0.031610
0.050000,0.350000,60.000000,1,NONE,0.080000,-0.040000,150.000000,2.000000,0.033270
0.050000,0.350000,70.000000,1,NONE,0.080000,-0.040000,160.000000,2.000000,0.042233
0.050000,0.350000,80.000000,1,NONE,0.080000,-0.040000,170.000000,2.000000,0.049738
0.100000,0.350000,0.000000,1,NONE,0.080000,-0.040000,0.000000,4.000000,0.044175
0.100000,0.350000,10.000000,1,NONE,0.080000,-0.040000,10.000000,-2.000000,0.045741
0.100000,0.350000,20.000000,1,NONE,0.080000,-0.040000,20.000000,2.000000,0.041862
0.100000,0.350000,30.000000,1,NONE,0.080000,-0.040000,30.000000,-2.000000,0.042257
0.100000,0.350000,40.000000,1,NONE,0.080000,-0.040000,40.000000,-2.000000,0.038968
0.100000,0.350000,50.000000,1,NONE,0.080000,-0.040000,50.000000,-4.000000,0.043154
0.100000,0.350000,60.000000,1,NONE,0.080000,-0.040000,150.000000,2.000000,0.030110
0.100000,0.350000,70.000000,1,NONE,0.080000,-0.040000,160.000000,2.000000,0.031228
0.100000,0.350000,80.000000,1,NONE,0.080000,-0.040000,170.000000,2.000000,0.041678
0.150000,0.350000,0.000000,1,NONE,0.080000,-0.040000,0.000000,2.000000,0.029826
0.150000,0.350000,10.000000,1,NONE,0.080000,-0.040000,10.000000,-2.000000,0.043333
0.150000,0.350000,20.000000,1,NONE,0.080000,-0.040000,110.000000,2.000000,0.029675
0.150000,0.350000,30.000000,1,NONE,0.080000,-0.040000,30.000000,2.000000,0.032566
0.150000,0.350000,40.000000,1,NONE,0.080000,-0.040000,130.000000,2.000000,0.031832
0.150000,0.350000,50.000000,1,NONE,0.080000,-0.040000,140.000000,2.000000,0.035573
0.150000,0.350000,60.000000,1,NONE,0.080000,-0.040000,150.000000,2.000000,0.027176
0.150000,0.350000,70.000000,1,NONE,0.080000,-0.040000,160.000000,2.000000,0.030601
0.150000,0.350000,80.000000,1,NONE,0.080000,-0.040000,170.000000,2.000000,0.040335
0.200000,0.350000,0.000000,1,NONE,0.080000,-0.040000,0.000000,2.000000,0.039920
0.200000,0.350000,10.000000,1,NONE,0.080000,-0.040000,10.000000,2.000000,0.048753
0.200000,0.350000,20.000000,1,NONE,0.080000,-0.040000,20.000000,2.000000,0.050530
0.200000,0.350000,30.000000,1,NONE,0.080000,-0.040000,30.000000,2.000000,0.039593
0.200000,0.350000,40.000000,1,NONE,0.080000,-0.040000,40.000000,-2.000000,0.040943
0.200000,0.350000,50.000000,1,NONE,0.080000,-0.040000,140.000000,2.000000,0.043570
0.200000,0.350000,60.000000,1,NONE,0.080000,-0.040000,150.000000,2.000000,0.037551
0.200000,0.350000,70.000000,1,NONE,0.080000,-0.040000,160.000000,2.000000,0.040354
0.200000,0.350000,80.000000,1,NONE,0.080000,-0.040000,80.000000,2.000000,0.035540
0.250000,0.350000,0.000000,1,NONE,0.080000,-0.040000,0.000000,-2.000000,0.024908
0.250000,0.350000,10.000000,1,NONE,0.080000,-0.040000,10.000000,-2.000000,0.041887
0.250000,0.350000,20.000000,1,NONE,0.080000,-0.040000,20.000000,2.000000,0.034475
0.250000,0.350000,30.000000,1,NONE,0.080000,-0.040000,120.000000,2.000000,0.052181
0.250000,0.350000,40.000000,1,NONE,0.080000,-0.040000,130.000000,2.000000,0.040123
0.250000,0.350000,50.000000,1,NONE,0.080000,-0.040000,140.000000,2.000000,0.033337
0.250000,0.350000,60.000000,1,NONE,0.080000,-0.040000,150.000000,2.000000,0.039895
0.250000,0.350000,70.000000,1,NONE,0.080000,-0.040000,160.000000,2.000000,0.051810
0.250000,0.350000,80.000000,1,NONE,0.080000,-0.040000,80.000000,2.000000,0.053662
0.300000,0.350000,0.000000,1,NONE,0.080000,-0.024000,0.000000,4.000000,0.043433
0.300000,0.350000,10.000000,1,NONE,0.080000,-0.024000,10.000000,4.000000,0.031615
0.300000,0.350000,20.000000,1,NONE,0.080000,-0.032000,110.000000,-4.000000,0.041127
0.300000,0.350000,30.000000,1,NONE,0.080000,-0.032000,120.000000,-4.000000,0.052503
0.300000,0.350000,40.000000,1,NONE,0.080000,-0.032000,130.000000,-4.000000,0.031341
0.300000,0.350000,50.000000,1,NONE,0.080000,-0.032000,140.000000,-4.000000,0.050575
0.300000,0.350000,60.000000,1,NONE,0.080000,-0.032000,150.000000,-4.000000,0.042398
0.300000,0.350000,70.000000,1,NONE,0.080000,-0.032000,160.000000,-4.000000,0.047690
0.300000,0.350000,80.000000,1,NONE,0.080000,-0.024000,170.000000,-4.000000,0.039589
0.350000,0.350000,0.000000,0,PREGRASP_DESCENT_OR_CARRY,nan,nan,nan,nan,0.000000
0.350000,0.350000,10.000000,0,PREGRASP_DESCENT_OR_CARRY,nan,nan,nan,nan,0.000000
0.350000,0.350000,20.000000,0,PREGRASP_DESCENT_OR_CARRY,nan,nan,nan,nan,0.000000
0.350000,0.350000,30.000000,0,PREGRASP_DESCENT_OR_CARRY,nan,nan,nan,nan,0.000000
0.350000,0.350000,40.000000,0,PREGRASP_DESCENT_OR_CARRY,nan,nan,nan,nan,0.000000
0.350000,0.350000,50.000000,0,PREGRASP_DESCENT_OR_CARRY,nan,nan,nan,nan,0.000000
0.350000,0.350000,60.000000,0,PREGRASP_DESCENT_OR_CARRY,nan,nan,nan,nan,0.000000
0.350000,0.350000,70.000000,0,PREGRASP_DESCENT_OR_CARRY,nan,nan,nan,nan,0.000000
0.350000,0.350000,80.000000,0,PREGRASP_DESCENT_OR_CARRY,nan,nan,nan,nan,0.000000
0.400000,0.350000,0.000000,0,PREGRASP_DESCENT_OR_CARRY,nan,nan,nan,nan,0.000000
0.400000,0.350000,10.000000,0,PREGRASP_DESCENT_OR_CARRY,nan,nan,nan,nan,0.000000
0.400000,0.350000,20.000000,0,PREGRASP_DESCENT_OR_CARRY,nan,nan,nan,nan,0.000000
0.400000,0.350000,30.000000,0,PREGRASP_DESCENT_OR_CARRY,nan,nan,nan,nan,0.000000
0.400000,0.350000,40.000000,0,PREGRASP_DESCENT_OR_CARRY,nan,nan,nan,nan,0.000000
0.400000,0.350000,50.000000,0,PREGRASP_DESCENT_OR_CARRY,nan,nan,nan,nan,0.000000
0.400000,0.350000,60.000000,0,PREGRASP_DESCENT_OR_CARRY,nan,nan,nan,nan,0.000000
0.400000,0.350000,70.000000,0,PREGRASP_DESCENT_OR_CARRY,nan,nan,nan,nan,0.000000
0.400000,0.350000,80.000000,0,PREGRASP_DESCENT_OR_CARRY,nan,nan,nan,nan,0.000000
0.450000,0.350000,0.000000,0,PREGRASP_DESCENT_OR_CARRY,nan,nan,nan,nan,0.000000
0.450000,0.350000,10.000000,0,PREGRASP_DESCENT_OR_CARRY,nan,nan,nan,nan,0.000000
0.450000,0.350000,20.000000,0,PREGRASP_DESCENT_OR_CARRY,nan,nan,nan,nan,0.000000
0.450000,0.350000,30.000000,0,PREGRASP_DESCENT_OR_CARRY,nan,nan,nan,nan,0.000000
0.450000,0.350000,40.000000,0,PREGRASP_DESCENT_OR_CARRY,nan,nan,nan,nan,0.000000
0.450000,0.350000,50.000000,0,PREGRASP_DESCENT_OR_CARRY,nan,nan,nan,nan,0.000000
0.450000,0.350000,60.000000,0,PREGRASP_DESCENT_OR_CARRY,nan,nan,nan,nan,0.000000
0.450000,0.350000,70.000000,0,PREGRASP_DESCENT_OR_CARRY,nan,nan,nan,nan,0.000000
0.450000,0.350000,80.000000,0,PREGRASP_DESCENT_OR_CARRY,nan,nan,nan,nan,0.000000
0.500000,0.350000,0.000000,0,PLAN_TOP_OBSERVE,nan,nan,nan,nan,0.000000
0.500000,0.350000,10.000000,0,PLAN_TOP_OBSERVE,nan,nan,nan,nan,0.000000
0.500000,0.350000,20.000000,0,PLAN_TOP_OBSERVE,nan,nan,nan,nan,0.000000
0.500000,0.350000,30.000000,0,PLAN_TOP_OBSERVE,nan,nan,nan,nan,0.000000
0.500000,0.350000,40.000000,0,PLAN_TOP_OBSERVE,nan,nan,nan,nan,0.000000
0.500000,0.350000,50.000000,0,PLAN_TOP_OBSERVE,nan,nan,nan,nan,0.000000
0.500000,0.350000,60.000000,0,PLAN_TOP_OBSERVE,nan,nan,nan,nan,0.000000
0.500000,0.350000,70.000000,0,PLAN_TOP_OBSERVE,nan,nan,nan,nan,0.000000
0.500000,0.350000,80.000000,0,PLAN_TOP_OBSERVE,nan,nan,nan,nan,0.000000
0.550000,0.350000,0.000000,0,PLAN_TOP_OBSERVE,nan,nan,nan,nan,0.000000
0.550000,0.350000,10.000000,0,PLAN_TOP_OBSERVE,nan,nan,nan,nan,0.000000
0.550000,0.350000,20.000000,0,PLAN_TOP_OBSERVE,nan,nan,nan,nan,0.000000
0.550000,0.350000,30.000000,0,PLAN_TOP_OBSERVE,nan,nan,nan,nan,0.000000
0.550000,0.350000,40.000000,0,PLAN_TOP_OBSERVE,nan,nan,nan,nan,0.000000
0.550000,0.350000,50.000000,0,PLAN_TOP_OBSERVE,nan,nan,nan,nan,0.000000
0.550000,0.350000,60.000000,0,PLAN_TOP_OBSERVE,nan,nan,nan,nan,0.000000
0.550000,0.350000,70.000000,0,PLAN_TOP_OBSERVE,nan,nan,nan,nan,0.000000
0.550000,0.350000,80.000000,0,PLAN_TOP_OBSERVE,nan,nan,nan,nan,0.000000
0.600000,0.350000,0.000000,0,PLAN_TOP_OBSERVE,nan,nan,nan,nan,0.000000
0.600000,0.350000,10.000000,0,PLAN_TOP_OBSERVE,nan,nan,nan,nan,0.000000
0.600000,0.350000,20.000000,0,PLAN_TOP_OBSERVE,nan,nan,nan,nan,0.000000
0.600000,0.350000,30.000000,0,PLAN_TOP_OBSERVE,nan,nan,nan,nan,0.000000
0.600000,0.350000,40.000000,0,PLAN_TOP_OBSERVE,nan,nan,nan,nan,0.000000
0.600000,0.350000,50.000000,0,PLAN_TOP_OBSERVE,nan,nan,nan,nan,0.000000
0.600000,0.350000,60.000000,0,PLAN_TOP_OBSERVE,nan,nan,nan,nan,0.000000
0.600000,0.350000,70.000000,0,PLAN_TOP_OBSERVE,nan,nan,nan,nan,0.000000
0.600000,0.350000,80.000000,0,PLAN_TOP_OBSERVE,nan,nan,nan,nan,0.000000
0.650000,0.350000,0.000000,0,PLAN_TOP_OBSERVE,nan,nan,nan,nan,0.000000
0.650000,0.350000,10.000000,0,PLAN_TOP_OBSERVE,nan,nan,nan,nan,0.000000
0.650000,0.350000,20.000000,0,PLAN_TOP_OBSERVE,nan,nan,nan,nan,0.000000
0.650000,0.350000,30.000000,0,PLAN_TOP_OBSERVE,nan,nan,nan,nan,0.000000
0.650000,0.350000,40.000000,0,PLAN_TOP_OBSERVE,nan,nan,nan,nan,0.000000
0.650000,0.350000,50.000000,0,PLAN_TOP_OBSERVE,nan,nan,nan,nan,0.000000
0.650000,0.350000,60.000000,0,PLAN_TOP_OBSERVE,nan,nan,nan,nan,0.000000
0.650000,0.350000,70.000000,0,PLAN_TOP_OBSERVE,nan,nan,nan,nan,0.000000
0.650000,0.350000,80.000000,0,PLAN_TOP_OBSERVE,nan,nan,nan,nan,0.000000
0.700000,0.350000,0.000000,0,PLAN_TOP_OBSERVE,nan,nan,nan,nan,0.000000
0.700000,0.350000,10.000000,0,PLAN_TOP_OBSERVE,nan,nan,nan,nan,0.000000
0.700000,0.350000,20.000000,0,PLAN_TOP_OBSERVE,nan,nan,nan,nan,0.000000
0.700000,0.350000,30.000000,0,PLAN_TOP_OBSERVE,nan,nan,nan,nan,0.000000
0.700000,0.350000,40.000000,0,PLAN_TOP_OBSERVE,nan,nan,nan,nan,0.000000
0.700000,0.350000,50.000000,0,PLAN_TOP_OBSERVE,nan,nan,nan,nan,0.000000
0.700000,0.350000,60.000000,0,PLAN_TOP_OBSERVE,nan,nan,nan,nan,0.000000
0.700000,0.350000,70.000000,0,PLAN_TOP_OBSERVE,nan,nan,nan,nan,0.000000
0.700000,0.350000,80.000000,0,PLAN_TOP_OBSERVE,nan,nan,nan,nan,0.000000
-0.700000,0.400000,0.000000,0,PLAN_TOP_OBSERVE,nan,nan,nan,nan,0.000000
-0.700000,0.400000,10.000000,0,PLAN_TOP_OBSERVE,nan,nan,nan,nan,0.000000
-0.700000,0.400000,20.000000,0,PLAN_TOP_OBSERVE,nan,nan,nan,nan,0.000000
-0.700000,0.400000,30.000000,0,PLAN_TOP_OBSERVE,nan,nan,nan,nan,0.000000
-0.700000,0.400000,40.000000,0,PLAN_TOP_OBSERVE,nan,nan,nan,nan,0.000000
-0.700000,0.400000,50.000000,0,PLAN_TOP_OBSERVE,nan,nan,nan,nan,0.000000
-0.700000,0.400000,60.000000,0,PLAN_TOP_OBSERVE,nan,nan,nan,nan,0.000000
-0.700000,0.400000,70.000000,0,PLAN_TOP_OBSERVE,nan,nan,nan,nan,0.000000
-0.700000,0.400000,80.000000,0,PLAN_TOP_OBSERVE,nan,nan,nan,nan,0.000000
-0.650000,0.400000,0.000000,0,PLAN_TOP_OBSERVE,nan,nan,nan,nan,0.000000
-0.650000,0.400000,10.000000,0,PLAN_TOP_OBSERVE,nan,nan,nan,nan,0.000000
-0.650000,0.400000,20.000000,0,PLAN_TOP_OBSERVE,nan,nan,nan,nan,0.000000
-0.650000,0.400000,30.000000,0,PLAN_TOP_OBSERVE,nan,nan,nan,nan,0.000000
-0.650000,0.400000,40.000000,0,PLAN_TOP_OBSERVE,nan,nan,nan,nan,0.000000
-0.650000,0.400000,50.000000,0,PLAN_TOP_OBSERVE,nan,nan,nan,nan,0.000000
-0.650000,0.400000,60.000000,0,PLAN_TOP_OBSERVE,nan,nan,nan,nan,0.000000
-0.650000,0.400000,70.000000,0,PLAN_TOP_OBSERVE,nan,nan,nan,nan,0.000000
-0.650000,0.400000,80.000000,0,PLAN_TOP_OBSERVE,nan,nan,nan,nan,0.000000
-0.600000,0.400000,0.000000,0,PLAN_TOP_OBSERVE,nan,nan,nan,nan,0.000000
-0.600000,0.400000,10.000000,0,PLAN_TOP_OBSERVE,nan,nan,nan,nan,0.000000
-0.600000,0.400000,20.000000,0,PLAN_TOP_OBSERVE,nan,nan,nan,nan,0.000000
-0.600000,0.400000,30.000000,0,PLAN_TOP_OBSERVE,nan,nan,nan,nan,0.000000
-0.600000,0.400000,40.000000,0,PLAN_TOP_OBSERVE,nan,nan,nan,nan,0.000000
-0.600000,0.400000,50.000000,0,PLAN_TOP_OBSERVE,nan,nan,nan,nan,0.000000
-0.600000,0.400000,60.000000,0,PLAN_TOP_OBSERVE,nan,nan,nan,nan,0.000000
-0.600000,0.400000,70.000000,0,PLAN_TOP_OBSERVE,nan,nan,nan,nan,0.000000
-0.600000,0.400000,80.000000,0,PLAN_TOP_OBSERVE,nan,nan,nan,nan,0.000000
-0.550000,0.400000,0.000000,0,PLAN_TOP_OBSERVE,nan,nan,nan,nan,0.000000
-0.550000,0.400000,10.000000,0,PLAN_TOP_OBSERVE,nan,nan,nan,nan,0.000000
-0.550000,0.400000,20.000000,0,PLAN_TOP_OBSERVE,nan,nan,nan,nan,0.000000
-0.550000,0.400000,30.000000,0,PLAN_TOP_OBSERVE,nan,nan,nan,nan,0.000000
-0.550000,0.400000,40.000000,0,PLAN_TOP_OBSERVE,nan,nan,nan,nan,0.000000
-0.550000,0.400000,50.000000,0,PLAN_TOP_OBSERVE,nan,nan,nan,nan,0.000000
-0.550000,0.400000,60.000000,0,PLAN_TOP_OBSERVE,nan,nan,nan,nan,0.000000
-0.550000,0.400000,70.000000,0,PLAN_TOP_OBSERVE,nan,nan,nan,nan,0.000000
-0.550000,0.400000,80.000000,0,PLAN_TOP_OBSERVE,nan,nan,nan,nan,0.000000
-0.500000,0.400000,0.000000,0,PLAN_TOP_OBSERVE,nan,nan,nan,nan,0.000000
-0.500000,0.400000,10.000000,0,PLAN_TOP_OBSERVE,nan,nan,nan,nan,0.000000
-0.500000,0.400000,20.000000,0,PLAN_TOP_OBSERVE,nan,nan,nan,nan,0.000000
-0.500000,0.400000,30.000000,0,PLAN_TOP_OBSERVE,nan,nan,nan,nan,0.000000
-0.500000,0.400000,40.000000,0,PLAN_TOP_OBSERVE,nan,nan,nan,nan,0.000000
-0.500000,0.400000,50.000000,0,PLAN_TOP_OBSERVE,nan,nan,nan,nan,0.000000
-0.500000,0.400000,60.000000,0,PLAN_TOP_OBSERVE,nan,nan,nan,nan,0.000000
-0.500000,0.400000,70.000000,0,PLAN_TOP_OBSERVE,nan,nan,nan,nan,0.000000
-0.500000,0.400000,80.000000,0,PLAN_TOP_OBSERVE,nan,nan,nan,nan,0.000000
-0.450000,0.400000,0.000000,0,PLAN_TOP_OBSERVE,nan,nan,nan,nan,0.000000
-0.450000,0.400000,10.000000,0,PLAN_TOP_OBSERVE,nan,nan,nan,nan,0.000000
-0.450000,0.400000,20.000000,0,PLAN_TOP_OBSERVE,nan,nan,nan,nan,0.000000
-0.450000,0.400000,30.000000,0,PLAN_TOP_OBSERVE,nan,nan,nan,nan,0.000000
-0.450000,0.400000,40.000000,0,PLAN_TOP_OBSERVE,nan,nan,nan,nan,0.000000
-0.450000,0.400000,50.000000,0,PLAN_TOP_OBSERVE,nan,nan,nan,nan,0.000000
-0.450000,0.400000,60.000000,0,PLAN_TOP_OBSERVE,nan,nan,nan,nan,0.000000
-0.450000,0.400000,70.000000,0,PLAN_TOP_OBSERVE,nan,nan,nan,nan,0.000000
-0.450000,0.400000,80.000000,0,PLAN_TOP_OBSERVE,nan,nan,nan,nan,0.000000
-0.400000,0.400000,0.000000,0,PREGRASP_DESCENT_OR_CARRY,nan,nan,nan,nan,0.000000
-0.400000,0.400000,10.000000,0,PREGRASP_DESCENT_OR_CARRY,nan,nan,nan,nan,0.000000
-0.400000,0.400000,20.000000,0,PREGRASP_DESCENT_OR_CARRY,nan,nan,nan,nan,0.000000
-0.400000,0.400000,30.000000,0,PREGRASP_DESCENT_OR_CARRY,nan,nan,nan,nan,0.000000
-0.400000,0.400000,40.000000,0,PREGRASP_DESCENT_OR_CARRY,nan,nan,nan,nan,0.000000
-0.400000,0.400000,50.000000,0,PREGRASP_DESCENT_OR_CARRY,nan,nan,nan,nan,0.000000
-0.400000,0.400000,60.000000,0,PREGRASP_DESCENT_OR_CARRY,nan,nan,nan,nan,0.000000
-0.400000,0.400000,70.000000,0,PREGRASP_DESCENT_OR_CARRY,nan,nan,nan,nan,0.000000
-0.400000,0.400000,80.000000,0,PREGRASP_DESCENT_OR_CARRY,nan,nan,nan,nan,0.000000
-0.350000,0.400000,0.000000,0,PREGRASP_DESCENT_OR_CARRY,nan,nan,nan,nan,0.000000
-0.350000,0.400000,10.000000,0,PREGRASP_DESCENT_OR_CARRY,nan,nan,nan,nan,0.000000
-0.350000,0.400000,20.000000,0,PREGRASP_DESCENT_OR_CARRY,nan,nan,nan,nan,0.000000
-0.350000,0.400000,30.000000,0,PREGRASP_DESCENT_OR_CARRY,nan,nan,nan,nan,0.000000
-0.350000,0.400000,40.000000,0,PREGRASP_DESCENT_OR_CARRY,nan,nan,nan,nan,0.000000
-0.350000,0.400000,50.000000,0,PREGRASP_DESCENT_OR_CARRY,nan,nan,nan,nan,0.000000
-0.350000,0.400000,60.000000,0,PREGRASP_DESCENT_OR_CARRY,nan,nan,nan,nan,0.000000
-0.350000,0.400000,70.000000,0,PREGRASP_DESCENT_OR_CARRY,nan,nan,nan,nan,0.000000
-0.350000,0.400000,80.000000,0,PREGRASP_DESCENT_OR_CARRY,nan,nan,nan,nan,0.000000
-0.300000,0.400000,0.000000,0,PREGRASP_DESCENT_OR_CARRY,nan,nan,nan,nan,0.000000
-0.300000,0.400000,10.000000,0,PREGRASP_DESCENT_OR_CARRY,nan,nan,nan,nan,0.000000
-0.300000,0.400000,20.000000,0,PREGRASP_DESCENT_OR_CARRY,nan,nan,nan,nan,0.000000
-0.300000,0.400000,30.000000,0,PREGRASP_DESCENT_OR_CARRY,nan,nan,nan,nan,0.000000
-0.300000,0.400000,40.000000,0,PREGRASP_DESCENT_OR_CARRY,nan,nan,nan,nan,0.000000
-0.300000,0.400000,50.000000,0,PREGRASP_DESCENT_OR_CARRY,nan,nan,nan,nan,0.000000
-0.300000,0.400000,60.000000,0,PREGRASP_DESCENT_OR_CARRY,nan,nan,nan,nan,0.000000
-0.300000,0.400000,70.000000,0,PREGRASP_DESCENT_OR_CARRY,nan,nan,nan,nan,0.000000
-0.300000,0.400000,80.000000,0,PREGRASP_DESCENT_OR_CARRY,nan,nan,nan,nan,0.000000
-0.250000,0.400000,0.000000,0,PREGRASP_DESCENT_OR_CARRY,nan,nan,nan,nan,0.000000
-0.250000,0.400000,10.000000,0,PREGRASP_DESCENT_OR_CARRY,nan,nan,nan,nan,0.000000
-0.250000,0.400000,20.000000,0,PREGRASP_DESCENT_OR_CARRY,nan,nan,nan,nan,0.000000
-0.250000,0.400000,30.000000,0,PREGRASP_DESCENT_OR_CARRY,nan,nan,nan,nan,0.000000
-0.250000,0.400000,40.000000,0,PREGRASP_DESCENT_OR_CARRY,nan,nan,nan,nan,0.000000
-0.250000,0.400000,50.000000,0,PREGRASP_DESCENT_OR_CARRY,nan,nan,nan,nan,0.000000
-0.250000,0.400000,60.000000,0,PREGRASP_DESCENT_OR_CARRY,nan,nan,nan,nan,0.000000
-0.250000,0.400000,70.000000,0,PREGRASP_DESCENT_OR_CARRY,nan,nan,nan,nan,0.000000
-0.250000,0.400000,80.000000,0,PREGRASP_DESCENT_OR_CARRY,nan,nan,nan,nan,0.000000
-0.200000,0.400000,0.000000,1,NONE,0.080000,-0.040000,0.000000,2.000000,0.053980
-0.200000,0.400000,10.000000,1,NONE,0.080000,-0.040000,10.000000,2.000000,0.052479
-0.200000,0.400000,20.000000,1,NONE,0.080000,-0.040000,20.000000,2.000000,0.050623
-0.200000,0.400000,30.000000,1,NONE,0.080000,-0.040000,30.000000,2.000000,0.040481
-0.200000,0.400000,40.000000,1,NONE,0.080000,-0.040000,40.000000,2.000000,0.026540
-0.200000,0.400000,50.000000,1,NONE,0.080000,-0.040000,50.000000,2.000000,0.042242
-0.200000,0.400000,60.000000,1,NONE,0.080000,-0.040000,60.000000,2.000000,0.039953
-0.200000,0.400000,70.000000,1,NONE,0.080000,-0.040000,70.000000,2.000000,0.032959
-0.200000,0.400000,80.000000,1,NONE,0.080000,-0.040000,80.000000,2.000000,0.040943
-0.150000,0.400000,0.000000,1,NONE,0.080000,-0.040000,0.000000,2.000000,0.030383
-0.150000,0.400000,10.000000,1,NONE,0.080000,-0.040000,10.000000,-2.000000,0.035566
-0.150000,0.400000,20.000000,1,NONE,0.080000,-0.040000,20.000000,4.000000,0.042256
-0.150000,0.400000,30.000000,1,NONE,0.080000,-0.040000,30.000000,2.000000,0.031682
-0.150000,0.400000,40.000000,1,NONE,0.080000,-0.040000,40.000000,-2.000000,0.043750
-0.150000,0.400000,50.000000,1,NONE,0.080000,-0.040000,50.000000,2.000000,0.032349
-0.150000,0.400000,60.000000,1,NONE,0.080000,-0.040000,60.000000,2.000000,0.034438
-0.150000,0.400000,70.000000,1,NONE,0.080000,-0.040000,70.000000,-2.000000,0.031713
-0.150000,0.400000,80.000000,1,NONE,0.080000,-0.040000,80.000000,4.000000,0.042336
-0.100000,0.400000,0.000000,1,NONE,0.080000,-0.040000,0.000000,2.000000,0.041920
-0.100000,0.400000,10.000000,1,NONE,0.080000,-0.040000,10.000000,2.000000,0.029741
-0.100000,0.400000,20.000000,1,NONE,0.080000,-0.040000,20.000000,4.000000,0.051405
-0.100000,0.400000,30.000000,1,NONE,0.080000,-0.040000,30.000000,2.000000,0.030627
-0.100000,0.400000,40.000000,1,NONE,0.080000,-0.040000,40.000000,2.000000,0.052819
-0.100000,0.400000,50.000000,1,NONE,0.080000,-0.040000,50.000000,2.000000,0.052648
-0.100000,0.400000,60.000000,1,NONE,0.080000,-0.040000,60.000000,2.000000,0.031824
-0.100000,0.400000,70.000000,1,NONE,0.080000,-0.040000,70.000000,2.000000,0.033301
-0.100000,0.400000,80.000000,1,NONE,0.080000,-0.040000,80.000000,-2.000000,0.019973
-0.050000,0.400000,0.000000,1,NONE,0.080000,-0.040000,0.000000,4.000000,0.039658
-0.050000,0.400000,10.000000,1,NONE,0.080000,-0.040000,10.000000,2.000000,0.029205
-0.050000,0.400000,20.000000,1,NONE,0.080000,-0.040000,20.000000,4.000000,0.029604
-0.050000,0.400000,30.000000,1,NONE,0.080000,-0.040000,30.000000,-2.000000,0.029039
-0.050000,0.400000,40.000000,1,NONE,0.080000,-0.040000,40.000000,2.000000,0.050680
-0.050000,0.400000,50.000000,1,NONE,0.080000,-0.040000,50.000000,2.000000,0.028432
-0.050000,0.400000,60.000000,1,NONE,0.080000,-0.040000,60.000000,2.000000,0.042400
-0.050000,0.400000,70.000000,1,NONE,0.080000,-0.040000,70.000000,2.000000,0.040062
-0.050000,0.400000,80.000000,1,NONE,0.080000,-0.040000,80.000000,-4.000000,0.052910
0.000000,0.400000,0.000000,1,NONE,0.080000,-0.040000,0.000000,2.000000,0.029840
0.000000,0.400000,10.000000,1,NONE,0.080000,-0.040000,10.000000,2.000000,0.031579
0.000000,0.400000,20.000000,1,NONE,0.080000,-0.040000,20.000000,4.000000,0.028173
0.000000,0.400000,30.000000,1,NONE,0.080000,-0.040000,30.000000,4.000000,0.021653
0.000000,0.400000,40.000000,1,NONE,0.080000,-0.040000,40.000000,4.000000,0.031422
0.000000,0.400000,50.000000,1,NONE,0.080000,-0.040000,50.000000,-2.000000,0.031563
0.000000,0.400000,60.000000,1,NONE,0.080000,-0.040000,60.000000,2.000000,0.042594
0.000000,0.400000,70.000000,1,NONE,0.080000,-0.040000,70.000000,-2.000000,0.052459
0.000000,0.400000,80.000000,1,NONE,0.080000,-0.040000,170.000000,2.000000,0.042358
0.050000,0.400000,0.000000,1,NONE,0.080000,-0.040000,0.000000,2.000000,0.030875
0.050000,0.400000,10.000000,1,NONE,0.080000,-0.040000,10.000000,2.000000,0.040455
0.050000,0.400000,20.000000,1,NONE,0.080000,-0.040000,20.000000,2.000000,0.040780
0.050000,0.400000,30.000000,1,NONE,0.080000,-0.040000,30.000000,2.000000,0.043367
0.050000,0.400000,40.000000,1,NONE,0.080000,-0.040000,40.000000,2.000000,0.021668
0.050000,0.400000,50.000000,1,NONE,0.080000,-0.040000,140.000000,2.000000,0.039997
0.050000,0.400000,60.000000,1,NONE,0.080000,-0.040000,60.000000,-2.000000,0.022080
0.050000,0.400000,70.000000,1,NONE,0.080000,-0.040000,160.000000,2.000000,0.031353
0.050000,0.400000,80.000000,1,NONE,0.080000,-0.040000,170.000000,2.000000,0.030391
0.100000,0.400000,0.000000,1,NONE,0.080000,-0.040000,0.000000,2.000000,0.039564
0.100000,0.400000,10.000000,1,NONE,0.080000,-0.040000,10.000000,-2.000000,0.039691
0.100000,0.400000,20.000000,1,NONE,0.080000,-0.040000,20.000000,-4.000000,0.041589
0.100000,0.400000,30.000000,1,NONE,0.080000,-0.040000,30.000000,2.000000,0.031399
0.100000,0.400000,40.000000,1,NONE,0.080000,-0.040000,40.000000,2.000000,0.019368
0.100000,0.400000,50.000000,1,NONE,0.080000,-0.040000,140.000000,2.000000,0.050674
0.100000,0.400000,60.000000,1,NONE,0.080000,-0.040000,150.000000,2.000000,0.051028
0.100000,0.400000,70.000000,1,NONE,0.080000,-0.040000,160.000000,2.000000,0.038046
0.100000,0.400000,80.000000,1,NONE,0.080000,-0.040000,170.000000,2.000000,0.024137
0.150000,0.400000,0.000000,1,NONE,0.080000,-0.040000,0.000000,-2.000000,0.041729
0.150000,0.400000,10.000000,1,NONE,0.080000,-0.040000,100.000000,2.000000,0.022127
0.150000,0.400000,20.000000,1,NONE,0.080000,-0.040000,20.000000,-2.000000,0.031990
0.150000,0.400000,30.000000,1,NONE,0.080000,-0.040000,30.000000,-4.000000,0.053391
0.150000,0.400000,40.000000,1,NONE,0.080000,-0.040000,40.000000,2.000000,0.030716
0.150000,0.400000,50.000000,1,NONE,0.080000,-0.040000,50.000000,-4.000000,0.032927
0.150000,0.400000,60.000000,1,NONE,0.080000,-0.040000,150.000000,2.000000,0.020992
0.150000,0.400000,70.000000,1,NONE,0.080000,-0.040000,160.000000,2.000000,0.044489
0.150000,0.400000,80.000000,1,NONE,0.080000,-0.040000,170.000000,2.000000,0.040626
0.200000,0.400000,0.000000,1,NONE,0.080000,-0.040000,0.000000,2.000000,0.042004
0.200000,0.400000,10.000000,1,NONE,0.080000,-0.040000,10.000000,2.000000,0.032114
0.200000,0.400000,20.000000,1,NONE,0.080000,-0.040000,20.000000,2.000000,0.030415
0.200000,0.400000,30.000000,1,NONE,0.080000,-0.040000,30.000000,2.000000,0.032228
0.200000,0.400000,40.000000,1,NONE,0.080000,-0.040000,40.000000,2.000000,0.040000
0.200000,0.400000,50.000000,1,NONE,0.080000,-0.040000,140.000000,-2.000000,0.045433
0.200000,0.400000,60.000000,1,NONE,0.080000,-0.040000,150.000000,-2.000000,0.042660
0.200000,0.400000,70.000000,1,NONE,0.080000,-0.040000,160.000000,-2.000000,0.032428
0.200000,0.400000,80.000000,1,NONE,0.080000,-0.040000,170.000000,-2.000000,0.044739
0.250000,0.400000,0.000000,0,PREGRASP_DESCENT_OR_CARRY,nan,nan,nan,nan,0.000000
0.250000,0.400000,10.000000,0,PREGRASP_DESCENT_OR_CARRY,nan,nan,nan,nan,0.000000
0.250000,0.400000,20.000000,0,PREGRASP_DESCENT_OR_CARRY,nan,nan,nan,nan,0.000000
0.250000,0.400000,30.000000,0,PREGRASP_DESCENT_OR_CARRY,nan,nan,nan,nan,0.000000
0.250000,0.400000,40.000000,0,PREGRASP_DESCENT_OR_CARRY,nan,nan,nan,nan,0.000000
0.250000,0.400000,50.000000,0,PREGRASP_DESCENT_OR_CARRY,nan,nan,nan,nan,0.000000
0.250000,0.400000,60.000000,0,PREGRASP_DESCENT_OR_CARRY,nan,nan,nan,nan,0.000000
0.250000,0.400000,70.000000,0,PREGRASP_DESCENT_OR_CARRY,nan,nan,nan,nan,0.000000
0.250000,0.400000,80.000000,0,PREGRASP_DESCENT_OR_CARRY,nan,nan,nan,nan,0.000000
0.300000,0.400000,0.000000,0,PREGRASP_DESCENT_OR_CARRY,nan,nan,nan,nan,0.000000
0.300000,0.400000,10.000000,0,PREGRASP_DESCENT_OR_CARRY,nan,nan,nan,nan,0.000000
0.300000,0.400000,20.000000,0,PREGRASP_DESCENT_OR_CARRY,nan,nan,nan,nan,0.000000
0.300000,0.400000,30.000000,0,PREGRASP_DESCENT_OR_CARRY,nan,nan,nan,nan,0.000000
0.300000,0.400000,40.000000,0,PREGRASP_DESCENT_OR_CARRY,nan,nan,nan,nan,0.000000
0.300000,0.400000,50.000000,0,PREGRASP_DESCENT_OR_CARRY,nan,nan,nan,nan,0.000000
0.300000,0.400000,60.000000,0,PREGRASP_DESCENT_OR_CARRY,nan,nan,nan,nan,0.000000
0.300000,0.400000,70.000000,0,PREGRASP_DESCENT_OR_CARRY,nan,nan,nan,nan,0.000000
0.300000,0.400000,80.000000,0,PREGRASP_DESCENT_OR_CARRY,nan,nan,nan,nan,0.000000
0.350000,0.400000,0.000000,0,PREGRASP_DESCENT_OR_CARRY,nan,nan,nan,nan,0.000000
0.350000,0.400000,10.000000,0,PREGRASP_DESCENT_OR_CARRY,nan,nan,nan,nan,0.000000
0.350000,0.400000,20.000000,0,PREGRASP_DESCENT_OR_CARRY,nan,nan,nan,nan,0.000000
0.350000,0.400000,30.000000,0,PREGRASP_DESCENT_OR_CARRY,nan,nan,nan,nan,0.000000
0.350000,0.400000,40.000000,0,PREGRASP_DESCENT_OR_CARRY,nan,nan,nan,nan,0.000000
0.350000,0.400000,50.000000,0,PREGRASP_DESCENT_OR_CARRY,nan,nan,nan,nan,0.000000
0.350000,0.400000,60.000000,0,PREGRASP_DESCENT_OR_CARRY,nan,nan,nan,nan,0.000000
0.350000,0.400000,70.000000,0,PREGRASP_DESCENT_OR_CARRY,nan,nan,nan,nan,0.000000
0.350000,0.400000,80.000000,0,PREGRASP_DESCENT_OR_CARRY,nan,nan,nan,nan,0.000000
0.400000,0.400000,0.000000,0,PREGRASP_DESCENT_OR_CARRY,nan,nan,nan,nan,0.000000
0.400000,0.400000,10.000000,0,PREGRASP_DESCENT_OR_CARRY,nan,nan,nan,nan,0.000000
0.400000,0.400000,20.000000,0,PREGRASP_DESCENT_OR_CARRY,nan,nan,nan,nan,0.000000
0.400000,0.400000,30.000000,0,PREGRASP_DESCENT_OR_CARRY,nan,nan,nan,nan,0.000000
0.400000,0.400000,40.000000,0,PREGRASP_DESCENT_OR_CARRY,nan,nan,nan,nan,0.000000
0.400000,0.400000,50.000000,0,PREGRASP_DESCENT_OR_CARRY,nan,nan,nan,nan,0.000000
0.400000,0.400000,60.000000,0,PREGRASP_DESCENT_OR_CARRY,nan,nan,nan,nan,0.000000
0.400000,0.400000,70.000000,0,PREGRASP_DESCENT_OR_CARRY,nan,nan,nan,nan,0.000000
0.400000,0.400000,80.000000,0,PREGRASP_DESCENT_OR_CARRY,nan,nan,nan,nan,0.000000
0.450000,0.400000,0.000000,0,PLAN_TOP_OBSERVE,nan,nan,nan,nan,0.000000
0.450000,0.400000,10.000000,0,PLAN_TOP_OBSERVE,nan,nan,nan,nan,0.000000
0.450000,0.400000,20.000000,0,PLAN_TOP_OBSERVE,nan,nan,nan,nan,0.000000
0.450000,0.400000,30.000000,0,PLAN_TOP_OBSERVE,nan,nan,nan,nan,0.000000
0.450000,0.400000,40.000000,0,PLAN_TOP_OBSERVE,nan,nan,nan,nan,0.000000
0.450000,0.400000,50.000000,0,PLAN_TOP_OBSERVE,nan,nan,nan,nan,0.000000
0.450000,0.400000,60.000000,0,PLAN_TOP_OBSERVE,nan,nan,nan,nan,0.000000
0.450000,0.400000,70.000000,0,PLAN_TOP_OBSERVE,nan,nan,nan,nan,0.000000
0.450000,0.400000,80.000000,0,PLAN_TOP_OBSERVE,nan,nan,nan,nan,0.000000
0.500000,0.400000,0.000000,0,PLAN_TOP_OBSERVE,nan,nan,nan,nan,0.000000
0.500000,0.400000,10.000000,0,PLAN_TOP_OBSERVE,nan,nan,nan,nan,0.000000
0.500000,0.400000,20.000000,0,PLAN_TOP_OBSERVE,nan,nan,nan,nan,0.000000
0.500000,0.400000,30.000000,0,PLAN_TOP_OBSERVE,nan,nan,nan,nan,0.000000
0.500000,0.400000,40.000000,0,PLAN_TOP_OBSERVE,nan,nan,nan,nan,0.000000
0.500000,0.400000,50.000000,0,PLAN_TOP_OBSERVE,nan,nan,nan,nan,0.000000
0.500000,0.400000,60.000000,0,PLAN_TOP_OBSERVE,nan,nan,nan,nan,0.000000
0.500000,0.400000,70.000000,0,PLAN_TOP_OBSERVE,nan,nan,nan,nan,0.000000
0.500000,0.400000,80.000000,0,PLAN_TOP_OBSERVE,nan,nan,nan,nan,0.000000
0.550000,0.400000,0.000000,0,PLAN_TOP_OBSERVE,nan,nan,nan,nan,0.000000
0.550000,0.400000,10.000000,0,PLAN_TOP_OBSERVE,nan,nan,nan,nan,0.000000
0.550000,0.400000,20.000000,0,PLAN_TOP_OBSERVE,nan,nan,nan,nan,0.000000
0.550000,0.400000,30.000000,0,PLAN_TOP_OBSERVE,nan,nan,nan,nan,0.000000
0.550000,0.400000,40.000000,0,PLAN_TOP_OBSERVE,nan,nan,nan,nan,0.000000
0.550000,0.400000,50.000000,0,PLAN_TOP_OBSERVE,nan,nan,nan,nan,0.000000
0.550000,0.400000,60.000000,0,PLAN_TOP_OBSERVE,nan,nan,nan,nan,0.000000
0.550000,0.400000,70.000000,0,PLAN_TOP_OBSERVE,nan,nan,nan,nan,0.000000
0.550000,0.400000,80.000000,0,PLAN_TOP_OBSERVE,nan,nan,nan,nan,0.000000
0.600000,0.400000,0.000000,0,PLAN_TOP_OBSERVE,nan,nan,nan,nan,0.000000
0.600000,0.400000,10.000000,0,PLAN_TOP_OBSERVE,nan,nan,nan,nan,0.000000
0.600000,0.400000,20.000000,0,PLAN_TOP_OBSERVE,nan,nan,nan,nan,0.000000
0.600000,0.400000,30.000000,0,PLAN_TOP_OBSERVE,nan,nan,nan,nan,0.000000
0.600000,0.400000,40.000000,0,PLAN_TOP_OBSERVE,nan,nan,nan,nan,0.000000
0.600000,0.400000,50.000000,0,PLAN_TOP_OBSERVE,nan,nan,nan,nan,0.000000
0.600000,0.400000,60.000000,0,PLAN_TOP_OBSERVE,nan,nan,nan,nan,0.000000
0.600000,0.400000,70.000000,0,PLAN_TOP_OBSERVE,nan,nan,nan,nan,0.000000
0.600000,0.400000,80.000000,0,PLAN_TOP_OBSERVE,nan,nan,nan,nan,0.000000
0.650000,0.400000,0.000000,0,PLAN_TOP_OBSERVE,nan,nan,nan,nan,0.000000
0.650000,0.400000,10.000000,0,PLAN_TOP_OBSERVE,nan,nan,nan,nan,0.000000
0.650000,0.400000,20.000000,0,PLAN_TOP_OBSERVE,nan,nan,nan,nan,0.000000
0.650000,0.400000,30.000000,0,PLAN_TOP_OBSERVE,nan,nan,nan,nan,0.000000
0.650000,0.400000,40.000000,0,PLAN_TOP_OBSERVE,nan,nan,nan,nan,0.000000
0.650000,0.400000,50.000000,0,PLAN_TOP_OBSERVE,nan,nan,nan,nan,0.000000
0.650000,0.400000,60.000000,0,PLAN_TOP_OBSERVE,nan,nan,nan,nan,0.000000
0.650000,0.400000,70.000000,0,PLAN_TOP_OBSERVE,nan,nan,nan,nan,0.000000
0.650000,0.400000,80.000000,0,PLAN_TOP_OBSERVE,nan,nan,nan,nan,0.000000
0.700000,0.400000,0.000000,0,PLAN_TOP_OBSERVE,nan,nan,nan,nan,0.000000
0.700000,0.400000,10.000000,0,PLAN_TOP_OBSERVE,nan,nan,nan,nan,0.000000
0.700000,0.400000,20.000000,0,PLAN_TOP_OBSERVE,nan,nan,nan,nan,0.000000
0.700000,0.400000,30.000000,0,PLAN_TOP_OBSERVE,nan,nan,nan,nan,0.000000
0.700000,0.400000,40.000000,0,PLAN_TOP_OBSERVE,nan,nan,nan,nan,0.000000
0.700000,0.400000,50.000000,0,PLAN_TOP_OBSERVE,nan,nan,nan,nan,0.000000
0.700000,0.400000,60.000000,0,PLAN_TOP_OBSERVE,nan,nan,nan,nan,0.000000
0.700000,0.400000,70.000000,0,PLAN_TOP_OBSERVE,nan,nan,nan,nan,0.000000
0.700000,0.400000,80.000000,0,PLAN_TOP_OBSERVE,nan,nan,nan,nan,0.000000
-0.700000,0.450000,0.000000,0,PLAN_TOP_OBSERVE,nan,nan,nan,nan,0.000000
-0.700000,0.450000,10.000000,0,PLAN_TOP_OBSERVE,nan,nan,nan,nan,0.000000
-0.700000,0.450000,20.000000,0,PLAN_TOP_OBSERVE,nan,nan,nan,nan,0.000000
-0.700000,0.450000,30.000000,0,PLAN_TOP_OBSERVE,nan,nan,nan,nan,0.000000
-0.700000,0.450000,40.000000,0,PLAN_TOP_OBSERVE,nan,nan,nan,nan,0.000000
-0.700000,0.450000,50.000000,0,PLAN_TOP_OBSERVE,nan,nan,nan,nan,0.000000
-0.700000,0.450000,60.000000,0,PLAN_TOP_OBSERVE,nan,nan,nan,nan,0.000000
-0.700000,0.450000,70.000000,0,PLAN_TOP_OBSERVE,nan,nan,nan,nan,0.000000
-0.700000,0.450000,80.000000,0,PLAN_TOP_OBSERVE,nan,nan,nan,nan,0.000000
-0.650000,0.450000,0.000000,0,PLAN_TOP_OBSERVE,nan,nan,nan,nan,0.000000
-0.650000,0.450000,10.000000,0,PLAN_TOP_OBSERVE,nan,nan,nan,nan,0.000000
-0.650000,0.450000,20.000000,0,PLAN_TOP_OBSERVE,nan,nan,nan,nan,0.000000
-0.650000,0.450000,30.000000,0,PLAN_TOP_OBSERVE,nan,nan,nan,nan,0.000000
-0.650000,0.450000,40.000000,0,PLAN_TOP_OBSERVE,nan,nan,nan,nan,0.000000
-0.650000,0.450000,50.000000,0,PLAN_TOP_OBSERVE,nan,nan,nan,nan,0.000000
-0.650000,0.450000,60.000000,0,PLAN_TOP_OBSERVE,nan,nan,nan,nan,0.000000
-0.650000,0.450000,70.000000,0,PLAN_TOP_OBSERVE,nan,nan,nan,nan,0.000000
-0.650000,0.450000,80.000000,0,PLAN_TOP_OBSERVE,nan,nan,nan,nan,0.000000
-0.600000,0.450000,0.000000,0,PLAN_TOP_OBSERVE,nan,nan,nan,nan,0.000000
-0.600000,0.450000,10.000000,0,PLAN_TOP_OBSERVE,nan,nan,nan,nan,0.000000
-0.600000,0.450000,20.000000,0,PLAN_TOP_OBSERVE,nan,nan,nan,nan,0.000000
-0.600000,0.450000,30.000000,0,PLAN_TOP_OBSERVE,nan,nan,nan,nan,0.000000
-0.600000,0.450000,40.000000,0,PLAN_TOP_OBSERVE,nan,nan,nan,nan,0.000000
-0.600000,0.450000,50.000000,0,PLAN_TOP_OBSERVE,nan,nan,nan,nan,0.000000
-0.600000,0.450000,60.000000,0,PLAN_TOP_OBSERVE,nan,nan,nan,nan,0.000000
-0.600000,0.450000,70.000000,0,PLAN_TOP_OBSERVE,nan,nan,nan,nan,0.000000
-0.600000,0.450000,80.000000,0,PLAN_TOP_OBSERVE,nan,nan,nan,nan,0.000000
-0.550000,0.450000,0.000000,0,PLAN_TOP_OBSERVE,nan,nan,nan,nan,0.000000
-0.550000,0.450000,10.000000,0,PLAN_TOP_OBSERVE,nan,nan,nan,nan,0.000000
-0.550000,0.450000,20.000000,0,PLAN_TOP_OBSERVE,nan,nan,nan,nan,0.000000
-0.550000,0.450000,30.000000,0,PLAN_TOP_OBSERVE,nan,nan,nan,nan,0.000000
-0.550000,0.450000,40.000000,0,PLAN_TOP_OBSERVE,nan,nan,nan,nan,0.000000
-0.550000,0.450000,50.000000,0,PLAN_TOP_OBSERVE,nan,nan,nan,nan,0.000000
-0.550000,0.450000,60.000000,0,PLAN_TOP_OBSERVE,nan,nan,nan,nan,0.000000
-0.550000,0.450000,70.000000,0,PLAN_TOP_OBSERVE,nan,nan,nan,nan,0.000000
-0.550000,0.450000,80.000000,0,PLAN_TOP_OBSERVE,nan,nan,nan,nan,0.000000
-0.500000,0.450000,0.000000,0,PLAN_TOP_OBSERVE,nan,nan,nan,nan,0.000000
-0.500000,0.450000,10.000000,0,PLAN_TOP_OBSERVE,nan,nan,nan,nan,0.000000
-0.500000,0.450000,20.000000,0,PLAN_TOP_OBSERVE,nan,nan,nan,nan,0.000000
-0.500000,0.450000,30.000000,0,PLAN_TOP_OBSERVE,nan,nan,nan,nan,0.000000
-0.500000,0.450000,40.000000,0,PLAN_TOP_OBSERVE,nan,nan,nan,nan,0.000000
-0.500000,0.450000,50.000000,0,PLAN_TOP_OBSERVE,nan,nan,nan,nan,0.000000
-0.500000,0.450000,60.000000,0,PLAN_TOP_OBSERVE,nan,nan,nan,nan,0.000000
-0.500000,0.450000,70.000000,0,PLAN_TOP_OBSERVE,nan,nan,nan,nan,0.000000
-0.500000,0.450000,80.000000,0,PLAN_TOP_OBSERVE,nan,nan,nan,nan,0.000000
-0.450000,0.450000,0.000000,0,PLAN_TOP_OBSERVE,nan,nan,nan,nan,0.000000
-0.450000,0.450000,10.000000,0,PLAN_TOP_OBSERVE,nan,nan,nan,nan,0.000000
-0.450000,0.450000,20.000000,0,PLAN_TOP_OBSERVE,nan,nan,nan,nan,0.000000
-0.450000,0.450000,30.000000,0,PLAN_TOP_OBSERVE,nan,nan,nan,nan,0.000000
-0.450000,0.450000,40.000000,0,PLAN_TOP_OBSERVE,nan,nan,nan,nan,0.000000
-0.450000,0.450000,50.000000,0,PLAN_TOP_OBSERVE,nan,nan,nan,nan,0.000000
-0.450000,0.450000,60.000000,0,PLAN_TOP_OBSERVE,nan,nan,nan,nan,0.000000
-0.450000,0.450000,70.000000,0,PLAN_TOP_OBSERVE,nan,nan,nan,nan,0.000000
-0.450000,0.450000,80.000000,0,PLAN_TOP_OBSERVE,nan,nan,nan,nan,0.000000
-0.400000,0.450000,0.000000,0,PLAN_TOP_OBSERVE,nan,nan,nan,nan,0.000000
-0.400000,0.450000,10.000000,0,PLAN_TOP_OBSERVE,nan,nan,nan,nan,0.000000
-0.400000,0.450000,20.000000,0,PLAN_TOP_OBSERVE,nan,nan,nan,nan,0.000000
-0.400000,0.450000,30.000000,0,PLAN_TOP_OBSERVE,nan,nan,nan,nan,0.000000
-0.400000,0.450000,40.000000,0,PLAN_TOP_OBSERVE,nan,nan,nan,nan,0.000000
-0.400000,0.450000,50.000000,0,PLAN_TOP_OBSERVE,nan,nan,nan,nan,0.000000
-0.400000,0.450000,60.000000,0,PLAN_TOP_OBSERVE,nan,nan,nan,nan,0.000000
-0.400000,0.450000,70.000000,0,PLAN_TOP_OBSERVE,nan,nan,nan,nan,0.000000
-0.400000,0.450000,80.000000,0,PLAN_TOP_OBSERVE,nan,nan,nan,nan,0.000000
-0.350000,0.450000,0.000000,0,PREGRASP_DESCENT_OR_CARRY,nan,nan,nan,nan,0.000000
-0.350000,0.450000,10.000000,0,PREGRASP_DESCENT_OR_CARRY,nan,nan,nan,nan,0.000000
-0.350000,0.450000,20.000000,0,PREGRASP_DESCENT_OR_CARRY,nan,nan,nan,nan,0.000000
-0.350000,0.450000,30.000000,0,PREGRASP_DESCENT_OR_CARRY,nan,nan,nan,nan,0.000000
-0.350000,0.450000,40.000000,0,PREGRASP_DESCENT_OR_CARRY,nan,nan,nan,nan,0.000000
-0.350000,0.450000,50.000000,0,PREGRASP_DESCENT_OR_CARRY,nan,nan,nan,nan,0.000000
-0.350000,0.450000,60.000000,0,PREGRASP_DESCENT_OR_CARRY,nan,nan,nan,nan,0.000000
-0.350000,0.450000,70.000000,0,PREGRASP_DESCENT_OR_CARRY,nan,nan,nan,nan,0.000000
-0.350000,0.450000,80.000000,0,PREGRASP_DESCENT_OR_CARRY,nan,nan,nan,nan,0.000000
-0.300000,0.450000,0.000000,0,PREGRASP_DESCENT_OR_CARRY,nan,nan,nan,nan,0.000000
-0.300000,0.450000,10.000000,0,PREGRASP_DESCENT_OR_CARRY,nan,nan,nan,nan,0.000000
-0.300000,0.450000,20.000000,0,PREGRASP_DESCENT_OR_CARRY,nan,nan,nan,nan,0.000000
-0.300000,0.450000,30.000000,0,PREGRASP_DESCENT_OR_CARRY,nan,nan,nan,nan,0.000000
-0.300000,0.450000,40.000000,0,PREGRASP_DESCENT_OR_CARRY,nan,nan,nan,nan,0.000000
-0.300000,0.450000,50.000000,0,PREGRASP_DESCENT_OR_CARRY,nan,nan,nan,nan,0.000000
-0.300000,0.450000,60.000000,0,PREGRASP_DESCENT_OR_CARRY,nan,nan,nan,nan,0.000000
-0.300000,0.450000,70.000000,0,PREGRASP_DESCENT_OR_CARRY,nan,nan,nan,nan,0.000000
-0.300000,0.450000,80.000000,0,PREGRASP_DESCENT_OR_CARRY,nan,nan,nan,nan,0.000000
-0.250000,0.450000,0.000000,0,PREGRASP_DESCENT_OR_CARRY,nan,nan,nan,nan,0.000000
-0.250000,0.450000,10.000000,0,PREGRASP_DESCENT_OR_CARRY,nan,nan,nan,nan,0.000000
-0.250000,0.450000,20.000000,0,PREGRASP_DESCENT_OR_CARRY,nan,nan,nan,nan,0.000000
-0.250000,0.450000,30.000000,0,PREGRASP_DESCENT_OR_CARRY,nan,nan,nan,nan,0.000000
-0.250000,0.450000,40.000000,0,PREGRASP_DESCENT_OR_CARRY,nan,nan,nan,nan,0.000000
-0.250000,0.450000,50.000000,0,PREGRASP_DESCENT_OR_CARRY,nan,nan,nan,nan,0.000000
-0.250000,0.450000,60.000000,0,PREGRASP_DESCENT_OR_CARRY,nan,nan,nan,nan,0.000000
-0.250000,0.450000,70.000000,0,PREGRASP_DESCENT_OR_CARRY,nan,nan,nan,nan,0.000000
-0.250000,0.450000,80.000000,0,PREGRASP_DESCENT_OR_CARRY,nan,nan,nan,nan,0.000000
-0.200000,0.450000,0.000000,0,PREGRASP_DESCENT_OR_CARRY,nan,nan,nan,nan,0.000000
-0.200000,0.450000,10.000000,0,PREGRASP_DESCENT_OR_CARRY,nan,nan,nan,nan,0.000000
-0.200000,0.450000,20.000000,0,PREGRASP_DESCENT_OR_CARRY,nan,nan,nan,nan,0.000000
-0.200000,0.450000,30.000000,0,PREGRASP_DESCENT_OR_CARRY,nan,nan,nan,nan,0.000000
-0.200000,0.450000,40.000000,0,PREGRASP_DESCENT_OR_CARRY,nan,nan,nan,nan,0.000000
-0.200000,0.450000,50.000000,0,PREGRASP_DESCENT_OR_CARRY,nan,nan,nan,nan,0.000000
-0.200000,0.450000,60.000000,0,PREGRASP_DESCENT_OR_CARRY,nan,nan,nan,nan,0.000000
-0.200000,0.450000,70.000000,0,PREGRASP_DESCENT_OR_CARRY,nan,nan,nan,nan,0.000000
-0.200000,0.450000,80.000000,0,PREGRASP_DESCENT_OR_CARRY,nan,nan,nan,nan,0.000000
-0.150000,0.450000,0.000000,0,PREGRASP_DESCENT_OR_CARRY,nan,nan,nan,nan,0.000000
-0.150000,0.450000,10.000000,0,PREGRASP_DESCENT_OR_CARRY,nan,nan,nan,nan,0.000000
-0.150000,0.450000,20.000000,0,PREGRASP_DESCENT_OR_CARRY,nan,nan,nan,nan,0.000000
-0.150000,0.450000,30.000000,0,PREGRASP_DESCENT_OR_CARRY,nan,nan,nan,nan,0.000000
-0.150000,0.450000,40.000000,0,PREGRASP_DESCENT_OR_CARRY,nan,nan,nan,nan,0.000000
-0.150000,0.450000,50.000000,0,PREGRASP_DESCENT_OR_CARRY,nan,nan,nan,nan,0.000000
-0.150000,0.450000,60.000000,0,PREGRASP_DESCENT_OR_CARRY,nan,nan,nan,nan,0.000000
-0.150000,0.450000,70.000000,0,PREGRASP_DESCENT_OR_CARRY,nan,nan,nan,nan,0.000000
-0.150000,0.450000,80.000000,0,PREGRASP_DESCENT_OR_CARRY,nan,nan,nan,nan,0.000000
-0.100000,0.450000,0.000000,1,NONE,0.080000,-0.032000,0.000000,4.000000,0.039747
-0.100000,0.450000,10.000000,1,NONE,0.080000,-0.032000,10.000000,4.000000,0.022044
-0.100000,0.450000,20.000000,1,NONE,0.080000,-0.032000,20.000000,4.000000,0.033152
-0.100000,0.450000,30.000000,1,NONE,0.080000,-0.032000,30.000000,4.000000,0.021868
-0.100000,0.450000,40.000000,1,NONE,0.080000,-0.032000,40.000000,4.000000,0.021502
-0.100000,0.450000,50.000000,1,NONE,0.080000,-0.024000,50.000000,4.000000,0.050347
-0.100000,0.450000,60.000000,1,NONE,0.080000,-0.024000,60.000000,4.000000,0.023387
-0.100000,0.450000,70.000000,1,NONE,0.080000,-0.024000,160.000000,-4.000000,0.031612
-0.100000,0.450000,80.000000,1,NONE,0.080000,-0.032000,170.000000,-4.000000,0.022768
-0.050000,0.450000,0.000000,1,NONE,0.080000,-0.032000,0.000000,2.000000,0.032966
-0.050000,0.450000,10.000000,1,NONE,0.080000,-0.032000,10.000000,2.000000,0.022474
-0.050000,0.450000,20.000000,1,NONE,0.080000,-0.032000,20.000000,2.000000,0.030210
-0.050000,0.450000,30.000000,1,NONE,0.080000,-0.024000,-60.000000,2.000000,0.034253
-0.050000,0.450000,40.000000,1,NONE,0.080000,-0.032000,130.000000,-2.000000,0.029711
-0.050000,0.450000,50.000000,1,NONE,0.080000,-0.032000,140.000000,-2.000000,0.021073
-0.050000,0.450000,60.000000,1,NONE,0.080000,-0.032000,60.000000,2.000000,0.028488
-0.050000,0.450000,70.000000,1,NONE,0.080000,-0.024000,70.000000,2.000000,0.032375
-0.050000,0.450000,80.000000,1,NONE,0.080000,-0.032000,170.000000,-2.000000,0.033070
0.000000,0.450000,0.000000,1,NONE,0.080000,-0.040000,0.000000,2.000000,0.031146
0.000000,0.450000,10.000000,1,NONE,0.080000,-0.024000,-80.000000,2.000000,0.029689
0.000000,0.450000,20.000000,1,NONE,0.080000,-0.040000,20.000000,2.000000,0.030763
0.000000,0.450000,30.000000,1,NONE,0.080000,-0.032000,120.000000,-2.000000,0.041092
0.000000,0.450000,40.000000,1,NONE,0.080000,-0.040000,40.000000,4.000000,0.031237
0.000000,0.450000,50.000000,1,NONE,0.080000,-0.032000,50.000000,2.000000,0.054291
0.000000,0.450000,60.000000,1,NONE,0.080000,-0.040000,150.000000,-2.000000,0.051542
0.000000,0.450000,70.000000,1,NONE,0.080000,-0.040000,160.000000,-2.000000,0.031636
0.000000,0.450000,80.000000,1,NONE,0.080000,-0.040000,170.000000,-2.000000,0.032426
0.050000,0.450000,0.000000,1,NONE,0.080000,-0.032000,0.000000,2.000000,0.028755
0.050000,0.450000,10.000000,1,NONE,0.080000,-0.032000,10.000000,2.000000,0.028208
0.050000,0.450000,20.000000,1,NONE,0.080000,-0.032000,20.000000,2.000000,0.032468
0.050000,0.450000,30.000000,1,NONE,0.080000,-0.032000,30.000000,2.000000,0.031967
0.050000,0.450000,40.000000,1,NONE,0.080000,-0.032000,40.000000,2.000000,0.032281
0.050000,0.450000,50.000000,1,NONE,0.080000,-0.032000,50.000000,2.000000,0.033248
0.050000,0.450000,60.000000,1,NONE,0.080000,-0.024000,60.000000,2.000000,0.031229
0.050000,0.450000,70.000000,1,NONE,0.080000,-0.032000,160.000000,-2.000000,0.033909
0.050000,0.450000,80.000000,1,NONE,0.080000,-0.032000,170.000000,-2.000000,0.030271
0.100000,0.450000,0.000000,1,NONE,0.080000,-0.032000,0.000000,4.000000,0.031916
0.100000,0.450000,10.000000,1,NONE,0.080000,-0.032000,-170.000000,-4.000000,0.052264
0.100000,0.450000,20.000000,1,NONE,0.080000,-0.024000,20.000000,4.000000,0.040039
0.100000,0.450000,30.000000,1,NONE,0.080000,-0.024000,30.000000,4.000000,0.030460
0.100000,0.450000,40.000000,1,NONE,0.080000,-0.024000,130.000000,-4.000000,0.031165
0.100000,0.450000,50.000000,1,NONE,0.080000,-0.032000,140.000000,-4.000000,0.020559
0.100000,0.450000,60.000000,1,NONE,0.080000,-0.032000,150.000000,-4.000000,0.020787
0.100000,0.450000,70.000000,1,NONE,0.080000,-0.032000,160.000000,-4.000000,0.010716
0.100000,0.450000,80.000000,1,NONE,0.080000,-0.032000,170.000000,-4.000000,0.032658
0.150000,0.450000,0.000000,0,PREGRASP_DESCENT_OR_CARRY,nan,nan,nan,nan,0.000000
0.150000,0.450000,10.000000,0,PREGRASP_DESCENT_OR_CARRY,nan,nan,nan,nan,0.000000
0.150000,0.450000,20.000000,0,PREGRASP_DESCENT_OR_CARRY,nan,nan,nan,nan,0.000000
0.150000,0.450000,30.000000,0,PREGRASP_DESCENT_OR_CARRY,nan,nan,nan,nan,0.000000
0.150000,0.450000,40.000000,0,PREGRASP_DESCENT_OR_CARRY,nan,nan,nan,nan,0.000000
0.150000,0.450000,50.000000,0,PREGRASP_DESCENT_OR_CARRY,nan,nan,nan,nan,0.000000
0.150000,0.450000,60.000000,0,PREGRASP_DESCENT_OR_CARRY,nan,nan,nan,nan,0.000000
0.150000,0.450000,70.000000,0,PREGRASP_DESCENT_OR_CARRY,nan,nan,nan,nan,0.000000
0.150000,0.450000,80.000000,0,PREGRASP_DESCENT_OR_CARRY,nan,nan,nan,nan,0.000000
0.200000,0.450000,0.000000,0,PREGRASP_DESCENT_OR_CARRY,nan,nan,nan,nan,0.000000
0.200000,0.450000,10.000000,0,PREGRASP_DESCENT_OR_CARRY,nan,nan,nan,nan,0.000000
0.200000,0.450000,20.000000,0,PREGRASP_DESCENT_OR_CARRY,nan,nan,nan,nan,0.000000
0.200000,0.450000,30.000000,0,PREGRASP_DESCENT_OR_CARRY,nan,nan,nan,nan,0.000000
0.200000,0.450000,40.000000,0,PREGRASP_DESCENT_OR_CARRY,nan,nan,nan,nan,0.000000
0.200000,0.450000,50.000000,0,PREGRASP_DESCENT_OR_CARRY,nan,nan,nan,nan,0.000000
0.200000,0.450000,60.000000,0,PREGRASP_DESCENT_OR_CARRY,nan,nan,nan,nan,0.000000
0.200000,0.450000,70.000000,0,PREGRASP_DESCENT_OR_CARRY,nan,nan,nan,nan,0.000000
0.200000,0.450000,80.000000,0,PREGRASP_DESCENT_OR_CARRY,nan,nan,nan,nan,0.000000
0.250000,0.450000,0.000000,0,PREGRASP_DESCENT_OR_CARRY,nan,nan,nan,nan,0.000000
0.250000,0.450000,10.000000,0,PREGRASP_DESCENT_OR_CARRY,nan,nan,nan,nan,0.000000
0.250000,0.450000,20.000000,0,PREGRASP_DESCENT_OR_CARRY,nan,nan,nan,nan,0.000000
0.250000,0.450000,30.000000,0,PREGRASP_DESCENT_OR_CARRY,nan,nan,nan,nan,0.000000
0.250000,0.450000,40.000000,0,PREGRASP_DESCENT_OR_CARRY,nan,nan,nan,nan,0.000000
0.250000,0.450000,50.000000,0,PREGRASP_DESCENT_OR_CARRY,nan,nan,nan,nan,0.000000
0.250000,0.450000,60.000000,0,PREGRASP_DESCENT_OR_CARRY,nan,nan,nan,nan,0.000000
0.250000,0.450000,70.000000,0,PREGRASP_DESCENT_OR_CARRY,nan,nan,nan,nan,0.000000
0.250000,0.450000,80.000000,0,PREGRASP_DESCENT_OR_CARRY,nan,nan,nan,nan,0.000000
0.300000,0.450000,0.000000,0,PREGRASP_DESCENT_OR_CARRY,nan,nan,nan,nan,0.000000
0.300000,0.450000,10.000000,0,PREGRASP_DESCENT_OR_CARRY,nan,nan,nan,nan,0.000000
0.300000,0.450000,20.000000,0,PREGRASP_DESCENT_OR_CARRY,nan,nan,nan,nan,0.000000
0.300000,0.450000,30.000000,0,PREGRASP_DESCENT_OR_CARRY,nan,nan,nan,nan,0.000000
0.300000,0.450000,40.000000,0,PREGRASP_DESCENT_OR_CARRY,nan,nan,nan,nan,0.000000
0.300000,0.450000,50.000000,0,PREGRASP_DESCENT_OR_CARRY,nan,nan,nan,nan,0.000000
0.300000,0.450000,60.000000,0,PREGRASP_DESCENT_OR_CARRY,nan,nan,nan,nan,0.000000
0.300000,0.450000,70.000000,0,PREGRASP_DESCENT_OR_CARRY,nan,nan,nan,nan,0.000000
0.300000,0.450000,80.000000,0,PREGRASP_DESCENT_OR_CARRY,nan,nan,nan,nan,0.000000
0.350000,0.450000,0.000000,0,PREGRASP_DESCENT_OR_CARRY,nan,nan,nan,nan,0.000000
0.350000,0.450000,10.000000,0,PREGRASP_DESCENT_OR_CARRY,nan,nan,nan,nan,0.000000
0.350000,0.450000,20.000000,0,PREGRASP_DESCENT_OR_CARRY,nan,nan,nan,nan,0.000000
0.350000,0.450000,30.000000,0,PREGRASP_DESCENT_OR_CARRY,nan,nan,nan,nan,0.000000
0.350000,0.450000,40.000000,0,PREGRASP_DESCENT_OR_CARRY,nan,nan,nan,nan,0.000000
0.350000,0.450000,50.000000,0,PREGRASP_DESCENT_OR_CARRY,nan,nan,nan,nan,0.000000
0.350000,0.450000,60.000000,0,PREGRASP_DESCENT_OR_CARRY,nan,nan,nan,nan,0.000000
0.350000,0.450000,70.000000,0,PREGRASP_DESCENT_OR_CARRY,nan,nan,nan,nan,0.000000
0.350000,0.450000,80.000000,0,PREGRASP_DESCENT_OR_CARRY,nan,nan,nan,nan,0.000000
0.400000,0.450000,0.000000,0,PLAN_TOP_OBSERVE,nan,nan,nan,nan,0.000000
0.400000,0.450000,10.000000,0,PLAN_TOP_OBSERVE,nan,nan,nan,nan,0.000000
0.400000,0.450000,20.000000,0,PLAN_TOP_OBSERVE,nan,nan,nan,nan,0.000000
0.400000,0.450000,30.000000,0,PLAN_TOP_OBSERVE,nan,nan,nan,nan,0.000000
0.400000,0.450000,40.000000,0,PLAN_TOP_OBSERVE,nan,nan,nan,nan,0.000000
0.400000,0.450000,50.000000,0,PLAN_TOP_OBSERVE,nan,nan,nan,nan,0.000000
0.400000,0.450000,60.000000,0,PLAN_TOP_OBSERVE,nan,nan,nan,nan,0.000000
0.400000,0.450000,70.000000,0,PLAN_TOP_OBSERVE,nan,nan,nan,nan,0.000000
0.400000,0.450000,80.000000,0,PLAN_TOP_OBSERVE,nan,nan,nan,nan,0.000000
0.450000,0.450000,0.000000,0,PLAN_TOP_OBSERVE,nan,nan,nan,nan,0.000000
0.450000,0.450000,10.000000,0,PLAN_TOP_OBSERVE,nan,nan,nan,nan,0.000000
0.450000,0.450000,20.000000,0,PLAN_TOP_OBSERVE,nan,nan,nan,nan,0.000000
0.450000,0.450000,30.000000,0,PLAN_TOP_OBSERVE,nan,nan,nan,nan,0.000000
0.450000,0.450000,40.000000,0,PLAN_TOP_OBSERVE,nan,nan,nan,nan,0.000000
0.450000,0.450000,50.000000,0,PLAN_TOP_OBSERVE,nan,nan,nan,nan,0.000000
0.450000,0.450000,60.000000,0,PLAN_TOP_OBSERVE,nan,nan,nan,nan,0.000000
0.450000,0.450000,70.000000,0,PLAN_TOP_OBSERVE,nan,nan,nan,nan,0.000000
0.450000,0.450000,80.000000,0,PLAN_TOP_OBSERVE,nan,nan,nan,nan,0.000000
0.500000,0.450000,0.000000,0,PLAN_TOP_OBSERVE,nan,nan,nan,nan,0.000000
0.500000,0.450000,10.000000,0,PLAN_TOP_OBSERVE,nan,nan,nan,nan,0.000000
0.500000,0.450000,20.000000,0,PLAN_TOP_OBSERVE,nan,nan,nan,nan,0.000000
0.500000,0.450000,30.000000,0,PLAN_TOP_OBSERVE,nan,nan,nan,nan,0.000000
0.500000,0.450000,40.000000,0,PLAN_TOP_OBSERVE,nan,nan,nan,nan,0.000000
0.500000,0.450000,50.000000,0,PLAN_TOP_OBSERVE,nan,nan,nan,nan,0.000000
0.500000,0.450000,60.000000,0,PLAN_TOP_OBSERVE,nan,nan,nan,nan,0.000000
0.500000,0.450000,70.000000,0,PLAN_TOP_OBSERVE,nan,nan,nan,nan,0.000000
0.500000,0.450000,80.000000,0,PLAN_TOP_OBSERVE,nan,nan,nan,nan,0.000000
0.550000,0.450000,0.000000,0,PLAN_TOP_OBSERVE,nan,nan,nan,nan,0.000000
0.550000,0.450000,10.000000,0,PLAN_TOP_OBSERVE,nan,nan,nan,nan,0.000000
0.550000,0.450000,20.000000,0,PLAN_TOP_OBSERVE,nan,nan,nan,nan,0.000000
0.550000,0.450000,30.000000,0,PLAN_TOP_OBSERVE,nan,nan,nan,nan,0.000000
0.550000,0.450000,40.000000,0,PLAN_TOP_OBSERVE,nan,nan,nan,nan,0.000000
0.550000,0.450000,50.000000,0,PLAN_TOP_OBSERVE,nan,nan,nan,nan,0.000000
0.550000,0.450000,60.000000,0,PLAN_TOP_OBSERVE,nan,nan,nan,nan,0.000000
0.550000,0.450000,70.000000,0,PLAN_TOP_OBSERVE,nan,nan,nan,nan,0.000000
0.550000,0.450000,80.000000,0,PLAN_TOP_OBSERVE,nan,nan,nan,nan,0.000000
0.600000,0.450000,0.000000,0,PLAN_TOP_OBSERVE,nan,nan,nan,nan,0.000000
0.600000,0.450000,10.000000,0,PLAN_TOP_OBSERVE,nan,nan,nan,nan,0.000000
0.600000,0.450000,20.000000,0,PLAN_TOP_OBSERVE,nan,nan,nan,nan,0.000000
0.600000,0.450000,30.000000,0,PLAN_TOP_OBSERVE,nan,nan,nan,nan,0.000000
0.600000,0.450000,40.000000,0,PLAN_TOP_OBSERVE,nan,nan,nan,nan,0.000000
0.600000,0.450000,50.000000,0,PLAN_TOP_OBSERVE,nan,nan,nan,nan,0.000000
0.600000,0.450000,60.000000,0,PLAN_TOP_OBSERVE,nan,nan,nan,nan,0.000000
0.600000,0.450000,70.000000,0,PLAN_TOP_OBSERVE,nan,nan,nan,nan,0.000000
0.600000,0.450000,80.000000,0,PLAN_TOP_OBSERVE,nan,nan,nan,nan,0.000000
0.650000,0.450000,0.000000,0,PLAN_TOP_OBSERVE,nan,nan,nan,nan,0.000000
0.650000,0.450000,10.000000,0,PLAN_TOP_OBSERVE,nan,nan,nan,nan,0.000000
0.650000,0.450000,20.000000,0,PLAN_TOP_OBSERVE,nan,nan,nan,nan,0.000000
0.650000,0.450000,30.000000,0,PLAN_TOP_OBSERVE,nan,nan,nan,nan,0.000000
0.650000,0.450000,40.000000,0,PLAN_TOP_OBSERVE,nan,nan,nan,nan,0.000000
0.650000,0.450000,50.000000,0,PLAN_TOP_OBSERVE,nan,nan,nan,nan,0.000000
0.650000,0.450000,60.000000,0,PLAN_TOP_OBSERVE,nan,nan,nan,nan,0.000000
0.650000,0.450000,70.000000,0,PLAN_TOP_OBSERVE,nan,nan,nan,nan,0.000000
0.650000,0.450000,80.000000,0,PLAN_TOP_OBSERVE,nan,nan,nan,nan,0.000000
0.700000,0.450000,0.000000,0,PLAN_TOP_OBSERVE,nan,nan,nan,nan,0.000000
0.700000,0.450000,10.000000,0,PLAN_TOP_OBSERVE,nan,nan,nan,nan,0.000000
0.700000,0.450000,20.000000,0,PLAN_TOP_OBSERVE,nan,nan,nan,nan,0.000000
0.700000,0.450000,30.000000,0,PLAN_TOP_OBSERVE,nan,nan,nan,nan,0.000000
0.700000,0.450000,40.000000,0,PLAN_TOP_OBSERVE,nan,nan,nan,nan,0.000000
0.700000,0.450000,50.000000,0,PLAN_TOP_OBSERVE,nan,nan,nan,nan,0.000000
0.700000,0.450000,60.000000,0,PLAN_TOP_OBSERVE,nan,nan,nan,nan,0.000000
0.700000,0.450000,70.000000,0,PLAN_TOP_OBSERVE,nan,nan,nan,nan,0.000000
0.700000,0.450000,80.000000,0,PLAN_TOP_OBSERVE,nan,nan,nan,nan,0.000000
-0.700000,0.500000,0.000000,0,PLAN_TOP_OBSERVE,nan,nan,nan,nan,0.000000
-0.700000,0.500000,10.000000,0,PLAN_TOP_OBSERVE,nan,nan,nan,nan,0.000000
-0.700000,0.500000,20.000000,0,PLAN_TOP_OBSERVE,nan,nan,nan,nan,0.000000
-0.700000,0.500000,30.000000,0,PLAN_TOP_OBSERVE,nan,nan,nan,nan,0.000000
-0.700000,0.500000,40.000000,0,PLAN_TOP_OBSERVE,nan,nan,nan,nan,0.000000
-0.700000,0.500000,50.000000,0,PLAN_TOP_OBSERVE,nan,nan,nan,nan,0.000000
-0.700000,0.500000,60.000000,0,PLAN_TOP_OBSERVE,nan,nan,nan,nan,0.000000
-0.700000,0.500000,70.000000,0,PLAN_TOP_OBSERVE,nan,nan,nan,nan,0.000000
-0.700000,0.500000,80.000000,0,PLAN_TOP_OBSERVE,nan,nan,nan,nan,0.000000
-0.650000,0.500000,0.000000,0,PLAN_TOP_OBSERVE,nan,nan,nan,nan,0.000000
-0.650000,0.500000,10.000000,0,PLAN_TOP_OBSERVE,nan,nan,nan,nan,0.000000
-0.650000,0.500000,20.000000,0,PLAN_TOP_OBSERVE,nan,nan,nan,nan,0.000000
-0.650000,0.500000,30.000000,0,PLAN_TOP_OBSERVE,nan,nan,nan,nan,0.000000
-0.650000,0.500000,40.000000,0,PLAN_TOP_OBSERVE,nan,nan,nan,nan,0.000000
-0.650000,0.500000,50.000000,0,PLAN_TOP_OBSERVE,nan,nan,nan,nan,0.000000
-0.650000,0.500000,60.000000,0,PLAN_TOP_OBSERVE,nan,nan,nan,nan,0.000000
-0.650000,0.500000,70.000000,0,PLAN_TOP_OBSERVE,nan,nan,nan,nan,0.000000
-0.650000,0.500000,80.000000,0,PLAN_TOP_OBSERVE,nan,nan,nan,nan,0.000000
-0.600000,0.500000,0.000000,0,PLAN_TOP_OBSERVE,nan,nan,nan,nan,0.000000
-0.600000,0.500000,10.000000,0,PLAN_TOP_OBSERVE,nan,nan,nan,nan,0.000000
-0.600000,0.500000,20.000000,0,PLAN_TOP_OBSERVE,nan,nan,nan,nan,0.000000
-0.600000,0.500000,30.000000,0,PLAN_TOP_OBSERVE,nan,nan,nan,nan,0.000000
-0.600000,0.500000,40.000000,0,PLAN_TOP_OBSERVE,nan,nan,nan,nan,0.000000
-0.600000,0.500000,50.000000,0,PLAN_TOP_OBSERVE,nan,nan,nan,nan,0.000000
-0.600000,0.500000,60.000000,0,PLAN_TOP_OBSERVE,nan,nan,nan,nan,0.000000
-0.600000,0.500000,70.000000,0,PLAN_TOP_OBSERVE,nan,nan,nan,nan,0.000000
-0.600000,0.500000,80.000000,0,PLAN_TOP_OBSERVE,nan,nan,nan,nan,0.000000
-0.550000,0.500000,0.000000,0,PLAN_TOP_OBSERVE,nan,nan,nan,nan,0.000000
-0.550000,0.500000,10.000000,0,PLAN_TOP_OBSERVE,nan,nan,nan,nan,0.000000
-0.550000,0.500000,20.000000,0,PLAN_TOP_OBSERVE,nan,nan,nan,nan,0.000000
-0.550000,0.500000,30.000000,0,PLAN_TOP_OBSERVE,nan,nan,nan,nan,0.000000
-0.550000,0.500000,40.000000,0,PLAN_TOP_OBSERVE,nan,nan,nan,nan,0.000000
-0.550000,0.500000,50.000000,0,PLAN_TOP_OBSERVE,nan,nan,nan,nan,0.000000
-0.550000,0.500000,60.000000,0,PLAN_TOP_OBSERVE,nan,nan,nan,nan,0.000000
-0.550000,0.500000,70.000000,0,PLAN_TOP_OBSERVE,nan,nan,nan,nan,0.000000
-0.550000,0.500000,80.000000,0,PLAN_TOP_OBSERVE,nan,nan,nan,nan,0.000000
-0.500000,0.500000,0.000000,0,PLAN_TOP_OBSERVE,nan,nan,nan,nan,0.000000
-0.500000,0.500000,10.000000,0,PLAN_TOP_OBSERVE,nan,nan,nan,nan,0.000000
-0.500000,0.500000,20.000000,0,PLAN_TOP_OBSERVE,nan,nan,nan,nan,0.000000
-0.500000,0.500000,30.000000,0,PLAN_TOP_OBSERVE,nan,nan,nan,nan,0.000000
-0.500000,0.500000,40.000000,0,PLAN_TOP_OBSERVE,nan,nan,nan,nan,0.000000
-0.500000,0.500000,50.000000,0,PLAN_TOP_OBSERVE,nan,nan,nan,nan,0.000000
-0.500000,0.500000,60.000000,0,PLAN_TOP_OBSERVE,nan,nan,nan,nan,0.000000
-0.500000,0.500000,70.000000,0,PLAN_TOP_OBSERVE,nan,nan,nan,nan,0.000000
-0.500000,0.500000,80.000000,0,PLAN_TOP_OBSERVE,nan,nan,nan,nan,0.000000
-0.450000,0.500000,0.000000,0,PLAN_TOP_OBSERVE,nan,nan,nan,nan,0.000000
-0.450000,0.500000,10.000000,0,PLAN_TOP_OBSERVE,nan,nan,nan,nan,0.000000
-0.450000,0.500000,20.000000,0,PLAN_TOP_OBSERVE,nan,nan,nan,nan,0.000000
-0.450000,0.500000,30.000000,0,PLAN_TOP_OBSERVE,nan,nan,nan,nan,0.000000
-0.450000,0.500000,40.000000,0,PLAN_TOP_OBSERVE,nan,nan,nan,nan,0.000000
-0.450000,0.500000,50.000000,0,PLAN_TOP_OBSERVE,nan,nan,nan,nan,0.000000
-0.450000,0.500000,60.000000,0,PLAN_TOP_OBSERVE,nan,nan,nan,nan,0.000000
-0.450000,0.500000,70.000000,0,PLAN_TOP_OBSERVE,nan,nan,nan,nan,0.000000
-0.450000,0.500000,80.000000,0,PLAN_TOP_OBSERVE,nan,nan,nan,nan,0.000000
-0.400000,0.500000,0.000000,0,PLAN_TOP_OBSERVE,nan,nan,nan,nan,0.000000
-0.400000,0.500000,10.000000,0,PLAN_TOP_OBSERVE,nan,nan,nan,nan,0.000000
-0.400000,0.500000,20.000000,0,PLAN_TOP_OBSERVE,nan,nan,nan,nan,0.000000
-0.400000,0.500000,30.000000,0,PLAN_TOP_OBSERVE,nan,nan,nan,nan,0.000000
-0.400000,0.500000,40.000000,0,PLAN_TOP_OBSERVE,nan,nan,nan,nan,0.000000
-0.400000,0.500000,50.000000,0,PLAN_TOP_OBSERVE,nan,nan,nan,nan,0.000000
-0.400000,0.500000,60.000000,0,PLAN_TOP_OBSERVE,nan,nan,nan,nan,0.000000
-0.400000,0.500000,70.000000,0,PLAN_TOP_OBSERVE,nan,nan,nan,nan,0.000000
-0.400000,0.500000,80.000000,0,PLAN_TOP_OBSERVE,nan,nan,nan,nan,0.000000
-0.350000,0.500000,0.000000,0,PLAN_TOP_OBSERVE,nan,nan,nan,nan,0.000000
-0.350000,0.500000,10.000000,0,PLAN_TOP_OBSERVE,nan,nan,nan,nan,0.000000
-0.350000,0.500000,20.000000,0,PLAN_TOP_OBSERVE,nan,nan,nan,nan,0.000000
-0.350000,0.500000,30.000000,0,PLAN_TOP_OBSERVE,nan,nan,nan,nan,0.000000
-0.350000,0.500000,40.000000,0,PLAN_TOP_OBSERVE,nan,nan,nan,nan,0.000000
-0.350000,0.500000,50.000000,0,PLAN_TOP_OBSERVE,nan,nan,nan,nan,0.000000
-0.350000,0.500000,60.000000,0,PLAN_TOP_OBSERVE,nan,nan,nan,nan,0.000000
-0.350000,0.500000,70.000000,0,PLAN_TOP_OBSERVE,nan,nan,nan,nan,0.000000
-0.350000,0.500000,80.000000,0,PLAN_TOP_OBSERVE,nan,nan,nan,nan,0.000000
-0.300000,0.500000,0.000000,0,PREGRASP_DESCENT_OR_CARRY,nan,nan,nan,nan,0.000000
-0.300000,0.500000,10.000000,0,PREGRASP_DESCENT_OR_CARRY,nan,nan,nan,nan,0.000000
-0.300000,0.500000,20.000000,0,PREGRASP_DESCENT_OR_CARRY,nan,nan,nan,nan,0.000000
-0.300000,0.500000,30.000000,0,PREGRASP_DESCENT_OR_CARRY,nan,nan,nan,nan,0.000000
-0.300000,0.500000,40.000000,0,PREGRASP_DESCENT_OR_CARRY,nan,nan,nan,nan,0.000000
-0.300000,0.500000,50.000000,0,PREGRASP_DESCENT_OR_CARRY,nan,nan,nan,nan,0.000000
-0.300000,0.500000,60.000000,0,PREGRASP_DESCENT_OR_CARRY,nan,nan,nan,nan,0.000000
-0.300000,0.500000,70.000000,0,PREGRASP_DESCENT_OR_CARRY,nan,nan,nan,nan,0.000000
-0.300000,0.500000,80.000000,0,PREGRASP_DESCENT_OR_CARRY,nan,nan,nan,nan,0.000000
-0.250000,0.500000,0.000000,0,PREGRASP_DESCENT_OR_CARRY,nan,nan,nan,nan,0.000000
-0.250000,0.500000,10.000000,0,PREGRASP_DESCENT_OR_CARRY,nan,nan,nan,nan,0.000000
-0.250000,0.500000,20.000000,0,PREGRASP_DESCENT_OR_CARRY,nan,nan,nan,nan,0.000000
-0.250000,0.500000,30.000000,0,PREGRASP_DESCENT_OR_CARRY,nan,nan,nan,nan,0.000000
-0.250000,0.500000,40.000000,0,PREGRASP_DESCENT_OR_CARRY,nan,nan,nan,nan,0.000000
-0.250000,0.500000,50.000000,0,PREGRASP_DESCENT_OR_CARRY,nan,nan,nan,nan,0.000000
-0.250000,0.500000,60.000000,0,PREGRASP_DESCENT_OR_CARRY,nan,nan,nan,nan,0.000000
-0.250000,0.500000,70.000000,0,PREGRASP_DESCENT_OR_CARRY,nan,nan,nan,nan,0.000000
-0.250000,0.500000,80.000000,0,PREGRASP_DESCENT_OR_CARRY,nan,nan,nan,nan,0.000000
-0.200000,0.500000,0.000000,0,PREGRASP_DESCENT_OR_CARRY,nan,nan,nan,nan,0.000000
-0.200000,0.500000,10.000000,0,PREGRASP_DESCENT_OR_CARRY,nan,nan,nan,nan,0.000000
-0.200000,0.500000,20.000000,0,PREGRASP_DESCENT_OR_CARRY,nan,nan,nan,nan,0.000000
-0.200000,0.500000,30.000000,0,PREGRASP_DESCENT_OR_CARRY,nan,nan,nan,nan,0.000000
-0.200000,0.500000,40.000000,0,PREGRASP_DESCENT_OR_CARRY,nan,nan,nan,nan,0.000000
-0.200000,0.500000,50.000000,0,PREGRASP_DESCENT_OR_CARRY,nan,nan,nan,nan,0.000000
-0.200000,0.500000,60.000000,0,PREGRASP_DESCENT_OR_CARRY,nan,nan,nan,nan,0.000000
-0.200000,0.500000,70.000000,0,PREGRASP_DESCENT_OR_CARRY,nan,nan,nan,nan,0.000000
-0.200000,0.500000,80.000000,0,PREGRASP_DESCENT_OR_CARRY,nan,nan,nan,nan,0.000000
-0.150000,0.500000,0.000000,0,PREGRASP_DESCENT_OR_CARRY,nan,nan,nan,nan,0.000000
-0.150000,0.500000,10.000000,0,PREGRASP_DESCENT_OR_CARRY,nan,nan,nan,nan,0.000000
-0.150000,0.500000,20.000000,0,PREGRASP_DESCENT_OR_CARRY,nan,nan,nan,nan,0.000000
-0.150000,0.500000,30.000000,0,PREGRASP_DESCENT_OR_CARRY,nan,nan,nan,nan,0.000000
-0.150000,0.500000,40.000000,0,PREGRASP_DESCENT_OR_CARRY,nan,nan,nan,nan,0.000000
-0.150000,0.500000,50.000000,0,PREGRASP_DESCENT_OR_CARRY,nan,nan,nan,nan,0.000000
-0.150000,0.500000,60.000000,0,PREGRASP_DESCENT_OR_CARRY,nan,nan,nan,nan,0.000000
-0.150000,0.500000,70.000000,0,PREGRASP_DESCENT_OR_CARRY,nan,nan,nan,nan,0.000000
-0.150000,0.500000,80.000000,0,PREGRASP_DESCENT_OR_CARRY,nan,nan,nan,nan,0.000000
-0.100000,0.500000,0.000000,0,PREGRASP_DESCENT_OR_CARRY,nan,nan,nan,nan,0.000000
-0.100000,0.500000,10.000000,0,PREGRASP_DESCENT_OR_CARRY,nan,nan,nan,nan,0.000000
-0.100000,0.500000,20.000000,0,PREGRASP_DESCENT_OR_CARRY,nan,nan,nan,nan,0.000000
-0.100000,0.500000,30.000000,0,PREGRASP_DESCENT_OR_CARRY,nan,nan,nan,nan,0.000000
-0.100000,0.500000,40.000000,0,PREGRASP_DESCENT_OR_CARRY,nan,nan,nan,nan,0.000000
-0.100000,0.500000,50.000000,0,PREGRASP_DESCENT_OR_CARRY,nan,nan,nan,nan,0.000000
-0.100000,0.500000,60.000000,0,PREGRASP_DESCENT_OR_CARRY,nan,nan,nan,nan,0.000000
-0.100000,0.500000,70.000000,0,PREGRASP_DESCENT_OR_CARRY,nan,nan,nan,nan,0.000000
-0.100000,0.500000,80.000000,0,PREGRASP_DESCENT_OR_CARRY,nan,nan,nan,nan,0.000000
-0.050000,0.500000,0.000000,0,PREGRASP_DESCENT_OR_CARRY,nan,nan,nan,nan,0.000000
-0.050000,0.500000,10.000000,0,PREGRASP_DESCENT_OR_CARRY,nan,nan,nan,nan,0.000000
-0.050000,0.500000,20.000000,0,PREGRASP_DESCENT_OR_CARRY,nan,nan,nan,nan,0.000000
-0.050000,0.500000,30.000000,0,PREGRASP_DESCENT_OR_CARRY,nan,nan,nan,nan,0.000000
-0.050000,0.500000,40.000000,0,PREGRASP_DESCENT_OR_CARRY,nan,nan,nan,nan,0.000000
-0.050000,0.500000,50.000000,0,PREGRASP_DESCENT_OR_CARRY,nan,nan,nan,nan,0.000000
-0.050000,0.500000,60.000000,0,PREGRASP_DESCENT_OR_CARRY,nan,nan,nan,nan,0.000000
-0.050000,0.500000,70.000000,0,PREGRASP_DESCENT_OR_CARRY,nan,nan,nan,nan,0.000000
-0.050000,0.500000,80.000000,0,PREGRASP_DESCENT_OR_CARRY,nan,nan,nan,nan,0.000000
0.000000,0.500000,0.000000,0,PREGRASP_DESCENT_OR_CARRY,nan,nan,nan,nan,0.000000
0.000000,0.500000,10.000000,0,PREGRASP_DESCENT_OR_CARRY,nan,nan,nan,nan,0.000000
0.000000,0.500000,20.000000,0,PREGRASP_DESCENT_OR_CARRY,nan,nan,nan,nan,0.000000
0.000000,0.500000,30.000000,0,PREGRASP_DESCENT_OR_CARRY,nan,nan,nan,nan,0.000000
0.000000,0.500000,40.000000,0,PREGRASP_DESCENT_OR_CARRY,nan,nan,nan,nan,0.000000
0.000000,0.500000,50.000000,0,PREGRASP_DESCENT_OR_CARRY,nan,nan,nan,nan,0.000000
0.000000,0.500000,60.000000,0,PREGRASP_DESCENT_OR_CARRY,nan,nan,nan,nan,0.000000
0.000000,0.500000,70.000000,0,PREGRASP_DESCENT_OR_CARRY,nan,nan,nan,nan,0.000000
0.000000,0.500000,80.000000,0,PREGRASP_DESCENT_OR_CARRY,nan,nan,nan,nan,0.000000
0.050000,0.500000,0.000000,0,PREGRASP_DESCENT_OR_CARRY,nan,nan,nan,nan,0.000000
0.050000,0.500000,10.000000,0,PREGRASP_DESCENT_OR_CARRY,nan,nan,nan,nan,0.000000
0.050000,0.500000,20.000000,0,PREGRASP_DESCENT_OR_CARRY,nan,nan,nan,nan,0.000000
0.050000,0.500000,30.000000,0,PREGRASP_DESCENT_OR_CARRY,nan,nan,nan,nan,0.000000
0.050000,0.500000,40.000000,0,PREGRASP_DESCENT_OR_CARRY,nan,nan,nan,nan,0.000000
0.050000,0.500000,50.000000,0,PREGRASP_DESCENT_OR_CARRY,nan,nan,nan,nan,0.000000
0.050000,0.500000,60.000000,0,PREGRASP_DESCENT_OR_CARRY,nan,nan,nan,nan,0.000000
0.050000,0.500000,70.000000,0,PREGRASP_DESCENT_OR_CARRY,nan,nan,nan,nan,0.000000
0.050000,0.500000,80.000000,0,PREGRASP_DESCENT_OR_CARRY,nan,nan,nan,nan,0.000000
0.100000,0.500000,0.000000,0,PREGRASP_DESCENT_OR_CARRY,nan,nan,nan,nan,0.000000
0.100000,0.500000,10.000000,0,PREGRASP_DESCENT_OR_CARRY,nan,nan,nan,nan,0.000000
0.100000,0.500000,20.000000,0,PREGRASP_DESCENT_OR_CARRY,nan,nan,nan,nan,0.000000
0.100000,0.500000,30.000000,0,PREGRASP_DESCENT_OR_CARRY,nan,nan,nan,nan,0.000000
0.100000,0.500000,40.000000,0,PREGRASP_DESCENT_OR_CARRY,nan,nan,nan,nan,0.000000
0.100000,0.500000,50.000000,0,PREGRASP_DESCENT_OR_CARRY,nan,nan,nan,nan,0.000000
0.100000,0.500000,60.000000,0,PREGRASP_DESCENT_OR_CARRY,nan,nan,nan,nan,0.000000
0.100000,0.500000,70.000000,0,PREGRASP_DESCENT_OR_CARRY,nan,nan,nan,nan,0.000000
0.100000,0.500000,80.000000,0,PREGRASP_DESCENT_OR_CARRY,nan,nan,nan,nan,0.000000
0.150000,0.500000,0.000000,0,PREGRASP_DESCENT_OR_CARRY,nan,nan,nan,nan,0.000000
0.150000,0.500000,10.000000,0,PREGRASP_DESCENT_OR_CARRY,nan,nan,nan,nan,0.000000
0.150000,0.500000,20.000000,0,PREGRASP_DESCENT_OR_CARRY,nan,nan,nan,nan,0.000000
0.150000,0.500000,30.000000,0,PREGRASP_DESCENT_OR_CARRY,nan,nan,nan,nan,0.000000
0.150000,0.500000,40.000000,0,PREGRASP_DESCENT_OR_CARRY,nan,nan,nan,nan,0.000000
0.150000,0.500000,50.000000,0,PREGRASP_DESCENT_OR_CARRY,nan,nan,nan,nan,0.000000
0.150000,0.500000,60.000000,0,PREGRASP_DESCENT_OR_CARRY,nan,nan,nan,nan,0.000000
0.150000,0.500000,70.000000,0,PREGRASP_DESCENT_OR_CARRY,nan,nan,nan,nan,0.000000
0.150000,0.500000,80.000000,0,PREGRASP_DESCENT_OR_CARRY,nan,nan,nan,nan,0.000000
0.200000,0.500000,0.000000,0,PREGRASP_DESCENT_OR_CARRY,nan,nan,nan,nan,0.000000
0.200000,0.500000,10.000000,0,PREGRASP_DESCENT_OR_CARRY,nan,nan,nan,nan,0.000000
0.200000,0.500000,20.000000,0,PREGRASP_DESCENT_OR_CARRY,nan,nan,nan,nan,0.000000
0.200000,0.500000,30.000000,0,PREGRASP_DESCENT_OR_CARRY,nan,nan,nan,nan,0.000000
0.200000,0.500000,40.000000,0,PREGRASP_DESCENT_OR_CARRY,nan,nan,nan,nan,0.000000
0.200000,0.500000,50.000000,0,PREGRASP_DESCENT_OR_CARRY,nan,nan,nan,nan,0.000000
0.200000,0.500000,60.000000,0,PREGRASP_DESCENT_OR_CARRY,nan,nan,nan,nan,0.000000
0.200000,0.500000,70.000000,0,PREGRASP_DESCENT_OR_CARRY,nan,nan,nan,nan,0.000000
0.200000,0.500000,80.000000,0,PREGRASP_DESCENT_OR_CARRY,nan,nan,nan,nan,0.000000
0.250000,0.500000,0.000000,0,PREGRASP_DESCENT_OR_CARRY,nan,nan,nan,nan,0.000000
0.250000,0.500000,10.000000,0,PREGRASP_DESCENT_OR_CARRY,nan,nan,nan,nan,0.000000
0.250000,0.500000,20.000000,0,PREGRASP_DESCENT_OR_CARRY,nan,nan,nan,nan,0.000000
0.250000,0.500000,30.000000,0,PREGRASP_DESCENT_OR_CARRY,nan,nan,nan,nan,0.000000
0.250000,0.500000,40.000000,0,PREGRASP_DESCENT_OR_CARRY,nan,nan,nan,nan,0.000000
0.250000,0.500000,50.000000,0,PREGRASP_DESCENT_OR_CARRY,nan,nan,nan,nan,0.000000
0.250000,0.500000,60.000000,0,PREGRASP_DESCENT_OR_CARRY,nan,nan,nan,nan,0.000000
0.250000,0.500000,70.000000,0,PREGRASP_DESCENT_OR_CARRY,nan,nan,nan,nan,0.000000
0.250000,0.500000,80.000000,0,PREGRASP_DESCENT_OR_CARRY,nan,nan,nan,nan,0.000000
0.300000,0.500000,0.000000,0,PREGRASP_DESCENT_OR_CARRY,nan,nan,nan,nan,0.000000
0.300000,0.500000,10.000000,0,PREGRASP_DESCENT_OR_CARRY,nan,nan,nan,nan,0.000000
0.300000,0.500000,20.000000,0,PREGRASP_DESCENT_OR_CARRY,nan,nan,nan,nan,0.000000
0.300000,0.500000,30.000000,0,PREGRASP_DESCENT_OR_CARRY,nan,nan,nan,nan,0.000000
0.300000,0.500000,40.000000,0,PREGRASP_DESCENT_OR_CARRY,nan,nan,nan,nan,0.000000
0.300000,0.500000,50.000000,0,PREGRASP_DESCENT_OR_CARRY,nan,nan,nan,nan,0.000000
0.300000,0.500000,60.000000,0,PREGRASP_DESCENT_OR_CARRY,nan,nan,nan,nan,0.000000
0.300000,0.500000,70.000000,0,PREGRASP_DESCENT_OR_CARRY,nan,nan,nan,nan,0.000000
0.300000,0.500000,80.000000,0,PREGRASP_DESCENT_OR_CARRY,nan,nan,nan,nan,0.000000
0.350000,0.500000,0.000000,0,PLAN_TOP_OBSERVE,nan,nan,nan,nan,0.000000
0.350000,0.500000,10.000000,0,PLAN_TOP_OBSERVE,nan,nan,nan,nan,0.000000
0.350000,0.500000,20.000000,0,PLAN_TOP_OBSERVE,nan,nan,nan,nan,0.000000
0.350000,0.500000,30.000000,0,PLAN_TOP_OBSERVE,nan,nan,nan,nan,0.000000
0.350000,0.500000,40.000000,0,PLAN_TOP_OBSERVE,nan,nan,nan,nan,0.000000
0.350000,0.500000,50.000000,0,PLAN_TOP_OBSERVE,nan,nan,nan,nan,0.000000
0.350000,0.500000,60.000000,0,PLAN_TOP_OBSERVE,nan,nan,nan,nan,0.000000
0.350000,0.500000,70.000000,0,PLAN_TOP_OBSERVE,nan,nan,nan,nan,0.000000
0.350000,0.500000,80.000000,0,PLAN_TOP_OBSERVE,nan,nan,nan,nan,0.000000
0.400000,0.500000,0.000000,0,PLAN_TOP_OBSERVE,nan,nan,nan,nan,0.000000
0.400000,0.500000,10.000000,0,PLAN_TOP_OBSERVE,nan,nan,nan,nan,0.000000
0.400000,0.500000,20.000000,0,PLAN_TOP_OBSERVE,nan,nan,nan,nan,0.000000
0.400000,0.500000,30.000000,0,PLAN_TOP_OBSERVE,nan,nan,nan,nan,0.000000
0.400000,0.500000,40.000000,0,PLAN_TOP_OBSERVE,nan,nan,nan,nan,0.000000
0.400000,0.500000,50.000000,0,PLAN_TOP_OBSERVE,nan,nan,nan,nan,0.000000
0.400000,0.500000,60.000000,0,PLAN_TOP_OBSERVE,nan,nan,nan,nan,0.000000
0.400000,0.500000,70.000000,0,PLAN_TOP_OBSERVE,nan,nan,nan,nan,0.000000
0.400000,0.500000,80.000000,0,PLAN_TOP_OBSERVE,nan,nan,nan,nan,0.000000
0.450000,0.500000,0.000000,0,PLAN_TOP_OBSERVE,nan,nan,nan,nan,0.000000
0.450000,0.500000,10.000000,0,PLAN_TOP_OBSERVE,nan,nan,nan,nan,0.000000
0.450000,0.500000,20.000000,0,PLAN_TOP_OBSERVE,nan,nan,nan,nan,0.000000
0.450000,0.500000,30.000000,0,PLAN_TOP_OBSERVE,nan,nan,nan,nan,0.000000
0.450000,0.500000,40.000000,0,PLAN_TOP_OBSERVE,nan,nan,nan,nan,0.000000
0.450000,0.500000,50.000000,0,PLAN_TOP_OBSERVE,nan,nan,nan,nan,0.000000
0.450000,0.500000,60.000000,0,PLAN_TOP_OBSERVE,nan,nan,nan,nan,0.000000
0.450000,0.500000,70.000000,0,PLAN_TOP_OBSERVE,nan,nan,nan,nan,0.000000
0.450000,0.500000,80.000000,0,PLAN_TOP_OBSERVE,nan,nan,nan,nan,0.000000
0.500000,0.500000,0.000000,0,PLAN_TOP_OBSERVE,nan,nan,nan,nan,0.000000
0.500000,0.500000,10.000000,0,PLAN_TOP_OBSERVE,nan,nan,nan,nan,0.000000
0.500000,0.500000,20.000000,0,PLAN_TOP_OBSERVE,nan,nan,nan,nan,0.000000
0.500000,0.500000,30.000000,0,PLAN_TOP_OBSERVE,nan,nan,nan,nan,0.000000
0.500000,0.500000,40.000000,0,PLAN_TOP_OBSERVE,nan,nan,nan,nan,0.000000
0.500000,0.500000,50.000000,0,PLAN_TOP_OBSERVE,nan,nan,nan,nan,0.000000
0.500000,0.500000,60.000000,0,PLAN_TOP_OBSERVE,nan,nan,nan,nan,0.000000
0.500000,0.500000,70.000000,0,PLAN_TOP_OBSERVE,nan,nan,nan,nan,0.000000
0.500000,0.500000,80.000000,0,PLAN_TOP_OBSERVE,nan,nan,nan,nan,0.000000
0.550000,0.500000,0.000000,0,PLAN_TOP_OBSERVE,nan,nan,nan,nan,0.000000
0.550000,0.500000,10.000000,0,PLAN_TOP_OBSERVE,nan,nan,nan,nan,0.000000
0.550000,0.500000,20.000000,0,PLAN_TOP_OBSERVE,nan,nan,nan,nan,0.000000
0.550000,0.500000,30.000000,0,PLAN_TOP_OBSERVE,nan,nan,nan,nan,0.000000
0.550000,0.500000,40.000000,0,PLAN_TOP_OBSERVE,nan,nan,nan,nan,0.000000
0.550000,0.500000,50.000000,0,PLAN_TOP_OBSERVE,nan,nan,nan,nan,0.000000
0.550000,0.500000,60.000000,0,PLAN_TOP_OBSERVE,nan,nan,nan,nan,0.000000
0.550000,0.500000,70.000000,0,PLAN_TOP_OBSERVE,nan,nan,nan,nan,0.000000
0.550000,0.500000,80.000000,0,PLAN_TOP_OBSERVE,nan,nan,nan,nan,0.000000
0.600000,0.500000,0.000000,0,PLAN_TOP_OBSERVE,nan,nan,nan,nan,0.000000
0.600000,0.500000,10.000000,0,PLAN_TOP_OBSERVE,nan,nan,nan,nan,0.000000
0.600000,0.500000,20.000000,0,PLAN_TOP_OBSERVE,nan,nan,nan,nan,0.000000
0.600000,0.500000,30.000000,0,PLAN_TOP_OBSERVE,nan,nan,nan,nan,0.000000
0.600000,0.500000,40.000000,0,PLAN_TOP_OBSERVE,nan,nan,nan,nan,0.000000
0.600000,0.500000,50.000000,0,PLAN_TOP_OBSERVE,nan,nan,nan,nan,0.000000
0.600000,0.500000,60.000000,0,PLAN_TOP_OBSERVE,nan,nan,nan,nan,0.000000
0.600000,0.500000,70.000000,0,PLAN_TOP_OBSERVE,nan,nan,nan,nan,0.000000
0.600000,0.500000,80.000000,0,PLAN_TOP_OBSERVE,nan,nan,nan,nan,0.000000
0.650000,0.500000,0.000000,0,PLAN_TOP_OBSERVE,nan,nan,nan,nan,0.000000
0.650000,0.500000,10.000000,0,PLAN_TOP_OBSERVE,nan,nan,nan,nan,0.000000
0.650000,0.500000,20.000000,0,PLAN_TOP_OBSERVE,nan,nan,nan,nan,0.000000
0.650000,0.500000,30.000000,0,PLAN_TOP_OBSERVE,nan,nan,nan,nan,0.000000
0.650000,0.500000,40.000000,0,PLAN_TOP_OBSERVE,nan,nan,nan,nan,0.000000
0.650000,0.500000,50.000000,0,PLAN_TOP_OBSERVE,nan,nan,nan,nan,0.000000
0.650000,0.500000,60.000000,0,PLAN_TOP_OBSERVE,nan,nan,nan,nan,0.000000
0.650000,0.500000,70.000000,0,PLAN_TOP_OBSERVE,nan,nan,nan,nan,0.000000
0.650000,0.500000,80.000000,0,PLAN_TOP_OBSERVE,nan,nan,nan,nan,0.000000
0.700000,0.500000,0.000000,0,PLAN_TOP_OBSERVE,nan,nan,nan,nan,0.000000
0.700000,0.500000,10.000000,0,PLAN_TOP_OBSERVE,nan,nan,nan,nan,0.000000
0.700000,0.500000,20.000000,0,PLAN_TOP_OBSERVE,nan,nan,nan,nan,0.000000
0.700000,0.500000,30.000000,0,PLAN_TOP_OBSERVE,nan,nan,nan,nan,0.000000
0.700000,0.500000,40.000000,0,PLAN_TOP_OBSERVE,nan,nan,nan,nan,0.000000
0.700000,0.500000,50.000000,0,PLAN_TOP_OBSERVE,nan,nan,nan,nan,0.000000
0.700000,0.500000,60.000000,0,PLAN_TOP_OBSERVE,nan,nan,nan,nan,0.000000
0.700000,0.500000,70.000000,0,PLAN_TOP_OBSERVE,nan,nan,nan,nan,0.000000
0.700000,0.500000,80.000000,0,PLAN_TOP_OBSERVE,nan,nan,nan,nan,0.000000
-0.700000,0.550000,0.000000,0,PLAN_TOP_OBSERVE,nan,nan,nan,nan,0.000000
-0.700000,0.550000,10.000000,0,PLAN_TOP_OBSERVE,nan,nan,nan,nan,0.000000
-0.700000,0.550000,20.000000,0,PLAN_TOP_OBSERVE,nan,nan,nan,nan,0.000000
-0.700000,0.550000,30.000000,0,PLAN_TOP_OBSERVE,nan,nan,nan,nan,0.000000
-0.700000,0.550000,40.000000,0,PLAN_TOP_OBSERVE,nan,nan,nan,nan,0.000000
-0.700000,0.550000,50.000000,0,PLAN_TOP_OBSERVE,nan,nan,nan,nan,0.000000
-0.700000,0.550000,60.000000,0,PLAN_TOP_OBSERVE,nan,nan,nan,nan,0.000000
-0.700000,0.550000,70.000000,0,PLAN_TOP_OBSERVE,nan,nan,nan,nan,0.000000
-0.700000,0.550000,80.000000,0,PLAN_TOP_OBSERVE,nan,nan,nan,nan,0.000000
-0.650000,0.550000,0.000000,0,PLAN_TOP_OBSERVE,nan,nan,nan,nan,0.000000
-0.650000,0.550000,10.000000,0,PLAN_TOP_OBSERVE,nan,nan,nan,nan,0.000000
-0.650000,0.550000,20.000000,0,PLAN_TOP_OBSERVE,nan,nan,nan,nan,0.000000
-0.650000,0.550000,30.000000,0,PLAN_TOP_OBSERVE,nan,nan,nan,nan,0.000000
-0.650000,0.550000,40.000000,0,PLAN_TOP_OBSERVE,nan,nan,nan,nan,0.000000
-0.650000,0.550000,50.000000,0,PLAN_TOP_OBSERVE,nan,nan,nan,nan,0.000000
-0.650000,0.550000,60.000000,0,PLAN_TOP_OBSERVE,nan,nan,nan,nan,0.000000
-0.650000,0.550000,70.000000,0,PLAN_TOP_OBSERVE,nan,nan,nan,nan,0.000000
-0.650000,0.550000,80.000000,0,PLAN_TOP_OBSERVE,nan,nan,nan,nan,0.000000
-0.600000,0.550000,0.000000,0,PLAN_TOP_OBSERVE,nan,nan,nan,nan,0.000000
-0.600000,0.550000,10.000000,0,PLAN_TOP_OBSERVE,nan,nan,nan,nan,0.000000
-0.600000,0.550000,20.000000,0,PLAN_TOP_OBSERVE,nan,nan,nan,nan,0.000000
-0.600000,0.550000,30.000000,0,PLAN_TOP_OBSERVE,nan,nan,nan,nan,0.000000
-0.600000,0.550000,40.000000,0,PLAN_TOP_OBSERVE,nan,nan,nan,nan,0.000000
-0.600000,0.550000,50.000000,0,PLAN_TOP_OBSERVE,nan,nan,nan,nan,0.000000
-0.600000,0.550000,60.000000,0,PLAN_TOP_OBSERVE,nan,nan,nan,nan,0.000000
-0.600000,0.550000,70.000000,0,PLAN_TOP_OBSERVE,nan,nan,nan,nan,0.000000
-0.600000,0.550000,80.000000,0,PLAN_TOP_OBSERVE,nan,nan,nan,nan,0.000000
-0.550000,0.550000,0.000000,0,PLAN_TOP_OBSERVE,nan,nan,nan,nan,0.000000
-0.550000,0.550000,10.000000,0,PLAN_TOP_OBSERVE,nan,nan,nan,nan,0.000000
-0.550000,0.550000,20.000000,0,PLAN_TOP_OBSERVE,nan,nan,nan,nan,0.000000
-0.550000,0.550000,30.000000,0,PLAN_TOP_OBSERVE,nan,nan,nan,nan,0.000000
-0.550000,0.550000,40.000000,0,PLAN_TOP_OBSERVE,nan,nan,nan,nan,0.000000
-0.550000,0.550000,50.000000,0,PLAN_TOP_OBSERVE,nan,nan,nan,nan,0.000000
-0.550000,0.550000,60.000000,0,PLAN_TOP_OBSERVE,nan,nan,nan,nan,0.000000
-0.550000,0.550000,70.000000,0,PLAN_TOP_OBSERVE,nan,nan,nan,nan,0.000000
-0.550000,0.550000,80.000000,0,PLAN_TOP_OBSERVE,nan,nan,nan,nan,0.000000
-0.500000,0.550000,0.000000,0,PLAN_TOP_OBSERVE,nan,nan,nan,nan,0.000000
-0.500000,0.550000,10.000000,0,PLAN_TOP_OBSERVE,nan,nan,nan,nan,0.000000
-0.500000,0.550000,20.000000,0,PLAN_TOP_OBSERVE,nan,nan,nan,nan,0.000000
-0.500000,0.550000,30.000000,0,PLAN_TOP_OBSERVE,nan,nan,nan,nan,0.000000
-0.500000,0.550000,40.000000,0,PLAN_TOP_OBSERVE,nan,nan,nan,nan,0.000000
-0.500000,0.550000,50.000000,0,PLAN_TOP_OBSERVE,nan,nan,nan,nan,0.000000
-0.500000,0.550000,60.000000,0,PLAN_TOP_OBSERVE,nan,nan,nan,nan,0.000000
-0.500000,0.550000,70.000000,0,PLAN_TOP_OBSERVE,nan,nan,nan,nan,0.000000
-0.500000,0.550000,80.000000,0,PLAN_TOP_OBSERVE,nan,nan,nan,nan,0.000000
-0.450000,0.550000,0.000000,0,PLAN_TOP_OBSERVE,nan,nan,nan,nan,0.000000
-0.450000,0.550000,10.000000,0,PLAN_TOP_OBSERVE,nan,nan,nan,nan,0.000000
-0.450000,0.550000,20.000000,0,PLAN_TOP_OBSERVE,nan,nan,nan,nan,0.000000
-0.450000,0.550000,30.000000,0,PLAN_TOP_OBSERVE,nan,nan,nan,nan,0.000000
-0.450000,0.550000,40.000000,0,PLAN_TOP_OBSERVE,nan,nan,nan,nan,0.000000
-0.450000,0.550000,50.000000,0,PLAN_TOP_OBSERVE,nan,nan,nan,nan,0.000000
-0.450000,0.550000,60.000000,0,PLAN_TOP_OBSERVE,nan,nan,nan,nan,0.000000
-0.450000,0.550000,70.000000,0,PLAN_TOP_OBSERVE,nan,nan,nan,nan,0.000000
-0.450000,0.550000,80.000000,0,PLAN_TOP_OBSERVE,nan,nan,nan,nan,0.000000
-0.400000,0.550000,0.000000,0,PLAN_TOP_OBSERVE,nan,nan,nan,nan,0.000000
-0.400000,0.550000,10.000000,0,PLAN_TOP_OBSERVE,nan,nan,nan,nan,0.000000
-0.400000,0.550000,20.000000,0,PLAN_TOP_OBSERVE,nan,nan,nan,nan,0.000000
-0.400000,0.550000,30.000000,0,PLAN_TOP_OBSERVE,nan,nan,nan,nan,0.000000
-0.400000,0.550000,40.000000,0,PLAN_TOP_OBSERVE,nan,nan,nan,nan,0.000000
-0.400000,0.550000,50.000000,0,PLAN_TOP_OBSERVE,nan,nan,nan,nan,0.000000
-0.400000,0.550000,60.000000,0,PLAN_TOP_OBSERVE,nan,nan,nan,nan,0.000000
-0.400000,0.550000,70.000000,0,PLAN_TOP_OBSERVE,nan,nan,nan,nan,0.000000
-0.400000,0.550000,80.000000,0,PLAN_TOP_OBSERVE,nan,nan,nan,nan,0.000000
-0.350000,0.550000,0.000000,0,PLAN_TOP_OBSERVE,nan,nan,nan,nan,0.000000
-0.350000,0.550000,10.000000,0,PLAN_TOP_OBSERVE,nan,nan,nan,nan,0.000000
-0.350000,0.550000,20.000000,0,PLAN_TOP_OBSERVE,nan,nan,nan,nan,0.000000
-0.350000,0.550000,30.000000,0,PLAN_TOP_OBSERVE,nan,nan,nan,nan,0.000000
-0.350000,0.550000,40.000000,0,PLAN_TOP_OBSERVE,nan,nan,nan,nan,0.000000
-0.350000,0.550000,50.000000,0,PLAN_TOP_OBSERVE,nan,nan,nan,nan,0.000000
-0.350000,0.550000,60.000000,0,PLAN_TOP_OBSERVE,nan,nan,nan,nan,0.000000
-0.350000,0.550000,70.000000,0,PLAN_TOP_OBSERVE,nan,nan,nan,nan,0.000000
-0.350000,0.550000,80.000000,0,PLAN_TOP_OBSERVE,nan,nan,nan,nan,0.000000
-0.300000,0.550000,0.000000,0,PLAN_TOP_OBSERVE,nan,nan,nan,nan,0.000000
-0.300000,0.550000,10.000000,0,PLAN_TOP_OBSERVE,nan,nan,nan,nan,0.000000
-0.300000,0.550000,20.000000,0,PLAN_TOP_OBSERVE,nan,nan,nan,nan,0.000000
-0.300000,0.550000,30.000000,0,PLAN_TOP_OBSERVE,nan,nan,nan,nan,0.000000
-0.300000,0.550000,40.000000,0,PLAN_TOP_OBSERVE,nan,nan,nan,nan,0.000000
-0.300000,0.550000,50.000000,0,PLAN_TOP_OBSERVE,nan,nan,nan,nan,0.000000
-0.300000,0.550000,60.000000,0,PLAN_TOP_OBSERVE,nan,nan,nan,nan,0.000000
-0.300000,0.550000,70.000000,0,PLAN_TOP_OBSERVE,nan,nan,nan,nan,0.000000
-0.300000,0.550000,80.000000,0,PLAN_TOP_OBSERVE,nan,nan,nan,nan,0.000000
-0.250000,0.550000,0.000000,0,PLAN_TOP_OBSERVE,nan,nan,nan,nan,0.000000
-0.250000,0.550000,10.000000,0,PLAN_TOP_OBSERVE,nan,nan,nan,nan,0.000000
-0.250000,0.550000,20.000000,0,PLAN_TOP_OBSERVE,nan,nan,nan,nan,0.000000
-0.250000,0.550000,30.000000,0,PLAN_TOP_OBSERVE,nan,nan,nan,nan,0.000000
-0.250000,0.550000,40.000000,0,PLAN_TOP_OBSERVE,nan,nan,nan,nan,0.000000
-0.250000,0.550000,50.000000,0,PLAN_TOP_OBSERVE,nan,nan,nan,nan,0.000000
-0.250000,0.550000,60.000000,0,PLAN_TOP_OBSERVE,nan,nan,nan,nan,0.000000
-0.250000,0.550000,70.000000,0,PLAN_TOP_OBSERVE,nan,nan,nan,nan,0.000000
-0.250000,0.550000,80.000000,0,PLAN_TOP_OBSERVE,nan,nan,nan,nan,0.000000
-0.200000,0.550000,0.000000,0,PREGRASP_DESCENT_OR_CARRY,nan,nan,nan,nan,0.000000
-0.200000,0.550000,10.000000,0,PREGRASP_DESCENT_OR_CARRY,nan,nan,nan,nan,0.000000
-0.200000,0.550000,20.000000,0,PREGRASP_DESCENT_OR_CARRY,nan,nan,nan,nan,0.000000
-0.200000,0.550000,30.000000,0,PREGRASP_DESCENT_OR_CARRY,nan,nan,nan,nan,0.000000
-0.200000,0.550000,40.000000,0,PREGRASP_DESCENT_OR_CARRY,nan,nan,nan,nan,0.000000
-0.200000,0.550000,50.000000,0,PREGRASP_DESCENT_OR_CARRY,nan,nan,nan,nan,0.000000
-0.200000,0.550000,60.000000,0,PREGRASP_DESCENT_OR_CARRY,nan,nan,nan,nan,0.000000
-0.200000,0.550000,70.000000,0,PREGRASP_DESCENT_OR_CARRY,nan,nan,nan,nan,0.000000
-0.200000,0.550000,80.000000,0,PREGRASP_DESCENT_OR_CARRY,nan,nan,nan,nan,0.000000
-0.150000,0.550000,0.000000,0,PREGRASP_DESCENT_OR_CARRY,nan,nan,nan,nan,0.000000
-0.150000,0.550000,10.000000,0,PREGRASP_DESCENT_OR_CARRY,nan,nan,nan,nan,0.000000
-0.150000,0.550000,20.000000,0,PREGRASP_DESCENT_OR_CARRY,nan,nan,nan,nan,0.000000
-0.150000,0.550000,30.000000,0,PREGRASP_DESCENT_OR_CARRY,nan,nan,nan,nan,0.000000
-0.150000,0.550000,40.000000,0,PREGRASP_DESCENT_OR_CARRY,nan,nan,nan,nan,0.000000
-0.150000,0.550000,50.000000,0,PREGRASP_DESCENT_OR_CARRY,nan,nan,nan,nan,0.000000
-0.150000,0.550000,60.000000,0,PREGRASP_DESCENT_OR_CARRY,nan,nan,nan,nan,0.000000
-0.150000,0.550000,70.000000,0,PREGRASP_DESCENT_OR_CARRY,nan,nan,nan,nan,0.000000
-0.150000,0.550000,80.000000,0,PREGRASP_DESCENT_OR_CARRY,nan,nan,nan,nan,0.000000
-0.100000,0.550000,0.000000,0,PREGRASP_DESCENT_OR_CARRY,nan,nan,nan,nan,0.000000
-0.100000,0.550000,10.000000,0,PREGRASP_DESCENT_OR_CARRY,nan,nan,nan,nan,0.000000
-0.100000,0.550000,20.000000,0,PREGRASP_DESCENT_OR_CARRY,nan,nan,nan,nan,0.000000
-0.100000,0.550000,30.000000,0,PREGRASP_DESCENT_OR_CARRY,nan,nan,nan,nan,0.000000
-0.100000,0.550000,40.000000,0,PREGRASP_DESCENT_OR_CARRY,nan,nan,nan,nan,0.000000
-0.100000,0.550000,50.000000,0,PREGRASP_DESCENT_OR_CARRY,nan,nan,nan,nan,0.000000
-0.100000,0.550000,60.000000,0,PREGRASP_DESCENT_OR_CARRY,nan,nan,nan,nan,0.000000
-0.100000,0.550000,70.000000,0,PREGRASP_DESCENT_OR_CARRY,nan,nan,nan,nan,0.000000
-0.100000,0.550000,80.000000,0,PREGRASP_DESCENT_OR_CARRY,nan,nan,nan,nan,0.000000
-0.050000,0.550000,0.000000,0,PREGRASP_DESCENT_OR_CARRY,nan,nan,nan,nan,0.000000
-0.050000,0.550000,10.000000,0,PREGRASP_DESCENT_OR_CARRY,nan,nan,nan,nan,0.000000
-0.050000,0.550000,20.000000,0,PREGRASP_DESCENT_OR_CARRY,nan,nan,nan,nan,0.000000
-0.050000,0.550000,30.000000,0,PREGRASP_DESCENT_OR_CARRY,nan,nan,nan,nan,0.000000
-0.050000,0.550000,40.000000,0,PREGRASP_DESCENT_OR_CARRY,nan,nan,nan,nan,0.000000
-0.050000,0.550000,50.000000,0,PREGRASP_DESCENT_OR_CARRY,nan,nan,nan,nan,0.000000
-0.050000,0.550000,60.000000,0,PREGRASP_DESCENT_OR_CARRY,nan,nan,nan,nan,0.000000
-0.050000,0.550000,70.000000,0,PREGRASP_DESCENT_OR_CARRY,nan,nan,nan,nan,0.000000
-0.050000,0.550000,80.000000,0,PREGRASP_DESCENT_OR_CARRY,nan,nan,nan,nan,0.000000
0.000000,0.550000,0.000000,0,PREGRASP_DESCENT_OR_CARRY,nan,nan,nan,nan,0.000000
0.000000,0.550000,10.000000,0,PREGRASP_DESCENT_OR_CARRY,nan,nan,nan,nan,0.000000
0.000000,0.550000,20.000000,0,PREGRASP_DESCENT_OR_CARRY,nan,nan,nan,nan,0.000000
0.000000,0.550000,30.000000,0,PREGRASP_DESCENT_OR_CARRY,nan,nan,nan,nan,0.000000
0.000000,0.550000,40.000000,0,PREGRASP_DESCENT_OR_CARRY,nan,nan,nan,nan,0.000000
0.000000,0.550000,50.000000,0,PREGRASP_DESCENT_OR_CARRY,nan,nan,nan,nan,0.000000
0.000000,0.550000,60.000000,0,PREGRASP_DESCENT_OR_CARRY,nan,nan,nan,nan,0.000000
0.000000,0.550000,70.000000,0,PREGRASP_DESCENT_OR_CARRY,nan,nan,nan,nan,0.000000
0.000000,0.550000,80.000000,0,PREGRASP_DESCENT_OR_CARRY,nan,nan,nan,nan,0.000000
0.050000,0.550000,0.000000,0,PREGRASP_DESCENT_OR_CARRY,nan,nan,nan,nan,0.000000
0.050000,0.550000,10.000000,0,PREGRASP_DESCENT_OR_CARRY,nan,nan,nan,nan,0.000000
0.050000,0.550000,20.000000,0,PREGRASP_DESCENT_OR_CARRY,nan,nan,nan,nan,0.000000
0.050000,0.550000,30.000000,0,PREGRASP_DESCENT_OR_CARRY,nan,nan,nan,nan,0.000000
0.050000,0.550000,40.000000,0,PREGRASP_DESCENT_OR_CARRY,nan,nan,nan,nan,0.000000
0.050000,0.550000,50.000000,0,PREGRASP_DESCENT_OR_CARRY,nan,nan,nan,nan,0.000000
0.050000,0.550000,60.000000,0,PREGRASP_DESCENT_OR_CARRY,nan,nan,nan,nan,0.000000
0.050000,0.550000,70.000000,0,PREGRASP_DESCENT_OR_CARRY,nan,nan,nan,nan,0.000000
0.050000,0.550000,80.000000,0,PREGRASP_DESCENT_OR_CARRY,nan,nan,nan,nan,0.000000
0.100000,0.550000,0.000000,0,PREGRASP_DESCENT_OR_CARRY,nan,nan,nan,nan,0.000000
0.100000,0.550000,10.000000,0,PREGRASP_DESCENT_OR_CARRY,nan,nan,nan,nan,0.000000
0.100000,0.550000,20.000000,0,PREGRASP_DESCENT_OR_CARRY,nan,nan,nan,nan,0.000000
0.100000,0.550000,30.000000,0,PREGRASP_DESCENT_OR_CARRY,nan,nan,nan,nan,0.000000
0.100000,0.550000,40.000000,0,PREGRASP_DESCENT_OR_CARRY,nan,nan,nan,nan,0.000000
0.100000,0.550000,50.000000,0,PREGRASP_DESCENT_OR_CARRY,nan,nan,nan,nan,0.000000
0.100000,0.550000,60.000000,0,PREGRASP_DESCENT_OR_CARRY,nan,nan,nan,nan,0.000000
0.100000,0.550000,70.000000,0,PREGRASP_DESCENT_OR_CARRY,nan,nan,nan,nan,0.000000
0.100000,0.550000,80.000000,0,PREGRASP_DESCENT_OR_CARRY,nan,nan,nan,nan,0.000000
0.150000,0.550000,0.000000,0,PREGRASP_DESCENT_OR_CARRY,nan,nan,nan,nan,0.000000
0.150000,0.550000,10.000000,0,PREGRASP_DESCENT_OR_CARRY,nan,nan,nan,nan,0.000000
0.150000,0.550000,20.000000,0,PREGRASP_DESCENT_OR_CARRY,nan,nan,nan,nan,0.000000
0.150000,0.550000,30.000000,0,PREGRASP_DESCENT_OR_CARRY,nan,nan,nan,nan,0.000000
0.150000,0.550000,40.000000,0,PREGRASP_DESCENT_OR_CARRY,nan,nan,nan,nan,0.000000
0.150000,0.550000,50.000000,0,PREGRASP_DESCENT_OR_CARRY,nan,nan,nan,nan,0.000000
0.150000,0.550000,60.000000,0,PREGRASP_DESCENT_OR_CARRY,nan,nan,nan,nan,0.000000
0.150000,0.550000,70.000000,0,PREGRASP_DESCENT_OR_CARRY,nan,nan,nan,nan,0.000000
0.150000,0.550000,80.000000,0,PREGRASP_DESCENT_OR_CARRY,nan,nan,nan,nan,0.000000
0.200000,0.550000,0.000000,0,PREGRASP_DESCENT_OR_CARRY,nan,nan,nan,nan,0.000000
0.200000,0.550000,10.000000,0,PREGRASP_DESCENT_OR_CARRY,nan,nan,nan,nan,0.000000
0.200000,0.550000,20.000000,0,PREGRASP_DESCENT_OR_CARRY,nan,nan,nan,nan,0.000000
0.200000,0.550000,30.000000,0,PREGRASP_DESCENT_OR_CARRY,nan,nan,nan,nan,0.000000
0.200000,0.550000,40.000000,0,PREGRASP_DESCENT_OR_CARRY,nan,nan,nan,nan,0.000000
0.200000,0.550000,50.000000,0,PREGRASP_DESCENT_OR_CARRY,nan,nan,nan,nan,0.000000
0.200000,0.550000,60.000000,0,PREGRASP_DESCENT_OR_CARRY,nan,nan,nan,nan,0.000000
0.200000,0.550000,70.000000,0,PREGRASP_DESCENT_OR_CARRY,nan,nan,nan,nan,0.000000
0.200000,0.550000,80.000000,0,PREGRASP_DESCENT_OR_CARRY,nan,nan,nan,nan,0.000000
0.250000,0.550000,0.000000,0,PLAN_TOP_OBSERVE,nan,nan,nan,nan,0.000000
0.250000,0.550000,10.000000,0,PLAN_TOP_OBSERVE,nan,nan,nan,nan,0.000000
0.250000,0.550000,20.000000,0,PLAN_TOP_OBSERVE,nan,nan,nan,nan,0.000000
0.250000,0.550000,30.000000,0,PLAN_TOP_OBSERVE,nan,nan,nan,nan,0.000000
0.250000,0.550000,40.000000,0,PLAN_TOP_OBSERVE,nan,nan,nan,nan,0.000000
0.250000,0.550000,50.000000,0,PLAN_TOP_OBSERVE,nan,nan,nan,nan,0.000000
0.250000,0.550000,60.000000,0,PLAN_TOP_OBSERVE,nan,nan,nan,nan,0.000000
0.250000,0.550000,70.000000,0,PLAN_TOP_OBSERVE,nan,nan,nan,nan,0.000000
0.250000,0.550000,80.000000,0,PLAN_TOP_OBSERVE,nan,nan,nan,nan,0.000000
0.300000,0.550000,0.000000,0,PLAN_TOP_OBSERVE,nan,nan,nan,nan,0.000000
0.300000,0.550000,10.000000,0,PLAN_TOP_OBSERVE,nan,nan,nan,nan,0.000000
0.300000,0.550000,20.000000,0,PLAN_TOP_OBSERVE,nan,nan,nan,nan,0.000000
0.300000,0.550000,30.000000,0,PLAN_TOP_OBSERVE,nan,nan,nan,nan,0.000000
0.300000,0.550000,40.000000,0,PLAN_TOP_OBSERVE,nan,nan,nan,nan,0.000000
0.300000,0.550000,50.000000,0,PLAN_TOP_OBSERVE,nan,nan,nan,nan,0.000000
0.300000,0.550000,60.000000,0,PLAN_TOP_OBSERVE,nan,nan,nan,nan,0.000000
0.300000,0.550000,70.000000,0,PLAN_TOP_OBSERVE,nan,nan,nan,nan,0.000000
0.300000,0.550000,80.000000,0,PLAN_TOP_OBSERVE,nan,nan,nan,nan,0.000000
0.350000,0.550000,0.000000,0,PLAN_TOP_OBSERVE,nan,nan,nan,nan,0.000000
0.350000,0.550000,10.000000,0,PLAN_TOP_OBSERVE,nan,nan,nan,nan,0.000000
0.350000,0.550000,20.000000,0,PLAN_TOP_OBSERVE,nan,nan,nan,nan,0.000000
0.350000,0.550000,30.000000,0,PLAN_TOP_OBSERVE,nan,nan,nan,nan,0.000000
0.350000,0.550000,40.000000,0,PLAN_TOP_OBSERVE,nan,nan,nan,nan,0.000000
0.350000,0.550000,50.000000,0,PLAN_TOP_OBSERVE,nan,nan,nan,nan,0.000000
0.350000,0.550000,60.000000,0,PLAN_TOP_OBSERVE,nan,nan,nan,nan,0.000000
0.350000,0.550000,70.000000,0,PLAN_TOP_OBSERVE,nan,nan,nan,nan,0.000000
0.350000,0.550000,80.000000,0,PLAN_TOP_OBSERVE,nan,nan,nan,nan,0.000000
0.400000,0.550000,0.000000,0,PLAN_TOP_OBSERVE,nan,nan,nan,nan,0.000000
0.400000,0.550000,10.000000,0,PLAN_TOP_OBSERVE,nan,nan,nan,nan,0.000000
0.400000,0.550000,20.000000,0,PLAN_TOP_OBSERVE,nan,nan,nan,nan,0.000000
0.400000,0.550000,30.000000,0,PLAN_TOP_OBSERVE,nan,nan,nan,nan,0.000000
0.400000,0.550000,40.000000,0,PLAN_TOP_OBSERVE,nan,nan,nan,nan,0.000000
0.400000,0.550000,50.000000,0,PLAN_TOP_OBSERVE,nan,nan,nan,nan,0.000000
0.400000,0.550000,60.000000,0,PLAN_TOP_OBSERVE,nan,nan,nan,nan,0.000000
0.400000,0.550000,70.000000,0,PLAN_TOP_OBSERVE,nan,nan,nan,nan,0.000000
0.400000,0.550000,80.000000,0,PLAN_TOP_OBSERVE,nan,nan,nan,nan,0.000000
0.450000,0.550000,0.000000,0,PLAN_TOP_OBSERVE,nan,nan,nan,nan,0.000000
0.450000,0.550000,10.000000,0,PLAN_TOP_OBSERVE,nan,nan,nan,nan,0.000000
0.450000,0.550000,20.000000,0,PLAN_TOP_OBSERVE,nan,nan,nan,nan,0.000000
0.450000,0.550000,30.000000,0,PLAN_TOP_OBSERVE,nan,nan,nan,nan,0.000000
0.450000,0.550000,40.000000,0,PLAN_TOP_OBSERVE,nan,nan,nan,nan,0.000000
0.450000,0.550000,50.000000,0,PLAN_TOP_OBSERVE,nan,nan,nan,nan,0.000000
0.450000,0.550000,60.000000,0,PLAN_TOP_OBSERVE,nan,nan,nan,nan,0.000000
0.450000,0.550000,70.000000,0,PLAN_TOP_OBSERVE,nan,nan,nan,nan,0.000000
0.450000,0.550000,80.000000,0,PLAN_TOP_OBSERVE,nan,nan,nan,nan,0.000000
0.500000,0.550000,0.000000,0,PLAN_TOP_OBSERVE,nan,nan,nan,nan,0.000000
0.500000,0.550000,10.000000,0,PLAN_TOP_OBSERVE,nan,nan,nan,nan,0.000000
0.500000,0.550000,20.000000,0,PLAN_TOP_OBSERVE,nan,nan,nan,nan,0.000000
0.500000,0.550000,30.000000,0,PLAN_TOP_OBSERVE,nan,nan,nan,nan,0.000000
0.500000,0.550000,40.000000,0,PLAN_TOP_OBSERVE,nan,nan,nan,nan,0.000000
0.500000,0.550000,50.000000,0,PLAN_TOP_OBSERVE,nan,nan,nan,nan,0.000000
0.500000,0.550000,60.000000,0,PLAN_TOP_OBSERVE,nan,nan,nan,nan,0.000000
0.500000,0.550000,70.000000,0,PLAN_TOP_OBSERVE,nan,nan,nan,nan,0.000000
0.500000,0.550000,80.000000,0,PLAN_TOP_OBSERVE,nan,nan,nan,nan,0.000000
0.550000,0.550000,0.000000,0,PLAN_TOP_OBSERVE,nan,nan,nan,nan,0.000000
0.550000,0.550000,10.000000,0,PLAN_TOP_OBSERVE,nan,nan,nan,nan,0.000000
0.550000,0.550000,20.000000,0,PLAN_TOP_OBSERVE,nan,nan,nan,nan,0.000000
0.550000,0.550000,30.000000,0,PLAN_TOP_OBSERVE,nan,nan,nan,nan,0.000000
0.550000,0.550000,40.000000,0,PLAN_TOP_OBSERVE,nan,nan,nan,nan,0.000000
0.550000,0.550000,50.000000,0,PLAN_TOP_OBSERVE,nan,nan,nan,nan,0.000000
0.550000,0.550000,60.000000,0,PLAN_TOP_OBSERVE,nan,nan,nan,nan,0.000000
0.550000,0.550000,70.000000,0,PLAN_TOP_OBSERVE,nan,nan,nan,nan,0.000000
0.550000,0.550000,80.000000,0,PLAN_TOP_OBSERVE,nan,nan,nan,nan,0.000000
0.600000,0.550000,0.000000,0,PLAN_TOP_OBSERVE,nan,nan,nan,nan,0.000000
0.600000,0.550000,10.000000,0,PLAN_TOP_OBSERVE,nan,nan,nan,nan,0.000000
0.600000,0.550000,20.000000,0,PLAN_TOP_OBSERVE,nan,nan,nan,nan,0.000000
0.600000,0.550000,30.000000,0,PLAN_TOP_OBSERVE,nan,nan,nan,nan,0.000000
0.600000,0.550000,40.000000,0,PLAN_TOP_OBSERVE,nan,nan,nan,nan,0.000000
0.600000,0.550000,50.000000,0,PLAN_TOP_OBSERVE,nan,nan,nan,nan,0.000000
0.600000,0.550000,60.000000,0,PLAN_TOP_OBSERVE,nan,nan,nan,nan,0.000000
0.600000,0.550000,70.000000,0,PLAN_TOP_OBSERVE,nan,nan,nan,nan,0.000000
0.600000,0.550000,80.000000,0,PLAN_TOP_OBSERVE,nan,nan,nan,nan,0.000000
0.650000,0.550000,0.000000,0,PLAN_TOP_OBSERVE,nan,nan,nan,nan,0.000000
0.650000,0.550000,10.000000,0,PLAN_TOP_OBSERVE,nan,nan,nan,nan,0.000000
0.650000,0.550000,20.000000,0,PLAN_TOP_OBSERVE,nan,nan,nan,nan,0.000000
0.650000,0.550000,30.000000,0,PLAN_TOP_OBSERVE,nan,nan,nan,nan,0.000000
0.650000,0.550000,40.000000,0,PLAN_TOP_OBSERVE,nan,nan,nan,nan,0.000000
0.650000,0.550000,50.000000,0,PLAN_TOP_OBSERVE,nan,nan,nan,nan,0.000000
0.650000,0.550000,60.000000,0,PLAN_TOP_OBSERVE,nan,nan,nan,nan,0.000000
0.650000,0.550000,70.000000,0,PLAN_TOP_OBSERVE,nan,nan,nan,nan,0.000000
0.650000,0.550000,80.000000,0,PLAN_TOP_OBSERVE,nan,nan,nan,nan,0.000000
0.700000,0.550000,0.000000,0,PLAN_TOP_OBSERVE,nan,nan,nan,nan,0.000000
0.700000,0.550000,10.000000,0,PLAN_TOP_OBSERVE,nan,nan,nan,nan,0.000000
0.700000,0.550000,20.000000,0,PLAN_TOP_OBSERVE,nan,nan,nan,nan,0.000000
0.700000,0.550000,30.000000,0,PLAN_TOP_OBSERVE,nan,nan,nan,nan,0.000000
0.700000,0.550000,40.000000,0,PLAN_TOP_OBSERVE,nan,nan,nan,nan,0.000000
0.700000,0.550000,50.000000,0,PLAN_TOP_OBSERVE,nan,nan,nan,nan,0.000000
0.700000,0.550000,60.000000,0,PLAN_TOP_OBSERVE,nan,nan,nan,nan,0.000000
0.700000,0.550000,70.000000,0,PLAN_TOP_OBSERVE,nan,nan,nan,nan,0.000000
0.700000,0.550000,80.000000,0,PLAN_TOP_OBSERVE,nan,nan,nan,nan,0.000000
-0.700000,0.600000,0.000000,0,PLAN_TOP_OBSERVE,nan,nan,nan,nan,0.000000
-0.700000,0.600000,10.000000,0,PLAN_TOP_OBSERVE,nan,nan,nan,nan,0.000000
-0.700000,0.600000,20.000000,0,PLAN_TOP_OBSERVE,nan,nan,nan,nan,0.000000
-0.700000,0.600000,30.000000,0,PLAN_TOP_OBSERVE,nan,nan,nan,nan,0.000000
-0.700000,0.600000,40.000000,0,PLAN_TOP_OBSERVE,nan,nan,nan,nan,0.000000
-0.700000,0.600000,50.000000,0,PLAN_TOP_OBSERVE,nan,nan,nan,nan,0.000000
-0.700000,0.600000,60.000000,0,PLAN_TOP_OBSERVE,nan,nan,nan,nan,0.000000
-0.700000,0.600000,70.000000,0,PLAN_TOP_OBSERVE,nan,nan,nan,nan,0.000000
-0.700000,0.600000,80.000000,0,PLAN_TOP_OBSERVE,nan,nan,nan,nan,0.000000
-0.650000,0.600000,0.000000,0,PLAN_TOP_OBSERVE,nan,nan,nan,nan,0.000000
-0.650000,0.600000,10.000000,0,PLAN_TOP_OBSERVE,nan,nan,nan,nan,0.000000
-0.650000,0.600000,20.000000,0,PLAN_TOP_OBSERVE,nan,nan,nan,nan,0.000000
-0.650000,0.600000,30.000000,0,PLAN_TOP_OBSERVE,nan,nan,nan,nan,0.000000
-0.650000,0.600000,40.000000,0,PLAN_TOP_OBSERVE,nan,nan,nan,nan,0.000000
-0.650000,0.600000,50.000000,0,PLAN_TOP_OBSERVE,nan,nan,nan,nan,0.000000
-0.650000,0.600000,60.000000,0,PLAN_TOP_OBSERVE,nan,nan,nan,nan,0.000000
-0.650000,0.600000,70.000000,0,PLAN_TOP_OBSERVE,nan,nan,nan,nan,0.000000
-0.650000,0.600000,80.000000,0,PLAN_TOP_OBSERVE,nan,nan,nan,nan,0.000000
-0.600000,0.600000,0.000000,0,PLAN_TOP_OBSERVE,nan,nan,nan,nan,0.000000
-0.600000,0.600000,10.000000,0,PLAN_TOP_OBSERVE,nan,nan,nan,nan,0.000000
-0.600000,0.600000,20.000000,0,PLAN_TOP_OBSERVE,nan,nan,nan,nan,0.000000
-0.600000,0.600000,30.000000,0,PLAN_TOP_OBSERVE,nan,nan,nan,nan,0.000000
-0.600000,0.600000,40.000000,0,PLAN_TOP_OBSERVE,nan,nan,nan,nan,0.000000
-0.600000,0.600000,50.000000,0,PLAN_TOP_OBSERVE,nan,nan,nan,nan,0.000000
-0.600000,0.600000,60.000000,0,PLAN_TOP_OBSERVE,nan,nan,nan,nan,0.000000
-0.600000,0.600000,70.000000,0,PLAN_TOP_OBSERVE,nan,nan,nan,nan,0.000000
-0.600000,0.600000,80.000000,0,PLAN_TOP_OBSERVE,nan,nan,nan,nan,0.000000
-0.550000,0.600000,0.000000,0,PLAN_TOP_OBSERVE,nan,nan,nan,nan,0.000000
-0.550000,0.600000,10.000000,0,PLAN_TOP_OBSERVE,nan,nan,nan,nan,0.000000
-0.550000,0.600000,20.000000,0,PLAN_TOP_OBSERVE,nan,nan,nan,nan,0.000000
-0.550000,0.600000,30.000000,0,PLAN_TOP_OBSERVE,nan,nan,nan,nan,0.000000
-0.550000,0.600000,40.000000,0,PLAN_TOP_OBSERVE,nan,nan,nan,nan,0.000000
-0.550000,0.600000,50.000000,0,PLAN_TOP_OBSERVE,nan,nan,nan,nan,0.000000
-0.550000,0.600000,60.000000,0,PLAN_TOP_OBSERVE,nan,nan,nan,nan,0.000000
-0.550000,0.600000,70.000000,0,PLAN_TOP_OBSERVE,nan,nan,nan,nan,0.000000
-0.550000,0.600000,80.000000,0,PLAN_TOP_OBSERVE,nan,nan,nan,nan,0.000000
-0.500000,0.600000,0.000000,0,PLAN_TOP_OBSERVE,nan,nan,nan,nan,0.000000
-0.500000,0.600000,10.000000,0,PLAN_TOP_OBSERVE,nan,nan,nan,nan,0.000000
-0.500000,0.600000,20.000000,0,PLAN_TOP_OBSERVE,nan,nan,nan,nan,0.000000
-0.500000,0.600000,30.000000,0,PLAN_TOP_OBSERVE,nan,nan,nan,nan,0.000000
-0.500000,0.600000,40.000000,0,PLAN_TOP_OBSERVE,nan,nan,nan,nan,0.000000
-0.500000,0.600000,50.000000,0,PLAN_TOP_OBSERVE,nan,nan,nan,nan,0.000000
-0.500000,0.600000,60.000000,0,PLAN_TOP_OBSERVE,nan,nan,nan,nan,0.000000
-0.500000,0.600000,70.000000,0,PLAN_TOP_OBSERVE,nan,nan,nan,nan,0.000000
-0.500000,0.600000,80.000000,0,PLAN_TOP_OBSERVE,nan,nan,nan,nan,0.000000
-0.450000,0.600000,0.000000,0,PLAN_TOP_OBSERVE,nan,nan,nan,nan,0.000000
-0.450000,0.600000,10.000000,0,PLAN_TOP_OBSERVE,nan,nan,nan,nan,0.000000
-0.450000,0.600000,20.000000,0,PLAN_TOP_OBSERVE,nan,nan,nan,nan,0.000000
-0.450000,0.600000,30.000000,0,PLAN_TOP_OBSERVE,nan,nan,nan,nan,0.000000
-0.450000,0.600000,40.000000,0,PLAN_TOP_OBSERVE,nan,nan,nan,nan,0.000000
-0.450000,0.600000,50.000000,0,PLAN_TOP_OBSERVE,nan,nan,nan,nan,0.000000
-0.450000,0.600000,60.000000,0,PLAN_TOP_OBSERVE,nan,nan,nan,nan,0.000000
-0.450000,0.600000,70.000000,0,PLAN_TOP_OBSERVE,nan,nan,nan,nan,0.000000
-0.450000,0.600000,80.000000,0,PLAN_TOP_OBSERVE,nan,nan,nan,nan,0.000000
-0.400000,0.600000,0.000000,0,PLAN_TOP_OBSERVE,nan,nan,nan,nan,0.000000
-0.400000,0.600000,10.000000,0,PLAN_TOP_OBSERVE,nan,nan,nan,nan,0.000000
-0.400000,0.600000,20.000000,0,PLAN_TOP_OBSERVE,nan,nan,nan,nan,0.000000
-0.400000,0.600000,30.000000,0,PLAN_TOP_OBSERVE,nan,nan,nan,nan,0.000000
-0.400000,0.600000,40.000000,0,PLAN_TOP_OBSERVE,nan,nan,nan,nan,0.000000
-0.400000,0.600000,50.000000,0,PLAN_TOP_OBSERVE,nan,nan,nan,nan,0.000000
-0.400000,0.600000,60.000000,0,PLAN_TOP_OBSERVE,nan,nan,nan,nan,0.000000
-0.400000,0.600000,70.000000,0,PLAN_TOP_OBSERVE,nan,nan,nan,nan,0.000000
-0.400000,0.600000,80.000000,0,PLAN_TOP_OBSERVE,nan,nan,nan,nan,0.000000
-0.350000,0.600000,0.000000,0,PLAN_TOP_OBSERVE,nan,nan,nan,nan,0.000000
-0.350000,0.600000,10.000000,0,PLAN_TOP_OBSERVE,nan,nan,nan,nan,0.000000
-0.350000,0.600000,20.000000,0,PLAN_TOP_OBSERVE,nan,nan,nan,nan,0.000000
-0.350000,0.600000,30.000000,0,PLAN_TOP_OBSERVE,nan,nan,nan,nan,0.000000
-0.350000,0.600000,40.000000,0,PLAN_TOP_OBSERVE,nan,nan,nan,nan,0.000000
-0.350000,0.600000,50.000000,0,PLAN_TOP_OBSERVE,nan,nan,nan,nan,0.000000
-0.350000,0.600000,60.000000,0,PLAN_TOP_OBSERVE,nan,nan,nan,nan,0.000000
-0.350000,0.600000,70.000000,0,PLAN_TOP_OBSERVE,nan,nan,nan,nan,0.000000
-0.350000,0.600000,80.000000,0,PLAN_TOP_OBSERVE,nan,nan,nan,nan,0.000000
-0.300000,0.600000,0.000000,0,PLAN_TOP_OBSERVE,nan,nan,nan,nan,0.000000
-0.300000,0.600000,10.000000,0,PLAN_TOP_OBSERVE,nan,nan,nan,nan,0.000000
-0.300000,0.600000,20.000000,0,PLAN_TOP_OBSERVE,nan,nan,nan,nan,0.000000
-0.300000,0.600000,30.000000,0,PLAN_TOP_OBSERVE,nan,nan,nan,nan,0.000000
-0.300000,0.600000,40.000000,0,PLAN_TOP_OBSERVE,nan,nan,nan,nan,0.000000
-0.300000,0.600000,50.000000,0,PLAN_TOP_OBSERVE,nan,nan,nan,nan,0.000000
-0.300000,0.600000,60.000000,0,PLAN_TOP_OBSERVE,nan,nan,nan,nan,0.000000
-0.300000,0.600000,70.000000,0,PLAN_TOP_OBSERVE,nan,nan,nan,nan,0.000000
-0.300000,0.600000,80.000000,0,PLAN_TOP_OBSERVE,nan,nan,nan,nan,0.000000
-0.250000,0.600000,0.000000,0,PLAN_TOP_OBSERVE,nan,nan,nan,nan,0.000000
-0.250000,0.600000,10.000000,0,PLAN_TOP_OBSERVE,nan,nan,nan,nan,0.000000
-0.250000,0.600000,20.000000,0,PLAN_TOP_OBSERVE,nan,nan,nan,nan,0.000000
-0.250000,0.600000,30.000000,0,PLAN_TOP_OBSERVE,nan,nan,nan,nan,0.000000
-0.250000,0.600000,40.000000,0,PLAN_TOP_OBSERVE,nan,nan,nan,nan,0.000000
-0.250000,0.600000,50.000000,0,PLAN_TOP_OBSERVE,nan,nan,nan,nan,0.000000
-0.250000,0.600000,60.000000,0,PLAN_TOP_OBSERVE,nan,nan,nan,nan,0.000000
-0.250000,0.600000,70.000000,0,PLAN_TOP_OBSERVE,nan,nan,nan,nan,0.000000
-0.250000,0.600000,80.000000,0,PLAN_TOP_OBSERVE,nan,nan,nan,nan,0.000000
-0.200000,0.600000,0.000000,0,PLAN_TOP_OBSERVE,nan,nan,nan,nan,0.000000
-0.200000,0.600000,10.000000,0,PLAN_TOP_OBSERVE,nan,nan,nan,nan,0.000000
-0.200000,0.600000,20.000000,0,PLAN_TOP_OBSERVE,nan,nan,nan,nan,0.000000
-0.200000,0.600000,30.000000,0,PLAN_TOP_OBSERVE,nan,nan,nan,nan,0.000000
-0.200000,0.600000,40.000000,0,PLAN_TOP_OBSERVE,nan,nan,nan,nan,0.000000
-0.200000,0.600000,50.000000,0,PLAN_TOP_OBSERVE,nan,nan,nan,nan,0.000000
-0.200000,0.600000,60.000000,0,PLAN_TOP_OBSERVE,nan,nan,nan,nan,0.000000
-0.200000,0.600000,70.000000,0,PLAN_TOP_OBSERVE,nan,nan,nan,nan,0.000000
-0.200000,0.600000,80.000000,0,PLAN_TOP_OBSERVE,nan,nan,nan,nan,0.000000
-0.150000,0.600000,0.000000,0,PLAN_TOP_OBSERVE,nan,nan,nan,nan,0.000000
-0.150000,0.600000,10.000000,0,PLAN_TOP_OBSERVE,nan,nan,nan,nan,0.000000
-0.150000,0.600000,20.000000,0,PLAN_TOP_OBSERVE,nan,nan,nan,nan,0.000000
-0.150000,0.600000,30.000000,0,PLAN_TOP_OBSERVE,nan,nan,nan,nan,0.000000
-0.150000,0.600000,40.000000,0,PLAN_TOP_OBSERVE,nan,nan,nan,nan,0.000000
-0.150000,0.600000,50.000000,0,PLAN_TOP_OBSERVE,nan,nan,nan,nan,0.000000
-0.150000,0.600000,60.000000,0,PLAN_TOP_OBSERVE,nan,nan,nan,nan,0.000000
-0.150000,0.600000,70.000000,0,PLAN_TOP_OBSERVE,nan,nan,nan,nan,0.000000
-0.150000,0.600000,80.000000,0,PLAN_TOP_OBSERVE,nan,nan,nan,nan,0.000000
-0.100000,0.600000,0.000000,0,PLAN_TOP_OBSERVE,nan,nan,nan,nan,0.000000
-0.100000,0.600000,10.000000,0,PLAN_TOP_OBSERVE,nan,nan,nan,nan,0.000000
-0.100000,0.600000,20.000000,0,PLAN_TOP_OBSERVE,nan,nan,nan,nan,0.000000
-0.100000,0.600000,30.000000,0,PLAN_TOP_OBSERVE,nan,nan,nan,nan,0.000000
-0.100000,0.600000,40.000000,0,PLAN_TOP_OBSERVE,nan,nan,nan,nan,0.000000
-0.100000,0.600000,50.000000,0,PLAN_TOP_OBSERVE,nan,nan,nan,nan,0.000000
-0.100000,0.600000,60.000000,0,PLAN_TOP_OBSERVE,nan,nan,nan,nan,0.000000
-0.100000,0.600000,70.000000,0,PLAN_TOP_OBSERVE,nan,nan,nan,nan,0.000000
-0.100000,0.600000,80.000000,0,PLAN_TOP_OBSERVE,nan,nan,nan,nan,0.000000
-0.050000,0.600000,0.000000,0,PLAN_TOP_OBSERVE,nan,nan,nan,nan,0.000000
-0.050000,0.600000,10.000000,0,PLAN_TOP_OBSERVE,nan,nan,nan,nan,0.000000
-0.050000,0.600000,20.000000,0,PLAN_TOP_OBSERVE,nan,nan,nan,nan,0.000000
-0.050000,0.600000,30.000000,0,PLAN_TOP_OBSERVE,nan,nan,nan,nan,0.000000
-0.050000,0.600000,40.000000,0,PLAN_TOP_OBSERVE,nan,nan,nan,nan,0.000000
-0.050000,0.600000,50.000000,0,PLAN_TOP_OBSERVE,nan,nan,nan,nan,0.000000
-0.050000,0.600000,60.000000,0,PLAN_TOP_OBSERVE,nan,nan,nan,nan,0.000000
-0.050000,0.600000,70.000000,0,PLAN_TOP_OBSERVE,nan,nan,nan,nan,0.000000
-0.050000,0.600000,80.000000,0,PLAN_TOP_OBSERVE,nan,nan,nan,nan,0.000000
0.000000,0.600000,0.000000,0,PLAN_TOP_OBSERVE,nan,nan,nan,nan,0.000000
0.000000,0.600000,10.000000,0,PLAN_TOP_OBSERVE,nan,nan,nan,nan,0.000000
0.000000,0.600000,20.000000,0,PLAN_TOP_OBSERVE,nan,nan,nan,nan,0.000000
0.000000,0.600000,30.000000,0,PLAN_TOP_OBSERVE,nan,nan,nan,nan,0.000000
0.000000,0.600000,40.000000,0,PLAN_TOP_OBSERVE,nan,nan,nan,nan,0.000000
0.000000,0.600000,50.000000,0,PLAN_TOP_OBSERVE,nan,nan,nan,nan,0.000000
0.000000,0.600000,60.000000,0,PLAN_TOP_OBSERVE,nan,nan,nan,nan,0.000000
0.000000,0.600000,70.000000,0,PLAN_TOP_OBSERVE,nan,nan,nan,nan,0.000000
0.000000,0.600000,80.000000,0,PLAN_TOP_OBSERVE,nan,nan,nan,nan,0.000000
0.050000,0.600000,0.000000,0,PLAN_TOP_OBSERVE,nan,nan,nan,nan,0.000000
0.050000,0.600000,10.000000,0,PLAN_TOP_OBSERVE,nan,nan,nan,nan,0.000000
0.050000,0.600000,20.000000,0,PLAN_TOP_OBSERVE,nan,nan,nan,nan,0.000000
0.050000,0.600000,30.000000,0,PLAN_TOP_OBSERVE,nan,nan,nan,nan,0.000000
0.050000,0.600000,40.000000,0,PLAN_TOP_OBSERVE,nan,nan,nan,nan,0.000000
0.050000,0.600000,50.000000,0,PLAN_TOP_OBSERVE,nan,nan,nan,nan,0.000000
0.050000,0.600000,60.000000,0,PLAN_TOP_OBSERVE,nan,nan,nan,nan,0.000000
0.050000,0.600000,70.000000,0,PLAN_TOP_OBSERVE,nan,nan,nan,nan,0.000000
0.050000,0.600000,80.000000,0,PLAN_TOP_OBSERVE,nan,nan,nan,nan,0.000000
0.100000,0.600000,0.000000,0,PLAN_TOP_OBSERVE,nan,nan,nan,nan,0.000000
0.100000,0.600000,10.000000,0,PLAN_TOP_OBSERVE,nan,nan,nan,nan,0.000000
0.100000,0.600000,20.000000,0,PLAN_TOP_OBSERVE,nan,nan,nan,nan,0.000000
0.100000,0.600000,30.000000,0,PLAN_TOP_OBSERVE,nan,nan,nan,nan,0.000000
0.100000,0.600000,40.000000,0,PLAN_TOP_OBSERVE,nan,nan,nan,nan,0.000000
0.100000,0.600000,50.000000,0,PLAN_TOP_OBSERVE,nan,nan,nan,nan,0.000000
0.100000,0.600000,60.000000,0,PLAN_TOP_OBSERVE,nan,nan,nan,nan,0.000000
0.100000,0.600000,70.000000,0,PLAN_TOP_OBSERVE,nan,nan,nan,nan,0.000000
0.100000,0.600000,80.000000,0,PLAN_TOP_OBSERVE,nan,nan,nan,nan,0.000000
0.150000,0.600000,0.000000,0,PLAN_TOP_OBSERVE,nan,nan,nan,nan,0.000000
0.150000,0.600000,10.000000,0,PLAN_TOP_OBSERVE,nan,nan,nan,nan,0.000000
0.150000,0.600000,20.000000,0,PLAN_TOP_OBSERVE,nan,nan,nan,nan,0.000000
0.150000,0.600000,30.000000,0,PLAN_TOP_OBSERVE,nan,nan,nan,nan,0.000000
0.150000,0.600000,40.000000,0,PLAN_TOP_OBSERVE,nan,nan,nan,nan,0.000000
0.150000,0.600000,50.000000,0,PLAN_TOP_OBSERVE,nan,nan,nan,nan,0.000000
0.150000,0.600000,60.000000,0,PLAN_TOP_OBSERVE,nan,nan,nan,nan,0.000000
0.150000,0.600000,70.000000,0,PLAN_TOP_OBSERVE,nan,nan,nan,nan,0.000000
0.150000,0.600000,80.000000,0,PLAN_TOP_OBSERVE,nan,nan,nan,nan,0.000000
0.200000,0.600000,0.000000,0,PLAN_TOP_OBSERVE,nan,nan,nan,nan,0.000000
0.200000,0.600000,10.000000,0,PLAN_TOP_OBSERVE,nan,nan,nan,nan,0.000000
0.200000,0.600000,20.000000,0,PLAN_TOP_OBSERVE,nan,nan,nan,nan,0.000000
0.200000,0.600000,30.000000,0,PLAN_TOP_OBSERVE,nan,nan,nan,nan,0.000000
0.200000,0.600000,40.000000,0,PLAN_TOP_OBSERVE,nan,nan,nan,nan,0.000000
0.200000,0.600000,50.000000,0,PLAN_TOP_OBSERVE,nan,nan,nan,nan,0.000000
0.200000,0.600000,60.000000,0,PLAN_TOP_OBSERVE,nan,nan,nan,nan,0.000000
0.200000,0.600000,70.000000,0,PLAN_TOP_OBSERVE,nan,nan,nan,nan,0.000000
0.200000,0.600000,80.000000,0,PLAN_TOP_OBSERVE,nan,nan,nan,nan,0.000000
0.250000,0.600000,0.000000,0,PLAN_TOP_OBSERVE,nan,nan,nan,nan,0.000000
0.250000,0.600000,10.000000,0,PLAN_TOP_OBSERVE,nan,nan,nan,nan,0.000000
0.250000,0.600000,20.000000,0,PLAN_TOP_OBSERVE,nan,nan,nan,nan,0.000000
0.250000,0.600000,30.000000,0,PLAN_TOP_OBSERVE,nan,nan,nan,nan,0.000000
0.250000,0.600000,40.000000,0,PLAN_TOP_OBSERVE,nan,nan,nan,nan,0.000000
0.250000,0.600000,50.000000,0,PLAN_TOP_OBSERVE,nan,nan,nan,nan,0.000000
0.250000,0.600000,60.000000,0,PLAN_TOP_OBSERVE,nan,nan,nan,nan,0.000000
0.250000,0.600000,70.000000,0,PLAN_TOP_OBSERVE,nan,nan,nan,nan,0.000000
0.250000,0.600000,80.000000,0,PLAN_TOP_OBSERVE,nan,nan,nan,nan,0.000000
0.300000,0.600000,0.000000,0,PLAN_TOP_OBSERVE,nan,nan,nan,nan,0.000000
0.300000,0.600000,10.000000,0,PLAN_TOP_OBSERVE,nan,nan,nan,nan,0.000000
0.300000,0.600000,20.000000,0,PLAN_TOP_OBSERVE,nan,nan,nan,nan,0.000000
0.300000,0.600000,30.000000,0,PLAN_TOP_OBSERVE,nan,nan,nan,nan,0.000000
0.300000,0.600000,40.000000,0,PLAN_TOP_OBSERVE,nan,nan,nan,nan,0.000000
0.300000,0.600000,50.000000,0,PLAN_TOP_OBSERVE,nan,nan,nan,nan,0.000000
0.300000,0.600000,60.000000,0,PLAN_TOP_OBSERVE,nan,nan,nan,nan,0.000000
0.300000,0.600000,70.000000,0,PLAN_TOP_OBSERVE,nan,nan,nan,nan,0.000000
0.300000,0.600000,80.000000,0,PLAN_TOP_OBSERVE,nan,nan,nan,nan,0.000000
0.350000,0.600000,0.000000,0,PLAN_TOP_OBSERVE,nan,nan,nan,nan,0.000000
0.350000,0.600000,10.000000,0,PLAN_TOP_OBSERVE,nan,nan,nan,nan,0.000000
0.350000,0.600000,20.000000,0,PLAN_TOP_OBSERVE,nan,nan,nan,nan,0.000000
0.350000,0.600000,30.000000,0,PLAN_TOP_OBSERVE,nan,nan,nan,nan,0.000000
0.350000,0.600000,40.000000,0,PLAN_TOP_OBSERVE,nan,nan,nan,nan,0.000000
0.350000,0.600000,50.000000,0,PLAN_TOP_OBSERVE,nan,nan,nan,nan,0.000000
0.350000,0.600000,60.000000,0,PLAN_TOP_OBSERVE,nan,nan,nan,nan,0.000000
0.350000,0.600000,70.000000,0,PLAN_TOP_OBSERVE,nan,nan,nan,nan,0.000000
0.350000,0.600000,80.000000,0,PLAN_TOP_OBSERVE,nan,nan,nan,nan,0.000000
0.400000,0.600000,0.000000,0,PLAN_TOP_OBSERVE,nan,nan,nan,nan,0.000000
0.400000,0.600000,10.000000,0,PLAN_TOP_OBSERVE,nan,nan,nan,nan,0.000000
0.400000,0.600000,20.000000,0,PLAN_TOP_OBSERVE,nan,nan,nan,nan,0.000000
0.400000,0.600000,30.000000,0,PLAN_TOP_OBSERVE,nan,nan,nan,nan,0.000000
0.400000,0.600000,40.000000,0,PLAN_TOP_OBSERVE,nan,nan,nan,nan,0.000000
0.400000,0.600000,50.000000,0,PLAN_TOP_OBSERVE,nan,nan,nan,nan,0.000000
0.400000,0.600000,60.000000,0,PLAN_TOP_OBSERVE,nan,nan,nan,nan,0.000000
0.400000,0.600000,70.000000,0,PLAN_TOP_OBSERVE,nan,nan,nan,nan,0.000000
0.400000,0.600000,80.000000,0,PLAN_TOP_OBSERVE,nan,nan,nan,nan,0.000000
0.450000,0.600000,0.000000,0,PLAN_TOP_OBSERVE,nan,nan,nan,nan,0.000000
0.450000,0.600000,10.000000,0,PLAN_TOP_OBSERVE,nan,nan,nan,nan,0.000000
0.450000,0.600000,20.000000,0,PLAN_TOP_OBSERVE,nan,nan,nan,nan,0.000000
0.450000,0.600000,30.000000,0,PLAN_TOP_OBSERVE,nan,nan,nan,nan,0.000000
0.450000,0.600000,40.000000,0,PLAN_TOP_OBSERVE,nan,nan,nan,nan,0.000000
0.450000,0.600000,50.000000,0,PLAN_TOP_OBSERVE,nan,nan,nan,nan,0.000000
0.450000,0.600000,60.000000,0,PLAN_TOP_OBSERVE,nan,nan,nan,nan,0.000000
0.450000,0.600000,70.000000,0,PLAN_TOP_OBSERVE,nan,nan,nan,nan,0.000000
0.450000,0.600000,80.000000,0,PLAN_TOP_OBSERVE,nan,nan,nan,nan,0.000000
0.500000,0.600000,0.000000,0,PLAN_TOP_OBSERVE,nan,nan,nan,nan,0.000000
0.500000,0.600000,10.000000,0,PLAN_TOP_OBSERVE,nan,nan,nan,nan,0.000000
0.500000,0.600000,20.000000,0,PLAN_TOP_OBSERVE,nan,nan,nan,nan,0.000000
0.500000,0.600000,30.000000,0,PLAN_TOP_OBSERVE,nan,nan,nan,nan,0.000000
0.500000,0.600000,40.000000,0,PLAN_TOP_OBSERVE,nan,nan,nan,nan,0.000000
0.500000,0.600000,50.000000,0,PLAN_TOP_OBSERVE,nan,nan,nan,nan,0.000000
0.500000,0.600000,60.000000,0,PLAN_TOP_OBSERVE,nan,nan,nan,nan,0.000000
0.500000,0.600000,70.000000,0,PLAN_TOP_OBSERVE,nan,nan,nan,nan,0.000000
0.500000,0.600000,80.000000,0,PLAN_TOP_OBSERVE,nan,nan,nan,nan,0.000000
0.550000,0.600000,0.000000,0,PLAN_TOP_OBSERVE,nan,nan,nan,nan,0.000000
0.550000,0.600000,10.000000,0,PLAN_TOP_OBSERVE,nan,nan,nan,nan,0.000000
0.550000,0.600000,20.000000,0,PLAN_TOP_OBSERVE,nan,nan,nan,nan,0.000000
0.550000,0.600000,30.000000,0,PLAN_TOP_OBSERVE,nan,nan,nan,nan,0.000000
0.550000,0.600000,40.000000,0,PLAN_TOP_OBSERVE,nan,nan,nan,nan,0.000000
0.550000,0.600000,50.000000,0,PLAN_TOP_OBSERVE,nan,nan,nan,nan,0.000000
0.550000,0.600000,60.000000,0,PLAN_TOP_OBSERVE,nan,nan,nan,nan,0.000000
0.550000,0.600000,70.000000,0,PLAN_TOP_OBSERVE,nan,nan,nan,nan,0.000000
0.550000,0.600000,80.000000,0,PLAN_TOP_OBSERVE,nan,nan,nan,nan,0.000000
0.600000,0.600000,0.000000,0,PLAN_TOP_OBSERVE,nan,nan,nan,nan,0.000000
0.600000,0.600000,10.000000,0,PLAN_TOP_OBSERVE,nan,nan,nan,nan,0.000000
0.600000,0.600000,20.000000,0,PLAN_TOP_OBSERVE,nan,nan,nan,nan,0.000000
0.600000,0.600000,30.000000,0,PLAN_TOP_OBSERVE,nan,nan,nan,nan,0.000000
0.600000,0.600000,40.000000,0,PLAN_TOP_OBSERVE,nan,nan,nan,nan,0.000000
0.600000,0.600000,50.000000,0,PLAN_TOP_OBSERVE,nan,nan,nan,nan,0.000000
0.600000,0.600000,60.000000,0,PLAN_TOP_OBSERVE,nan,nan,nan,nan,0.000000
0.600000,0.600000,70.000000,0,PLAN_TOP_OBSERVE,nan,nan,nan,nan,0.000000
0.600000,0.600000,80.000000,0,PLAN_TOP_OBSERVE,nan,nan,nan,nan,0.000000
0.650000,0.600000,0.000000,0,PLAN_TOP_OBSERVE,nan,nan,nan,nan,0.000000
0.650000,0.600000,10.000000,0,PLAN_TOP_OBSERVE,nan,nan,nan,nan,0.000000
0.650000,0.600000,20.000000,0,PLAN_TOP_OBSERVE,nan,nan,nan,nan,0.000000
0.650000,0.600000,30.000000,0,PLAN_TOP_OBSERVE,nan,nan,nan,nan,0.000000
0.650000,0.600000,40.000000,0,PLAN_TOP_OBSERVE,nan,nan,nan,nan,0.000000
0.650000,0.600000,50.000000,0,PLAN_TOP_OBSERVE,nan,nan,nan,nan,0.000000
0.650000,0.600000,60.000000,0,PLAN_TOP_OBSERVE,nan,nan,nan,nan,0.000000
0.650000,0.600000,70.000000,0,PLAN_TOP_OBSERVE,nan,nan,nan,nan,0.000000
0.650000,0.600000,80.000000,0,PLAN_TOP_OBSERVE,nan,nan,nan,nan,0.000000
0.700000,0.600000,0.000000,0,PLAN_TOP_OBSERVE,nan,nan,nan,nan,0.000000
0.700000,0.600000,10.000000,0,PLAN_TOP_OBSERVE,nan,nan,nan,nan,0.000000
0.700000,0.600000,20.000000,0,PLAN_TOP_OBSERVE,nan,nan,nan,nan,0.000000
0.700000,0.600000,30.000000,0,PLAN_TOP_OBSERVE,nan,nan,nan,nan,0.000000
0.700000,0.600000,40.000000,0,PLAN_TOP_OBSERVE,nan,nan,nan,nan,0.000000
0.700000,0.600000,50.000000,0,PLAN_TOP_OBSERVE,nan,nan,nan,nan,0.000000
0.700000,0.600000,60.000000,0,PLAN_TOP_OBSERVE,nan,nan,nan,nan,0.000000
0.700000,0.600000,70.000000,0,PLAN_TOP_OBSERVE,nan,nan,nan,nan,0.000000
0.700000,0.600000,80.000000,0,PLAN_TOP_OBSERVE,nan,nan,nan,nan,0.000000
-0.700000,0.650000,0.000000,0,PLAN_TOP_OBSERVE,nan,nan,nan,nan,0.000000
-0.700000,0.650000,10.000000,0,PLAN_TOP_OBSERVE,nan,nan,nan,nan,0.000000
-0.700000,0.650000,20.000000,0,PLAN_TOP_OBSERVE,nan,nan,nan,nan,0.000000
-0.700000,0.650000,30.000000,0,PLAN_TOP_OBSERVE,nan,nan,nan,nan,0.000000
-0.700000,0.650000,40.000000,0,PLAN_TOP_OBSERVE,nan,nan,nan,nan,0.000000
-0.700000,0.650000,50.000000,0,PLAN_TOP_OBSERVE,nan,nan,nan,nan,0.000000
-0.700000,0.650000,60.000000,0,PLAN_TOP_OBSERVE,nan,nan,nan,nan,0.000000
-0.700000,0.650000,70.000000,0,PLAN_TOP_OBSERVE,nan,nan,nan,nan,0.000000
-0.700000,0.650000,80.000000,0,PLAN_TOP_OBSERVE,nan,nan,nan,nan,0.000000
-0.650000,0.650000,0.000000,0,PLAN_TOP_OBSERVE,nan,nan,nan,nan,0.000000
-0.650000,0.650000,10.000000,0,PLAN_TOP_OBSERVE,nan,nan,nan,nan,0.000000
-0.650000,0.650000,20.000000,0,PLAN_TOP_OBSERVE,nan,nan,nan,nan,0.000000
-0.650000,0.650000,30.000000,0,PLAN_TOP_OBSERVE,nan,nan,nan,nan,0.000000
-0.650000,0.650000,40.000000,0,PLAN_TOP_OBSERVE,nan,nan,nan,nan,0.000000
-0.650000,0.650000,50.000000,0,PLAN_TOP_OBSERVE,nan,nan,nan,nan,0.000000
-0.650000,0.650000,60.000000,0,PLAN_TOP_OBSERVE,nan,nan,nan,nan,0.000000
-0.650000,0.650000,70.000000,0,PLAN_TOP_OBSERVE,nan,nan,nan,nan,0.000000
-0.650000,0.650000,80.000000,0,PLAN_TOP_OBSERVE,nan,nan,nan,nan,0.000000
-0.600000,0.650000,0.000000,0,PLAN_TOP_OBSERVE,nan,nan,nan,nan,0.000000
-0.600000,0.650000,10.000000,0,PLAN_TOP_OBSERVE,nan,nan,nan,nan,0.000000
-0.600000,0.650000,20.000000,0,PLAN_TOP_OBSERVE,nan,nan,nan,nan,0.000000
-0.600000,0.650000,30.000000,0,PLAN_TOP_OBSERVE,nan,nan,nan,nan,0.000000
-0.600000,0.650000,40.000000,0,PLAN_TOP_OBSERVE,nan,nan,nan,nan,0.000000
-0.600000,0.650000,50.000000,0,PLAN_TOP_OBSERVE,nan,nan,nan,nan,0.000000
-0.600000,0.650000,60.000000,0,PLAN_TOP_OBSERVE,nan,nan,nan,nan,0.000000
-0.600000,0.650000,70.000000,0,PLAN_TOP_OBSERVE,nan,nan,nan,nan,0.000000
-0.600000,0.650000,80.000000,0,PLAN_TOP_OBSERVE,nan,nan,nan,nan,0.000000
-0.550000,0.650000,0.000000,0,PLAN_TOP_OBSERVE,nan,nan,nan,nan,0.000000
-0.550000,0.650000,10.000000,0,PLAN_TOP_OBSERVE,nan,nan,nan,nan,0.000000
-0.550000,0.650000,20.000000,0,PLAN_TOP_OBSERVE,nan,nan,nan,nan,0.000000
-0.550000,0.650000,30.000000,0,PLAN_TOP_OBSERVE,nan,nan,nan,nan,0.000000
-0.550000,0.650000,40.000000,0,PLAN_TOP_OBSERVE,nan,nan,nan,nan,0.000000
-0.550000,0.650000,50.000000,0,PLAN_TOP_OBSERVE,nan,nan,nan,nan,0.000000
-0.550000,0.650000,60.000000,0,PLAN_TOP_OBSERVE,nan,nan,nan,nan,0.000000
-0.550000,0.650000,70.000000,0,PLAN_TOP_OBSERVE,nan,nan,nan,nan,0.000000
-0.550000,0.650000,80.000000,0,PLAN_TOP_OBSERVE,nan,nan,nan,nan,0.000000
-0.500000,0.650000,0.000000,0,PLAN_TOP_OBSERVE,nan,nan,nan,nan,0.000000
-0.500000,0.650000,10.000000,0,PLAN_TOP_OBSERVE,nan,nan,nan,nan,0.000000
-0.500000,0.650000,20.000000,0,PLAN_TOP_OBSERVE,nan,nan,nan,nan,0.000000
-0.500000,0.650000,30.000000,0,PLAN_TOP_OBSERVE,nan,nan,nan,nan,0.000000
-0.500000,0.650000,40.000000,0,PLAN_TOP_OBSERVE,nan,nan,nan,nan,0.000000
-0.500000,0.650000,50.000000,0,PLAN_TOP_OBSERVE,nan,nan,nan,nan,0.000000
-0.500000,0.650000,60.000000,0,PLAN_TOP_OBSERVE,nan,nan,nan,nan,0.000000
-0.500000,0.650000,70.000000,0,PLAN_TOP_OBSERVE,nan,nan,nan,nan,0.000000
-0.500000,0.650000,80.000000,0,PLAN_TOP_OBSERVE,nan,nan,nan,nan,0.000000
-0.450000,0.650000,0.000000,0,PLAN_TOP_OBSERVE,nan,nan,nan,nan,0.000000
-0.450000,0.650000,10.000000,0,PLAN_TOP_OBSERVE,nan,nan,nan,nan,0.000000
-0.450000,0.650000,20.000000,0,PLAN_TOP_OBSERVE,nan,nan,nan,nan,0.000000
-0.450000,0.650000,30.000000,0,PLAN_TOP_OBSERVE,nan,nan,nan,nan,0.000000
-0.450000,0.650000,40.000000,0,PLAN_TOP_OBSERVE,nan,nan,nan,nan,0.000000
-0.450000,0.650000,50.000000,0,PLAN_TOP_OBSERVE,nan,nan,nan,nan,0.000000
-0.450000,0.650000,60.000000,0,PLAN_TOP_OBSERVE,nan,nan,nan,nan,0.000000
-0.450000,0.650000,70.000000,0,PLAN_TOP_OBSERVE,nan,nan,nan,nan,0.000000
-0.450000,0.650000,80.000000,0,PLAN_TOP_OBSERVE,nan,nan,nan,nan,0.000000
-0.400000,0.650000,0.000000,0,PLAN_TOP_OBSERVE,nan,nan,nan,nan,0.000000
-0.400000,0.650000,10.000000,0,PLAN_TOP_OBSERVE,nan,nan,nan,nan,0.000000
-0.400000,0.650000,20.000000,0,PLAN_TOP_OBSERVE,nan,nan,nan,nan,0.000000
-0.400000,0.650000,30.000000,0,PLAN_TOP_OBSERVE,nan,nan,nan,nan,0.000000
-0.400000,0.650000,40.000000,0,PLAN_TOP_OBSERVE,nan,nan,nan,nan,0.000000
-0.400000,0.650000,50.000000,0,PLAN_TOP_OBSERVE,nan,nan,nan,nan,0.000000
-0.400000,0.650000,60.000000,0,PLAN_TOP_OBSERVE,nan,nan,nan,nan,0.000000
-0.400000,0.650000,70.000000,0,PLAN_TOP_OBSERVE,nan,nan,nan,nan,0.000000
-0.400000,0.650000,80.000000,0,PLAN_TOP_OBSERVE,nan,nan,nan,nan,0.000000
-0.350000,0.650000,0.000000,0,PLAN_TOP_OBSERVE,nan,nan,nan,nan,0.000000
-0.350000,0.650000,10.000000,0,PLAN_TOP_OBSERVE,nan,nan,nan,nan,0.000000
-0.350000,0.650000,20.000000,0,PLAN_TOP_OBSERVE,nan,nan,nan,nan,0.000000
-0.350000,0.650000,30.000000,0,PLAN_TOP_OBSERVE,nan,nan,nan,nan,0.000000
-0.350000,0.650000,40.000000,0,PLAN_TOP_OBSERVE,nan,nan,nan,nan,0.000000
-0.350000,0.650000,50.000000,0,PLAN_TOP_OBSERVE,nan,nan,nan,nan,0.000000
-0.350000,0.650000,60.000000,0,PLAN_TOP_OBSERVE,nan,nan,nan,nan,0.000000
-0.350000,0.650000,70.000000,0,PLAN_TOP_OBSERVE,nan,nan,nan,nan,0.000000
-0.350000,0.650000,80.000000,0,PLAN_TOP_OBSERVE,nan,nan,nan,nan,0.000000
-0.300000,0.650000,0.000000,0,PLAN_TOP_OBSERVE,nan,nan,nan,nan,0.000000
-0.300000,0.650000,10.000000,0,PLAN_TOP_OBSERVE,nan,nan,nan,nan,0.000000
-0.300000,0.650000,20.000000,0,PLAN_TOP_OBSERVE,nan,nan,nan,nan,0.000000
-0.300000,0.650000,30.000000,0,PLAN_TOP_OBSERVE,nan,nan,nan,nan,0.000000
-0.300000,0.650000,40.000000,0,PLAN_TOP_OBSERVE,nan,nan,nan,nan,0.000000
-0.300000,0.650000,50.000000,0,PLAN_TOP_OBSERVE,nan,nan,nan,nan,0.000000
-0.300000,0.650000,60.000000,0,PLAN_TOP_OBSERVE,nan,nan,nan,nan,0.000000
-0.300000,0.650000,70.000000,0,PLAN_TOP_OBSERVE,nan,nan,nan,nan,0.000000
-0.300000,0.650000,80.000000,0,PLAN_TOP_OBSERVE,nan,nan,nan,nan,0.000000
-0.250000,0.650000,0.000000,0,PLAN_TOP_OBSERVE,nan,nan,nan,nan,0.000000
-0.250000,0.650000,10.000000,0,PLAN_TOP_OBSERVE,nan,nan,nan,nan,0.000000
-0.250000,0.650000,20.000000,0,PLAN_TOP_OBSERVE,nan,nan,nan,nan,0.000000
-0.250000,0.650000,30.000000,0,PLAN_TOP_OBSERVE,nan,nan,nan,nan,0.000000
-0.250000,0.650000,40.000000,0,PLAN_TOP_OBSERVE,nan,nan,nan,nan,0.000000
-0.250000,0.650000,50.000000,0,PLAN_TOP_OBSERVE,nan,nan,nan,nan,0.000000
-0.250000,0.650000,60.000000,0,PLAN_TOP_OBSERVE,nan,nan,nan,nan,0.000000
-0.250000,0.650000,70.000000,0,PLAN_TOP_OBSERVE,nan,nan,nan,nan,0.000000
-0.250000,0.650000,80.000000,0,PLAN_TOP_OBSERVE,nan,nan,nan,nan,0.000000
-0.200000,0.650000,0.000000,0,PLAN_TOP_OBSERVE,nan,nan,nan,nan,0.000000
-0.200000,0.650000,10.000000,0,PLAN_TOP_OBSERVE,nan,nan,nan,nan,0.000000
-0.200000,0.650000,20.000000,0,PLAN_TOP_OBSERVE,nan,nan,nan,nan,0.000000
-0.200000,0.650000,30.000000,0,PLAN_TOP_OBSERVE,nan,nan,nan,nan,0.000000
-0.200000,0.650000,40.000000,0,PLAN_TOP_OBSERVE,nan,nan,nan,nan,0.000000
-0.200000,0.650000,50.000000,0,PLAN_TOP_OBSERVE,nan,nan,nan,nan,0.000000
-0.200000,0.650000,60.000000,0,PLAN_TOP_OBSERVE,nan,nan,nan,nan,0.000000
-0.200000,0.650000,70.000000,0,PLAN_TOP_OBSERVE,nan,nan,nan,nan,0.000000
-0.200000,0.650000,80.000000,0,PLAN_TOP_OBSERVE,nan,nan,nan,nan,0.000000
-0.150000,0.650000,0.000000,0,PLAN_TOP_OBSERVE,nan,nan,nan,nan,0.000000
-0.150000,0.650000,10.000000,0,PLAN_TOP_OBSERVE,nan,nan,nan,nan,0.000000
-0.150000,0.650000,20.000000,0,PLAN_TOP_OBSERVE,nan,nan,nan,nan,0.000000
-0.150000,0.650000,30.000000,0,PLAN_TOP_OBSERVE,nan,nan,nan,nan,0.000000
-0.150000,0.650000,40.000000,0,PLAN_TOP_OBSERVE,nan,nan,nan,nan,0.000000
-0.150000,0.650000,50.000000,0,PLAN_TOP_OBSERVE,nan,nan,nan,nan,0.000000
-0.150000,0.650000,60.000000,0,PLAN_TOP_OBSERVE,nan,nan,nan,nan,0.000000
-0.150000,0.650000,70.000000,0,PLAN_TOP_OBSERVE,nan,nan,nan,nan,0.000000
-0.150000,0.650000,80.000000,0,PLAN_TOP_OBSERVE,nan,nan,nan,nan,0.000000
-0.100000,0.650000,0.000000,0,PLAN_TOP_OBSERVE,nan,nan,nan,nan,0.000000
-0.100000,0.650000,10.000000,0,PLAN_TOP_OBSERVE,nan,nan,nan,nan,0.000000
-0.100000,0.650000,20.000000,0,PLAN_TOP_OBSERVE,nan,nan,nan,nan,0.000000
-0.100000,0.650000,30.000000,0,PLAN_TOP_OBSERVE,nan,nan,nan,nan,0.000000
-0.100000,0.650000,40.000000,0,PLAN_TOP_OBSERVE,nan,nan,nan,nan,0.000000
-0.100000,0.650000,50.000000,0,PLAN_TOP_OBSERVE,nan,nan,nan,nan,0.000000
-0.100000,0.650000,60.000000,0,PLAN_TOP_OBSERVE,nan,nan,nan,nan,0.000000
-0.100000,0.650000,70.000000,0,PLAN_TOP_OBSERVE,nan,nan,nan,nan,0.000000
-0.100000,0.650000,80.000000,0,PLAN_TOP_OBSERVE,nan,nan,nan,nan,0.000000
-0.050000,0.650000,0.000000,0,PLAN_TOP_OBSERVE,nan,nan,nan,nan,0.000000
-0.050000,0.650000,10.000000,0,PLAN_TOP_OBSERVE,nan,nan,nan,nan,0.000000
-0.050000,0.650000,20.000000,0,PLAN_TOP_OBSERVE,nan,nan,nan,nan,0.000000
-0.050000,0.650000,30.000000,0,PLAN_TOP_OBSERVE,nan,nan,nan,nan,0.000000
-0.050000,0.650000,40.000000,0,PLAN_TOP_OBSERVE,nan,nan,nan,nan,0.000000
-0.050000,0.650000,50.000000,0,PLAN_TOP_OBSERVE,nan,nan,nan,nan,0.000000
-0.050000,0.650000,60.000000,0,PLAN_TOP_OBSERVE,nan,nan,nan,nan,0.000000
-0.050000,0.650000,70.000000,0,PLAN_TOP_OBSERVE,nan,nan,nan,nan,0.000000
-0.050000,0.650000,80.000000,0,PLAN_TOP_OBSERVE,nan,nan,nan,nan,0.000000
0.000000,0.650000,0.000000,0,PLAN_TOP_OBSERVE,nan,nan,nan,nan,0.000000
0.000000,0.650000,10.000000,0,PLAN_TOP_OBSERVE,nan,nan,nan,nan,0.000000
0.000000,0.650000,20.000000,0,PLAN_TOP_OBSERVE,nan,nan,nan,nan,0.000000
0.000000,0.650000,30.000000,0,PLAN_TOP_OBSERVE,nan,nan,nan,nan,0.000000
0.000000,0.650000,40.000000,0,PLAN_TOP_OBSERVE,nan,nan,nan,nan,0.000000
0.000000,0.650000,50.000000,0,PLAN_TOP_OBSERVE,nan,nan,nan,nan,0.000000
0.000000,0.650000,60.000000,0,PLAN_TOP_OBSERVE,nan,nan,nan,nan,0.000000
0.000000,0.650000,70.000000,0,PLAN_TOP_OBSERVE,nan,nan,nan,nan,0.000000
0.000000,0.650000,80.000000,0,PLAN_TOP_OBSERVE,nan,nan,nan,nan,0.000000
0.050000,0.650000,0.000000,0,PLAN_TOP_OBSERVE,nan,nan,nan,nan,0.000000
0.050000,0.650000,10.000000,0,PLAN_TOP_OBSERVE,nan,nan,nan,nan,0.000000
0.050000,0.650000,20.000000,0,PLAN_TOP_OBSERVE,nan,nan,nan,nan,0.000000
0.050000,0.650000,30.000000,0,PLAN_TOP_OBSERVE,nan,nan,nan,nan,0.000000
0.050000,0.650000,40.000000,0,PLAN_TOP_OBSERVE,nan,nan,nan,nan,0.000000
0.050000,0.650000,50.000000,0,PLAN_TOP_OBSERVE,nan,nan,nan,nan,0.000000
0.050000,0.650000,60.000000,0,PLAN_TOP_OBSERVE,nan,nan,nan,nan,0.000000
0.050000,0.650000,70.000000,0,PLAN_TOP_OBSERVE,nan,nan,nan,nan,0.000000
0.050000,0.650000,80.000000,0,PLAN_TOP_OBSERVE,nan,nan,nan,nan,0.000000
0.100000,0.650000,0.000000,0,PLAN_TOP_OBSERVE,nan,nan,nan,nan,0.000000
0.100000,0.650000,10.000000,0,PLAN_TOP_OBSERVE,nan,nan,nan,nan,0.000000
0.100000,0.650000,20.000000,0,PLAN_TOP_OBSERVE,nan,nan,nan,nan,0.000000
0.100000,0.650000,30.000000,0,PLAN_TOP_OBSERVE,nan,nan,nan,nan,0.000000
0.100000,0.650000,40.000000,0,PLAN_TOP_OBSERVE,nan,nan,nan,nan,0.000000
0.100000,0.650000,50.000000,0,PLAN_TOP_OBSERVE,nan,nan,nan,nan,0.000000
0.100000,0.650000,60.000000,0,PLAN_TOP_OBSERVE,nan,nan,nan,nan,0.000000
0.100000,0.650000,70.000000,0,PLAN_TOP_OBSERVE,nan,nan,nan,nan,0.000000
0.100000,0.650000,80.000000,0,PLAN_TOP_OBSERVE,nan,nan,nan,nan,0.000000
0.150000,0.650000,0.000000,0,PLAN_TOP_OBSERVE,nan,nan,nan,nan,0.000000
0.150000,0.650000,10.000000,0,PLAN_TOP_OBSERVE,nan,nan,nan,nan,0.000000
0.150000,0.650000,20.000000,0,PLAN_TOP_OBSERVE,nan,nan,nan,nan,0.000000
0.150000,0.650000,30.000000,0,PLAN_TOP_OBSERVE,nan,nan,nan,nan,0.000000
0.150000,0.650000,40.000000,0,PLAN_TOP_OBSERVE,nan,nan,nan,nan,0.000000
0.150000,0.650000,50.000000,0,PLAN_TOP_OBSERVE,nan,nan,nan,nan,0.000000
0.150000,0.650000,60.000000,0,PLAN_TOP_OBSERVE,nan,nan,nan,nan,0.000000
0.150000,0.650000,70.000000,0,PLAN_TOP_OBSERVE,nan,nan,nan,nan,0.000000
0.150000,0.650000,80.000000,0,PLAN_TOP_OBSERVE,nan,nan,nan,nan,0.000000
0.200000,0.650000,0.000000,0,PLAN_TOP_OBSERVE,nan,nan,nan,nan,0.000000
0.200000,0.650000,10.000000,0,PLAN_TOP_OBSERVE,nan,nan,nan,nan,0.000000
0.200000,0.650000,20.000000,0,PLAN_TOP_OBSERVE,nan,nan,nan,nan,0.000000
0.200000,0.650000,30.000000,0,PLAN_TOP_OBSERVE,nan,nan,nan,nan,0.000000
0.200000,0.650000,40.000000,0,PLAN_TOP_OBSERVE,nan,nan,nan,nan,0.000000
0.200000,0.650000,50.000000,0,PLAN_TOP_OBSERVE,nan,nan,nan,nan,0.000000
0.200000,0.650000,60.000000,0,PLAN_TOP_OBSERVE,nan,nan,nan,nan,0.000000
0.200000,0.650000,70.000000,0,PLAN_TOP_OBSERVE,nan,nan,nan,nan,0.000000
0.200000,0.650000,80.000000,0,PLAN_TOP_OBSERVE,nan,nan,nan,nan,0.000000
0.250000,0.650000,0.000000,0,PLAN_TOP_OBSERVE,nan,nan,nan,nan,0.000000
0.250000,0.650000,10.000000,0,PLAN_TOP_OBSERVE,nan,nan,nan,nan,0.000000
0.250000,0.650000,20.000000,0,PLAN_TOP_OBSERVE,nan,nan,nan,nan,0.000000
0.250000,0.650000,30.000000,0,PLAN_TOP_OBSERVE,nan,nan,nan,nan,0.000000
0.250000,0.650000,40.000000,0,PLAN_TOP_OBSERVE,nan,nan,nan,nan,0.000000
0.250000,0.650000,50.000000,0,PLAN_TOP_OBSERVE,nan,nan,nan,nan,0.000000
0.250000,0.650000,60.000000,0,PLAN_TOP_OBSERVE,nan,nan,nan,nan,0.000000
0.250000,0.650000,70.000000,0,PLAN_TOP_OBSERVE,nan,nan,nan,nan,0.000000
0.250000,0.650000,80.000000,0,PLAN_TOP_OBSERVE,nan,nan,nan,nan,0.000000
0.300000,0.650000,0.000000,0,PLAN_TOP_OBSERVE,nan,nan,nan,nan,0.000000
0.300000,0.650000,10.000000,0,PLAN_TOP_OBSERVE,nan,nan,nan,nan,0.000000
0.300000,0.650000,20.000000,0,PLAN_TOP_OBSERVE,nan,nan,nan,nan,0.000000
0.300000,0.650000,30.000000,0,PLAN_TOP_OBSERVE,nan,nan,nan,nan,0.000000
0.300000,0.650000,40.000000,0,PLAN_TOP_OBSERVE,nan,nan,nan,nan,0.000000
0.300000,0.650000,50.000000,0,PLAN_TOP_OBSERVE,nan,nan,nan,nan,0.000000
0.300000,0.650000,60.000000,0,PLAN_TOP_OBSERVE,nan,nan,nan,nan,0.000000
0.300000,0.650000,70.000000,0,PLAN_TOP_OBSERVE,nan,nan,nan,nan,0.000000
0.300000,0.650000,80.000000,0,PLAN_TOP_OBSERVE,nan,nan,nan,nan,0.000000
0.350000,0.650000,0.000000,0,PLAN_TOP_OBSERVE,nan,nan,nan,nan,0.000000
0.350000,0.650000,10.000000,0,PLAN_TOP_OBSERVE,nan,nan,nan,nan,0.000000
0.350000,0.650000,20.000000,0,PLAN_TOP_OBSERVE,nan,nan,nan,nan,0.000000
0.350000,0.650000,30.000000,0,PLAN_TOP_OBSERVE,nan,nan,nan,nan,0.000000
0.350000,0.650000,40.000000,0,PLAN_TOP_OBSERVE,nan,nan,nan,nan,0.000000
0.350000,0.650000,50.000000,0,PLAN_TOP_OBSERVE,nan,nan,nan,nan,0.000000
0.350000,0.650000,60.000000,0,PLAN_TOP_OBSERVE,nan,nan,nan,nan,0.000000
0.350000,0.650000,70.000000,0,PLAN_TOP_OBSERVE,nan,nan,nan,nan,0.000000
0.350000,0.650000,80.000000,0,PLAN_TOP_OBSERVE,nan,nan,nan,nan,0.000000
0.400000,0.650000,0.000000,0,PLAN_TOP_OBSERVE,nan,nan,nan,nan,0.000000
0.400000,0.650000,10.000000,0,PLAN_TOP_OBSERVE,nan,nan,nan,nan,0.000000
0.400000,0.650000,20.000000,0,PLAN_TOP_OBSERVE,nan,nan,nan,nan,0.000000
0.400000,0.650000,30.000000,0,PLAN_TOP_OBSERVE,nan,nan,nan,nan,0.000000
0.400000,0.650000,40.000000,0,PLAN_TOP_OBSERVE,nan,nan,nan,nan,0.000000
0.400000,0.650000,50.000000,0,PLAN_TOP_OBSERVE,nan,nan,nan,nan,0.000000
0.400000,0.650000,60.000000,0,PLAN_TOP_OBSERVE,nan,nan,nan,nan,0.000000
0.400000,0.650000,70.000000,0,PLAN_TOP_OBSERVE,nan,nan,nan,nan,0.000000
0.400000,0.650000,80.000000,0,PLAN_TOP_OBSERVE,nan,nan,nan,nan,0.000000
0.450000,0.650000,0.000000,0,PLAN_TOP_OBSERVE,nan,nan,nan,nan,0.000000
0.450000,0.650000,10.000000,0,PLAN_TOP_OBSERVE,nan,nan,nan,nan,0.000000
0.450000,0.650000,20.000000,0,PLAN_TOP_OBSERVE,nan,nan,nan,nan,0.000000
0.450000,0.650000,30.000000,0,PLAN_TOP_OBSERVE,nan,nan,nan,nan,0.000000
0.450000,0.650000,40.000000,0,PLAN_TOP_OBSERVE,nan,nan,nan,nan,0.000000
0.450000,0.650000,50.000000,0,PLAN_TOP_OBSERVE,nan,nan,nan,nan,0.000000
0.450000,0.650000,60.000000,0,PLAN_TOP_OBSERVE,nan,nan,nan,nan,0.000000
0.450000,0.650000,70.000000,0,PLAN_TOP_OBSERVE,nan,nan,nan,nan,0.000000
0.450000,0.650000,80.000000,0,PLAN_TOP_OBSERVE,nan,nan,nan,nan,0.000000
0.500000,0.650000,0.000000,0,PLAN_TOP_OBSERVE,nan,nan,nan,nan,0.000000
0.500000,0.650000,10.000000,0,PLAN_TOP_OBSERVE,nan,nan,nan,nan,0.000000
0.500000,0.650000,20.000000,0,PLAN_TOP_OBSERVE,nan,nan,nan,nan,0.000000
0.500000,0.650000,30.000000,0,PLAN_TOP_OBSERVE,nan,nan,nan,nan,0.000000
0.500000,0.650000,40.000000,0,PLAN_TOP_OBSERVE,nan,nan,nan,nan,0.000000
0.500000,0.650000,50.000000,0,PLAN_TOP_OBSERVE,nan,nan,nan,nan,0.000000
0.500000,0.650000,60.000000,0,PLAN_TOP_OBSERVE,nan,nan,nan,nan,0.000000
0.500000,0.650000,70.000000,0,PLAN_TOP_OBSERVE,nan,nan,nan,nan,0.000000
0.500000,0.650000,80.000000,0,PLAN_TOP_OBSERVE,nan,nan,nan,nan,0.000000
0.550000,0.650000,0.000000,0,PLAN_TOP_OBSERVE,nan,nan,nan,nan,0.000000
0.550000,0.650000,10.000000,0,PLAN_TOP_OBSERVE,nan,nan,nan,nan,0.000000
0.550000,0.650000,20.000000,0,PLAN_TOP_OBSERVE,nan,nan,nan,nan,0.000000
0.550000,0.650000,30.000000,0,PLAN_TOP_OBSERVE,nan,nan,nan,nan,0.000000
0.550000,0.650000,40.000000,0,PLAN_TOP_OBSERVE,nan,nan,nan,nan,0.000000
0.550000,0.650000,50.000000,0,PLAN_TOP_OBSERVE,nan,nan,nan,nan,0.000000
0.550000,0.650000,60.000000,0,PLAN_TOP_OBSERVE,nan,nan,nan,nan,0.000000
0.550000,0.650000,70.000000,0,PLAN_TOP_OBSERVE,nan,nan,nan,nan,0.000000
0.550000,0.650000,80.000000,0,PLAN_TOP_OBSERVE,nan,nan,nan,nan,0.000000
0.600000,0.650000,0.000000,0,PLAN_TOP_OBSERVE,nan,nan,nan,nan,0.000000
0.600000,0.650000,10.000000,0,PLAN_TOP_OBSERVE,nan,nan,nan,nan,0.000000
0.600000,0.650000,20.000000,0,PLAN_TOP_OBSERVE,nan,nan,nan,nan,0.000000
0.600000,0.650000,30.000000,0,PLAN_TOP_OBSERVE,nan,nan,nan,nan,0.000000
0.600000,0.650000,40.000000,0,PLAN_TOP_OBSERVE,nan,nan,nan,nan,0.000000
0.600000,0.650000,50.000000,0,PLAN_TOP_OBSERVE,nan,nan,nan,nan,0.000000
0.600000,0.650000,60.000000,0,PLAN_TOP_OBSERVE,nan,nan,nan,nan,0.000000
0.600000,0.650000,70.000000,0,PLAN_TOP_OBSERVE,nan,nan,nan,nan,0.000000
0.600000,0.650000,80.000000,0,PLAN_TOP_OBSERVE,nan,nan,nan,nan,0.000000
0.650000,0.650000,0.000000,0,PLAN_TOP_OBSERVE,nan,nan,nan,nan,0.000000
0.650000,0.650000,10.000000,0,PLAN_TOP_OBSERVE,nan,nan,nan,nan,0.000000
0.650000,0.650000,20.000000,0,PLAN_TOP_OBSERVE,nan,nan,nan,nan,0.000000
0.650000,0.650000,30.000000,0,PLAN_TOP_OBSERVE,nan,nan,nan,nan,0.000000
0.650000,0.650000,40.000000,0,PLAN_TOP_OBSERVE,nan,nan,nan,nan,0.000000
0.650000,0.650000,50.000000,0,PLAN_TOP_OBSERVE,nan,nan,nan,nan,0.000000
0.650000,0.650000,60.000000,0,PLAN_TOP_OBSERVE,nan,nan,nan,nan,0.000000
0.650000,0.650000,70.000000,0,PLAN_TOP_OBSERVE,nan,nan,nan,nan,0.000000
0.650000,0.650000,80.000000,0,PLAN_TOP_OBSERVE,nan,nan,nan,nan,0.000000
0.700000,0.650000,0.000000,0,PLAN_TOP_OBSERVE,nan,nan,nan,nan,0.000000
0.700000,0.650000,10.000000,0,PLAN_TOP_OBSERVE,nan,nan,nan,nan,0.000000
0.700000,0.650000,20.000000,0,PLAN_TOP_OBSERVE,nan,nan,nan,nan,0.000000
0.700000,0.650000,30.000000,0,PLAN_TOP_OBSERVE,nan,nan,nan,nan,0.000000
0.700000,0.650000,40.000000,0,PLAN_TOP_OBSERVE,nan,nan,nan,nan,0.000000
0.700000,0.650000,50.000000,0,PLAN_TOP_OBSERVE,nan,nan,nan,nan,0.000000
0.700000,0.650000,60.000000,0,PLAN_TOP_OBSERVE,nan,nan,nan,nan,0.000000
0.700000,0.650000,70.000000,0,PLAN_TOP_OBSERVE,nan,nan,nan,nan,0.000000
0.700000,0.650000,80.000000,0,PLAN_TOP_OBSERVE,nan,nan,nan,nan,0.000000
-0.700000,0.700000,0.000000,0,PLAN_TOP_OBSERVE,nan,nan,nan,nan,0.000000
-0.700000,0.700000,10.000000,0,PLAN_TOP_OBSERVE,nan,nan,nan,nan,0.000000
-0.700000,0.700000,20.000000,0,PLAN_TOP_OBSERVE,nan,nan,nan,nan,0.000000
-0.700000,0.700000,30.000000,0,PLAN_TOP_OBSERVE,nan,nan,nan,nan,0.000000
-0.700000,0.700000,40.000000,0,PLAN_TOP_OBSERVE,nan,nan,nan,nan,0.000000
-0.700000,0.700000,50.000000,0,PLAN_TOP_OBSERVE,nan,nan,nan,nan,0.000000
-0.700000,0.700000,60.000000,0,PLAN_TOP_OBSERVE,nan,nan,nan,nan,0.000000
-0.700000,0.700000,70.000000,0,PLAN_TOP_OBSERVE,nan,nan,nan,nan,0.000000
-0.700000,0.700000,80.000000,0,PLAN_TOP_OBSERVE,nan,nan,nan,nan,0.000000
-0.650000,0.700000,0.000000,0,PLAN_TOP_OBSERVE,nan,nan,nan,nan,0.000000
-0.650000,0.700000,10.000000,0,PLAN_TOP_OBSERVE,nan,nan,nan,nan,0.000000
-0.650000,0.700000,20.000000,0,PLAN_TOP_OBSERVE,nan,nan,nan,nan,0.000000
-0.650000,0.700000,30.000000,0,PLAN_TOP_OBSERVE,nan,nan,nan,nan,0.000000
-0.650000,0.700000,40.000000,0,PLAN_TOP_OBSERVE,nan,nan,nan,nan,0.000000
-0.650000,0.700000,50.000000,0,PLAN_TOP_OBSERVE,nan,nan,nan,nan,0.000000
-0.650000,0.700000,60.000000,0,PLAN_TOP_OBSERVE,nan,nan,nan,nan,0.000000
-0.650000,0.700000,70.000000,0,PLAN_TOP_OBSERVE,nan,nan,nan,nan,0.000000
-0.650000,0.700000,80.000000,0,PLAN_TOP_OBSERVE,nan,nan,nan,nan,0.000000
-0.600000,0.700000,0.000000,0,PLAN_TOP_OBSERVE,nan,nan,nan,nan,0.000000
-0.600000,0.700000,10.000000,0,PLAN_TOP_OBSERVE,nan,nan,nan,nan,0.000000
-0.600000,0.700000,20.000000,0,PLAN_TOP_OBSERVE,nan,nan,nan,nan,0.000000
-0.600000,0.700000,30.000000,0,PLAN_TOP_OBSERVE,nan,nan,nan,nan,0.000000
-0.600000,0.700000,40.000000,0,PLAN_TOP_OBSERVE,nan,nan,nan,nan,0.000000
-0.600000,0.700000,50.000000,0,PLAN_TOP_OBSERVE,nan,nan,nan,nan,0.000000
-0.600000,0.700000,60.000000,0,PLAN_TOP_OBSERVE,nan,nan,nan,nan,0.000000
-0.600000,0.700000,70.000000,0,PLAN_TOP_OBSERVE,nan,nan,nan,nan,0.000000
-0.600000,0.700000,80.000000,0,PLAN_TOP_OBSERVE,nan,nan,nan,nan,0.000000
-0.550000,0.700000,0.000000,0,PLAN_TOP_OBSERVE,nan,nan,nan,nan,0.000000
-0.550000,0.700000,10.000000,0,PLAN_TOP_OBSERVE,nan,nan,nan,nan,0.000000
-0.550000,0.700000,20.000000,0,PLAN_TOP_OBSERVE,nan,nan,nan,nan,0.000000
-0.550000,0.700000,30.000000,0,PLAN_TOP_OBSERVE,nan,nan,nan,nan,0.000000
-0.550000,0.700000,40.000000,0,PLAN_TOP_OBSERVE,nan,nan,nan,nan,0.000000
-0.550000,0.700000,50.000000,0,PLAN_TOP_OBSERVE,nan,nan,nan,nan,0.000000
-0.550000,0.700000,60.000000,0,PLAN_TOP_OBSERVE,nan,nan,nan,nan,0.000000
-0.550000,0.700000,70.000000,0,PLAN_TOP_OBSERVE,nan,nan,nan,nan,0.000000
-0.550000,0.700000,80.000000,0,PLAN_TOP_OBSERVE,nan,nan,nan,nan,0.000000
-0.500000,0.700000,0.000000,0,PLAN_TOP_OBSERVE,nan,nan,nan,nan,0.000000
-0.500000,0.700000,10.000000,0,PLAN_TOP_OBSERVE,nan,nan,nan,nan,0.000000
-0.500000,0.700000,20.000000,0,PLAN_TOP_OBSERVE,nan,nan,nan,nan,0.000000
-0.500000,0.700000,30.000000,0,PLAN_TOP_OBSERVE,nan,nan,nan,nan,0.000000
-0.500000,0.700000,40.000000,0,PLAN_TOP_OBSERVE,nan,nan,nan,nan,0.000000
-0.500000,0.700000,50.000000,0,PLAN_TOP_OBSERVE,nan,nan,nan,nan,0.000000
-0.500000,0.700000,60.000000,0,PLAN_TOP_OBSERVE,nan,nan,nan,nan,0.000000
-0.500000,0.700000,70.000000,0,PLAN_TOP_OBSERVE,nan,nan,nan,nan,0.000000
-0.500000,0.700000,80.000000,0,PLAN_TOP_OBSERVE,nan,nan,nan,nan,0.000000
-0.450000,0.700000,0.000000,0,PLAN_TOP_OBSERVE,nan,nan,nan,nan,0.000000
-0.450000,0.700000,10.000000,0,PLAN_TOP_OBSERVE,nan,nan,nan,nan,0.000000
-0.450000,0.700000,20.000000,0,PLAN_TOP_OBSERVE,nan,nan,nan,nan,0.000000
-0.450000,0.700000,30.000000,0,PLAN_TOP_OBSERVE,nan,nan,nan,nan,0.000000
-0.450000,0.700000,40.000000,0,PLAN_TOP_OBSERVE,nan,nan,nan,nan,0.000000
-0.450000,0.700000,50.000000,0,PLAN_TOP_OBSERVE,nan,nan,nan,nan,0.000000
-0.450000,0.700000,60.000000,0,PLAN_TOP_OBSERVE,nan,nan,nan,nan,0.000000
-0.450000,0.700000,70.000000,0,PLAN_TOP_OBSERVE,nan,nan,nan,nan,0.000000
-0.450000,0.700000,80.000000,0,PLAN_TOP_OBSERVE,nan,nan,nan,nan,0.000000
-0.400000,0.700000,0.000000,0,PLAN_TOP_OBSERVE,nan,nan,nan,nan,0.000000
-0.400000,0.700000,10.000000,0,PLAN_TOP_OBSERVE,nan,nan,nan,nan,0.000000
-0.400000,0.700000,20.000000,0,PLAN_TOP_OBSERVE,nan,nan,nan,nan,0.000000
-0.400000,0.700000,30.000000,0,PLAN_TOP_OBSERVE,nan,nan,nan,nan,0.000000
-0.400000,0.700000,40.000000,0,PLAN_TOP_OBSERVE,nan,nan,nan,nan,0.000000
-0.400000,0.700000,50.000000,0,PLAN_TOP_OBSERVE,nan,nan,nan,nan,0.000000
-0.400000,0.700000,60.000000,0,PLAN_TOP_OBSERVE,nan,nan,nan,nan,0.000000
-0.400000,0.700000,70.000000,0,PLAN_TOP_OBSERVE,nan,nan,nan,nan,0.000000
-0.400000,0.700000,80.000000,0,PLAN_TOP_OBSERVE,nan,nan,nan,nan,0.000000
-0.350000,0.700000,0.000000,0,PLAN_TOP_OBSERVE,nan,nan,nan,nan,0.000000
-0.350000,0.700000,10.000000,0,PLAN_TOP_OBSERVE,nan,nan,nan,nan,0.000000
-0.350000,0.700000,20.000000,0,PLAN_TOP_OBSERVE,nan,nan,nan,nan,0.000000
-0.350000,0.700000,30.000000,0,PLAN_TOP_OBSERVE,nan,nan,nan,nan,0.000000
-0.350000,0.700000,40.000000,0,PLAN_TOP_OBSERVE,nan,nan,nan,nan,0.000000
-0.350000,0.700000,50.000000,0,PLAN_TOP_OBSERVE,nan,nan,nan,nan,0.000000
-0.350000,0.700000,60.000000,0,PLAN_TOP_OBSERVE,nan,nan,nan,nan,0.000000
-0.350000,0.700000,70.000000,0,PLAN_TOP_OBSERVE,nan,nan,nan,nan,0.000000
-0.350000,0.700000,80.000000,0,PLAN_TOP_OBSERVE,nan,nan,nan,nan,0.000000
-0.300000,0.700000,0.000000,0,PLAN_TOP_OBSERVE,nan,nan,nan,nan,0.000000
-0.300000,0.700000,10.000000,0,PLAN_TOP_OBSERVE,nan,nan,nan,nan,0.000000
-0.300000,0.700000,20.000000,0,PLAN_TOP_OBSERVE,nan,nan,nan,nan,0.000000
-0.300000,0.700000,30.000000,0,PLAN_TOP_OBSERVE,nan,nan,nan,nan,0.000000
-0.300000,0.700000,40.000000,0,PLAN_TOP_OBSERVE,nan,nan,nan,nan,0.000000
-0.300000,0.700000,50.000000,0,PLAN_TOP_OBSERVE,nan,nan,nan,nan,0.000000
-0.300000,0.700000,60.000000,0,PLAN_TOP_OBSERVE,nan,nan,nan,nan,0.000000
-0.300000,0.700000,70.000000,0,PLAN_TOP_OBSERVE,nan,nan,nan,nan,0.000000
-0.300000,0.700000,80.000000,0,PLAN_TOP_OBSERVE,nan,nan,nan,nan,0.000000
-0.250000,0.700000,0.000000,0,PLAN_TOP_OBSERVE,nan,nan,nan,nan,0.000000
-0.250000,0.700000,10.000000,0,PLAN_TOP_OBSERVE,nan,nan,nan,nan,0.000000
-0.250000,0.700000,20.000000,0,PLAN_TOP_OBSERVE,nan,nan,nan,nan,0.000000
-0.250000,0.700000,30.000000,0,PLAN_TOP_OBSERVE,nan,nan,nan,nan,0.000000
-0.250000,0.700000,40.000000,0,PLAN_TOP_OBSERVE,nan,nan,nan,nan,0.000000
-0.250000,0.700000,50.000000,0,PLAN_TOP_OBSERVE,nan,nan,nan,nan,0.000000
-0.250000,0.700000,60.000000,0,PLAN_TOP_OBSERVE,nan,nan,nan,nan,0.000000
-0.250000,0.700000,70.000000,0,PLAN_TOP_OBSERVE,nan,nan,nan,nan,0.000000
-0.250000,0.700000,80.000000,0,PLAN_TOP_OBSERVE,nan,nan,nan,nan,0.000000
-0.200000,0.700000,0.000000,0,PLAN_TOP_OBSERVE,nan,nan,nan,nan,0.000000
-0.200000,0.700000,10.000000,0,PLAN_TOP_OBSERVE,nan,nan,nan,nan,0.000000
-0.200000,0.700000,20.000000,0,PLAN_TOP_OBSERVE,nan,nan,nan,nan,0.000000
-0.200000,0.700000,30.000000,0,PLAN_TOP_OBSERVE,nan,nan,nan,nan,0.000000
-0.200000,0.700000,40.000000,0,PLAN_TOP_OBSERVE,nan,nan,nan,nan,0.000000
-0.200000,0.700000,50.000000,0,PLAN_TOP_OBSERVE,nan,nan,nan,nan,0.000000
-0.200000,0.700000,60.000000,0,PLAN_TOP_OBSERVE,nan,nan,nan,nan,0.000000
-0.200000,0.700000,70.000000,0,PLAN_TOP_OBSERVE,nan,nan,nan,nan,0.000000
-0.200000,0.700000,80.000000,0,PLAN_TOP_OBSERVE,nan,nan,nan,nan,0.000000
-0.150000,0.700000,0.000000,0,PLAN_TOP_OBSERVE,nan,nan,nan,nan,0.000000
-0.150000,0.700000,10.000000,0,PLAN_TOP_OBSERVE,nan,nan,nan,nan,0.000000
-0.150000,0.700000,20.000000,0,PLAN_TOP_OBSERVE,nan,nan,nan,nan,0.000000
-0.150000,0.700000,30.000000,0,PLAN_TOP_OBSERVE,nan,nan,nan,nan,0.000000
-0.150000,0.700000,40.000000,0,PLAN_TOP_OBSERVE,nan,nan,nan,nan,0.000000
-0.150000,0.700000,50.000000,0,PLAN_TOP_OBSERVE,nan,nan,nan,nan,0.000000
-0.150000,0.700000,60.000000,0,PLAN_TOP_OBSERVE,nan,nan,nan,nan,0.000000
-0.150000,0.700000,70.000000,0,PLAN_TOP_OBSERVE,nan,nan,nan,nan,0.000000
-0.150000,0.700000,80.000000,0,PLAN_TOP_OBSERVE,nan,nan,nan,nan,0.000000
-0.100000,0.700000,0.000000,0,PLAN_TOP_OBSERVE,nan,nan,nan,nan,0.000000
-0.100000,0.700000,10.000000,0,PLAN_TOP_OBSERVE,nan,nan,nan,nan,0.000000
-0.100000,0.700000,20.000000,0,PLAN_TOP_OBSERVE,nan,nan,nan,nan,0.000000
-0.100000,0.700000,30.000000,0,PLAN_TOP_OBSERVE,nan,nan,nan,nan,0.000000
-0.100000,0.700000,40.000000,0,PLAN_TOP_OBSERVE,nan,nan,nan,nan,0.000000
-0.100000,0.700000,50.000000,0,PLAN_TOP_OBSERVE,nan,nan,nan,nan,0.000000
-0.100000,0.700000,60.000000,0,PLAN_TOP_OBSERVE,nan,nan,nan,nan,0.000000
-0.100000,0.700000,70.000000,0,PLAN_TOP_OBSERVE,nan,nan,nan,nan,0.000000
-0.100000,0.700000,80.000000,0,PLAN_TOP_OBSERVE,nan,nan,nan,nan,0.000000
-0.050000,0.700000,0.000000,0,PLAN_TOP_OBSERVE,nan,nan,nan,nan,0.000000
-0.050000,0.700000,10.000000,0,PLAN_TOP_OBSERVE,nan,nan,nan,nan,0.000000
-0.050000,0.700000,20.000000,0,PLAN_TOP_OBSERVE,nan,nan,nan,nan,0.000000
-0.050000,0.700000,30.000000,0,PLAN_TOP_OBSERVE,nan,nan,nan,nan,0.000000
-0.050000,0.700000,40.000000,0,PLAN_TOP_OBSERVE,nan,nan,nan,nan,0.000000
-0.050000,0.700000,50.000000,0,PLAN_TOP_OBSERVE,nan,nan,nan,nan,0.000000
-0.050000,0.700000,60.000000,0,PLAN_TOP_OBSERVE,nan,nan,nan,nan,0.000000
-0.050000,0.700000,70.000000,0,PLAN_TOP_OBSERVE,nan,nan,nan,nan,0.000000
-0.050000,0.700000,80.000000,0,PLAN_TOP_OBSERVE,nan,nan,nan,nan,0.000000
0.000000,0.700000,0.000000,0,PLAN_TOP_OBSERVE,nan,nan,nan,nan,0.000000
0.000000,0.700000,10.000000,0,PLAN_TOP_OBSERVE,nan,nan,nan,nan,0.000000
0.000000,0.700000,20.000000,0,PLAN_TOP_OBSERVE,nan,nan,nan,nan,0.000000
0.000000,0.700000,30.000000,0,PLAN_TOP_OBSERVE,nan,nan,nan,nan,0.000000
0.000000,0.700000,40.000000,0,PLAN_TOP_OBSERVE,nan,nan,nan,nan,0.000000
0.000000,0.700000,50.000000,0,PLAN_TOP_OBSERVE,nan,nan,nan,nan,0.000000
0.000000,0.700000,60.000000,0,PLAN_TOP_OBSERVE,nan,nan,nan,nan,0.000000
0.000000,0.700000,70.000000,0,PLAN_TOP_OBSERVE,nan,nan,nan,nan,0.000000
0.000000,0.700000,80.000000,0,PLAN_TOP_OBSERVE,nan,nan,nan,nan,0.000000
0.050000,0.700000,0.000000,0,PLAN_TOP_OBSERVE,nan,nan,nan,nan,0.000000
0.050000,0.700000,10.000000,0,PLAN_TOP_OBSERVE,nan,nan,nan,nan,0.000000
0.050000,0.700000,20.000000,0,PLAN_TOP_OBSERVE,nan,nan,nan,nan,0.000000
0.050000,0.700000,30.000000,0,PLAN_TOP_OBSERVE,nan,nan,nan,nan,0.000000
0.050000,0.700000,40.000000,0,PLAN_TOP_OBSERVE,nan,nan,nan,nan,0.000000
0.050000,0.700000,50.000000,0,PLAN_TOP_OBSERVE,nan,nan,nan,nan,0.000000
0.050000,0.700000,60.000000,0,PLAN_TOP_OBSERVE,nan,nan,nan,nan,0.000000
0.050000,0.700000,70.000000,0,PLAN_TOP_OBSERVE,nan,nan,nan,nan,0.000000
0.050000,0.700000,80.000000,0,PLAN_TOP_OBSERVE,nan,nan,nan,nan,0.000000
0.100000,0.700000,0.000000,0,PLAN_TOP_OBSERVE,nan,nan,nan,nan,0.000000
0.100000,0.700000,10.000000,0,PLAN_TOP_OBSERVE,nan,nan,nan,nan,0.000000
0.100000,0.700000,20.000000,0,PLAN_TOP_OBSERVE,nan,nan,nan,nan,0.000000
0.100000,0.700000,30.000000,0,PLAN_TOP_OBSERVE,nan,nan,nan,nan,0.000000
0.100000,0.700000,40.000000,0,PLAN_TOP_OBSERVE,nan,nan,nan,nan,0.000000
0.100000,0.700000,50.000000,0,PLAN_TOP_OBSERVE,nan,nan,nan,nan,0.000000
0.100000,0.700000,60.000000,0,PLAN_TOP_OBSERVE,nan,nan,nan,nan,0.000000
0.100000,0.700000,70.000000,0,PLAN_TOP_OBSERVE,nan,nan,nan,nan,0.000000
0.100000,0.700000,80.000000,0,PLAN_TOP_OBSERVE,nan,nan,nan,nan,0.000000
0.150000,0.700000,0.000000,0,PLAN_TOP_OBSERVE,nan,nan,nan,nan,0.000000
0.150000,0.700000,10.000000,0,PLAN_TOP_OBSERVE,nan,nan,nan,nan,0.000000
0.150000,0.700000,20.000000,0,PLAN_TOP_OBSERVE,nan,nan,nan,nan,0.000000
0.150000,0.700000,30.000000,0,PLAN_TOP_OBSERVE,nan,nan,nan,nan,0.000000
0.150000,0.700000,40.000000,0,PLAN_TOP_OBSERVE,nan,nan,nan,nan,0.000000
0.150000,0.700000,50.000000,0,PLAN_TOP_OBSERVE,nan,nan,nan,nan,0.000000
0.150000,0.700000,60.000000,0,PLAN_TOP_OBSERVE,nan,nan,nan,nan,0.000000
0.150000,0.700000,70.000000,0,PLAN_TOP_OBSERVE,nan,nan,nan,nan,0.000000
0.150000,0.700000,80.000000,0,PLAN_TOP_OBSERVE,nan,nan,nan,nan,0.000000
0.200000,0.700000,0.000000,0,PLAN_TOP_OBSERVE,nan,nan,nan,nan,0.000000
0.200000,0.700000,10.000000,0,PLAN_TOP_OBSERVE,nan,nan,nan,nan,0.000000
0.200000,0.700000,20.000000,0,PLAN_TOP_OBSERVE,nan,nan,nan,nan,0.000000
0.200000,0.700000,30.000000,0,PLAN_TOP_OBSERVE,nan,nan,nan,nan,0.000000
0.200000,0.700000,40.000000,0,PLAN_TOP_OBSERVE,nan,nan,nan,nan,0.000000
0.200000,0.700000,50.000000,0,PLAN_TOP_OBSERVE,nan,nan,nan,nan,0.000000
0.200000,0.700000,60.000000,0,PLAN_TOP_OBSERVE,nan,nan,nan,nan,0.000000
0.200000,0.700000,70.000000,0,PLAN_TOP_OBSERVE,nan,nan,nan,nan,0.000000
0.200000,0.700000,80.000000,0,PLAN_TOP_OBSERVE,nan,nan,nan,nan,0.000000
0.250000,0.700000,0.000000,0,PLAN_TOP_OBSERVE,nan,nan,nan,nan,0.000000
0.250000,0.700000,10.000000,0,PLAN_TOP_OBSERVE,nan,nan,nan,nan,0.000000
0.250000,0.700000,20.000000,0,PLAN_TOP_OBSERVE,nan,nan,nan,nan,0.000000
0.250000,0.700000,30.000000,0,PLAN_TOP_OBSERVE,nan,nan,nan,nan,0.000000
0.250000,0.700000,40.000000,0,PLAN_TOP_OBSERVE,nan,nan,nan,nan,0.000000
0.250000,0.700000,50.000000,0,PLAN_TOP_OBSERVE,nan,nan,nan,nan,0.000000
0.250000,0.700000,60.000000,0,PLAN_TOP_OBSERVE,nan,nan,nan,nan,0.000000
0.250000,0.700000,70.000000,0,PLAN_TOP_OBSERVE,nan,nan,nan,nan,0.000000
0.250000,0.700000,80.000000,0,PLAN_TOP_OBSERVE,nan,nan,nan,nan,0.000000
0.300000,0.700000,0.000000,0,PLAN_TOP_OBSERVE,nan,nan,nan,nan,0.000000
0.300000,0.700000,10.000000,0,PLAN_TOP_OBSERVE,nan,nan,nan,nan,0.000000
0.300000,0.700000,20.000000,0,PLAN_TOP_OBSERVE,nan,nan,nan,nan,0.000000
0.300000,0.700000,30.000000,0,PLAN_TOP_OBSERVE,nan,nan,nan,nan,0.000000
0.300000,0.700000,40.000000,0,PLAN_TOP_OBSERVE,nan,nan,nan,nan,0.000000
0.300000,0.700000,50.000000,0,PLAN_TOP_OBSERVE,nan,nan,nan,nan,0.000000
0.300000,0.700000,60.000000,0,PLAN_TOP_OBSERVE,nan,nan,nan,nan,0.000000
0.300000,0.700000,70.000000,0,PLAN_TOP_OBSERVE,nan,nan,nan,nan,0.000000
0.300000,0.700000,80.000000,0,PLAN_TOP_OBSERVE,nan,nan,nan,nan,0.000000
0.350000,0.700000,0.000000,0,PLAN_TOP_OBSERVE,nan,nan,nan,nan,0.000000
0.350000,0.700000,10.000000,0,PLAN_TOP_OBSERVE,nan,nan,nan,nan,0.000000
0.350000,0.700000,20.000000,0,PLAN_TOP_OBSERVE,nan,nan,nan,nan,0.000000
0.350000,0.700000,30.000000,0,PLAN_TOP_OBSERVE,nan,nan,nan,nan,0.000000
0.350000,0.700000,40.000000,0,PLAN_TOP_OBSERVE,nan,nan,nan,nan,0.000000
0.350000,0.700000,50.000000,0,PLAN_TOP_OBSERVE,nan,nan,nan,nan,0.000000
0.350000,0.700000,60.000000,0,PLAN_TOP_OBSERVE,nan,nan,nan,nan,0.000000
0.350000,0.700000,70.000000,0,PLAN_TOP_OBSERVE,nan,nan,nan,nan,0.000000
0.350000,0.700000,80.000000,0,PLAN_TOP_OBSERVE,nan,nan,nan,nan,0.000000
0.400000,0.700000,0.000000,0,PLAN_TOP_OBSERVE,nan,nan,nan,nan,0.000000
0.400000,0.700000,10.000000,0,PLAN_TOP_OBSERVE,nan,nan,nan,nan,0.000000
0.400000,0.700000,20.000000,0,PLAN_TOP_OBSERVE,nan,nan,nan,nan,0.000000
0.400000,0.700000,30.000000,0,PLAN_TOP_OBSERVE,nan,nan,nan,nan,0.000000
0.400000,0.700000,40.000000,0,PLAN_TOP_OBSERVE,nan,nan,nan,nan,0.000000
0.400000,0.700000,50.000000,0,PLAN_TOP_OBSERVE,nan,nan,nan,nan,0.000000
0.400000,0.700000,60.000000,0,PLAN_TOP_OBSERVE,nan,nan,nan,nan,0.000000
0.400000,0.700000,70.000000,0,PLAN_TOP_OBSERVE,nan,nan,nan,nan,0.000000
0.400000,0.700000,80.000000,0,PLAN_TOP_OBSERVE,nan,nan,nan,nan,0.000000
0.450000,0.700000,0.000000,0,PLAN_TOP_OBSERVE,nan,nan,nan,nan,0.000000
0.450000,0.700000,10.000000,0,PLAN_TOP_OBSERVE,nan,nan,nan,nan,0.000000
0.450000,0.700000,20.000000,0,PLAN_TOP_OBSERVE,nan,nan,nan,nan,0.000000
0.450000,0.700000,30.000000,0,PLAN_TOP_OBSERVE,nan,nan,nan,nan,0.000000
0.450000,0.700000,40.000000,0,PLAN_TOP_OBSERVE,nan,nan,nan,nan,0.000000
0.450000,0.700000,50.000000,0,PLAN_TOP_OBSERVE,nan,nan,nan,nan,0.000000
0.450000,0.700000,60.000000,0,PLAN_TOP_OBSERVE,nan,nan,nan,nan,0.000000
0.450000,0.700000,70.000000,0,PLAN_TOP_OBSERVE,nan,nan,nan,nan,0.000000
0.450000,0.700000,80.000000,0,PLAN_TOP_OBSERVE,nan,nan,nan,nan,0.000000
0.500000,0.700000,0.000000,0,PLAN_TOP_OBSERVE,nan,nan,nan,nan,0.000000
0.500000,0.700000,10.000000,0,PLAN_TOP_OBSERVE,nan,nan,nan,nan,0.000000
0.500000,0.700000,20.000000,0,PLAN_TOP_OBSERVE,nan,nan,nan,nan,0.000000
0.500000,0.700000,30.000000,0,PLAN_TOP_OBSERVE,nan,nan,nan,nan,0.000000
0.500000,0.700000,40.000000,0,PLAN_TOP_OBSERVE,nan,nan,nan,nan,0.000000
0.500000,0.700000,50.000000,0,PLAN_TOP_OBSERVE,nan,nan,nan,nan,0.000000
0.500000,0.700000,60.000000,0,PLAN_TOP_OBSERVE,nan,nan,nan,nan,0.000000
0.500000,0.700000,70.000000,0,PLAN_TOP_OBSERVE,nan,nan,nan,nan,0.000000
0.500000,0.700000,80.000000,0,PLAN_TOP_OBSERVE,nan,nan,nan,nan,0.000000
0.550000,0.700000,0.000000,0,PLAN_TOP_OBSERVE,nan,nan,nan,nan,0.000000
0.550000,0.700000,10.000000,0,PLAN_TOP_OBSERVE,nan,nan,nan,nan,0.000000
0.550000,0.700000,20.000000,0,PLAN_TOP_OBSERVE,nan,nan,nan,nan,0.000000
0.550000,0.700000,30.000000,0,PLAN_TOP_OBSERVE,nan,nan,nan,nan,0.000000
0.550000,0.700000,40.000000,0,PLAN_TOP_OBSERVE,nan,nan,nan,nan,0.000000
0.550000,0.700000,50.000000,0,PLAN_TOP_OBSERVE,nan,nan,nan,nan,0.000000
0.550000,0.700000,60.000000,0,PLAN_TOP_OBSERVE,nan,nan,nan,nan,0.000000
0.550000,0.700000,70.000000,0,PLAN_TOP_OBSERVE,nan,nan,nan,nan,0.000000
0.550000,0.700000,80.000000,0,PLAN_TOP_OBSERVE,nan,nan,nan,nan,0.000000
0.600000,0.700000,0.000000,0,PLAN_TOP_OBSERVE,nan,nan,nan,nan,0.000000
0.600000,0.700000,10.000000,0,PLAN_TOP_OBSERVE,nan,nan,nan,nan,0.000000
0.600000,0.700000,20.000000,0,PLAN_TOP_OBSERVE,nan,nan,nan,nan,0.000000
0.600000,0.700000,30.000000,0,PLAN_TOP_OBSERVE,nan,nan,nan,nan,0.000000
0.600000,0.700000,40.000000,0,PLAN_TOP_OBSERVE,nan,nan,nan,nan,0.000000
0.600000,0.700000,50.000000,0,PLAN_TOP_OBSERVE,nan,nan,nan,nan,0.000000
0.600000,0.700000,60.000000,0,PLAN_TOP_OBSERVE,nan,nan,nan,nan,0.000000
0.600000,0.700000,70.000000,0,PLAN_TOP_OBSERVE,nan,nan,nan,nan,0.000000
0.600000,0.700000,80.000000,0,PLAN_TOP_OBSERVE,nan,nan,nan,nan,0.000000
0.650000,0.700000,0.000000,0,PLAN_TOP_OBSERVE,nan,nan,nan,nan,0.000000
0.650000,0.700000,10.000000,0,PLAN_TOP_OBSERVE,nan,nan,nan,nan,0.000000
0.650000,0.700000,20.000000,0,PLAN_TOP_OBSERVE,nan,nan,nan,nan,0.000000
0.650000,0.700000,30.000000,0,PLAN_TOP_OBSERVE,nan,nan,nan,nan,0.000000
0.650000,0.700000,40.000000,0,PLAN_TOP_OBSERVE,nan,nan,nan,nan,0.000000
0.650000,0.700000,50.000000,0,PLAN_TOP_OBSERVE,nan,nan,nan,nan,0.000000
0.650000,0.700000,60.000000,0,PLAN_TOP_OBSERVE,nan,nan,nan,nan,0.000000
0.650000,0.700000,70.000000,0,PLAN_TOP_OBSERVE,nan,nan,nan,nan,0.000000
0.650000,0.700000,80.000000,0,PLAN_TOP_OBSERVE,nan,nan,nan,nan,0.000000
0.700000,0.700000,0.000000,0,PLAN_TOP_OBSERVE,nan,nan,nan,nan,0.000000
0.700000,0.700000,10.000000,0,PLAN_TOP_OBSERVE,nan,nan,nan,nan,0.000000
0.700000,0.700000,20.000000,0,PLAN_TOP_OBSERVE,nan,nan,nan,nan,0.000000
0.700000,0.700000,30.000000,0,PLAN_TOP_OBSERVE,nan,nan,nan,nan,0.000000
0.700000,0.700000,40.000000,0,PLAN_TOP_OBSERVE,nan,nan,nan,nan,0.000000
0.700000,0.700000,50.000000,0,PLAN_TOP_OBSERVE,nan,nan,nan,nan,0.000000
0.700000,0.700000,60.000000,0,PLAN_TOP_OBSERVE,nan,nan,nan,nan,0.000000
0.700000,0.700000,70.000000,0,PLAN_TOP_OBSERVE,nan,nan,nan,nan,0.000000
0.700000,0.700000,80.000000,0,PLAN_TOP_OBSERVE,nan,nan,nan,nan,0.000000
